--*********************************************
--LOCATIONS
--*********************************************
INSERT INTO LOCATIONS (DESCRIPTION, COUNTRY, ID, CITY) VALUES ('Большая набережная 145', 'Греция', '1', 'Верия');
INSERT INTO LOCATIONS (DESCRIPTION, COUNTRY, ID, CITY) VALUES ('Большая набережная 26', 'Россия', '2', 'Симферополь');
INSERT INTO LOCATIONS (DESCRIPTION, COUNTRY, ID, CITY) VALUES ('Городская площадь 179', 'Мальдивы', '3', 'Дидду');
INSERT INTO LOCATIONS (DESCRIPTION, COUNTRY, ID, CITY) VALUES ('Престижная улица190', 'Франция', '4', 'Париж');
INSERT INTO LOCATIONS (DESCRIPTION, COUNTRY, ID, CITY) VALUES ('Полицейская улица 73', 'Франция', '5', 'Марсель');
INSERT INTO LOCATIONS (DESCRIPTION, COUNTRY, ID, CITY) VALUES ('Престижная улица95', 'Франция', '6', 'Тулон');
INSERT INTO LOCATIONS (DESCRIPTION, COUNTRY, ID, CITY) VALUES ('Престижная улица197', 'Соединенное Королевство', '7', 'Чичестер');
INSERT INTO LOCATIONS (DESCRIPTION, COUNTRY, ID, CITY) VALUES ('Полицейская улица 151', 'Индия', '8', 'Хубли');
INSERT INTO LOCATIONS (DESCRIPTION, COUNTRY, ID, CITY) VALUES ('2я линия 59', 'Турция', '9', 'Измир');
INSERT INTO LOCATIONS (DESCRIPTION, COUNTRY, ID, CITY) VALUES ('Парковая аллея 53', 'Италия', '10', 'Пьемонт');
INSERT INTO LOCATIONS (DESCRIPTION, COUNTRY, ID, CITY) VALUES ('Большая набережная 63', 'Соединенное Королевство', '11', 'Линкольн');
INSERT INTO LOCATIONS (DESCRIPTION, COUNTRY, ID, CITY) VALUES ('Большая набережная 21', 'Соединенное Королевство', '12', 'Лондон');
INSERT INTO LOCATIONS (DESCRIPTION, COUNTRY, ID, CITY) VALUES ('Центральная улица 142', 'Россия', '13', 'Орел');
INSERT INTO LOCATIONS (DESCRIPTION, COUNTRY, ID, CITY) VALUES ('Красная улица 186', 'Австралия', '14', 'Олбери');
INSERT INTO LOCATIONS (DESCRIPTION, COUNTRY, ID, CITY) VALUES ('Красная улица 25', 'Соединенное Королевство', '15', 'Ливерпуль');
INSERT INTO LOCATIONS (DESCRIPTION, COUNTRY, ID, CITY) VALUES ('Парковая аллея 181', 'Россия', '16', 'Новороссийск');
INSERT INTO LOCATIONS (DESCRIPTION, COUNTRY, ID, CITY) VALUES ('Красная улица 75', 'Франция', '17', 'Бордо');
INSERT INTO LOCATIONS (DESCRIPTION, COUNTRY, ID, CITY) VALUES ('2я линия 79', 'Италия', '18', 'Тоскана');
INSERT INTO LOCATIONS (DESCRIPTION, COUNTRY, ID, CITY) VALUES ('Престижная улица159', 'Соединенное Королевство', '19', 'Лидс');
INSERT INTO LOCATIONS (DESCRIPTION, COUNTRY, ID, CITY) VALUES ('Престижная улица154', 'Мальдивы', '20', 'Хитхадхоо');
INSERT INTO LOCATIONS (DESCRIPTION, COUNTRY, ID, CITY) VALUES ('Полицейская улица 111', 'Индия', '21', 'Ваданара');
INSERT INTO LOCATIONS (DESCRIPTION, COUNTRY, ID, CITY) VALUES ('Школьный проспект8', 'Индия', '22', 'Индаур');
INSERT INTO LOCATIONS (DESCRIPTION, COUNTRY, ID, CITY) VALUES ('Музыкальная улица 215', 'Индия', '23', 'Хубли');
INSERT INTO LOCATIONS (DESCRIPTION, COUNTRY, ID, CITY) VALUES ('Городская площадь 139', 'Турция', '24', 'Шанлыурфа');
INSERT INTO LOCATIONS (DESCRIPTION, COUNTRY, ID, CITY) VALUES ('Музыкальная улица 15', 'Италия', '25', 'Пьемонт');
INSERT INTO LOCATIONS (DESCRIPTION, COUNTRY, ID, CITY) VALUES ('Парковая аллея 18', 'Мальдивы', '26', 'Фонадхоо');
INSERT INTO LOCATIONS (DESCRIPTION, COUNTRY, ID, CITY) VALUES ('1я линия 8', 'Турция', '27', 'Диярбакыр');
INSERT INTO LOCATIONS (DESCRIPTION, COUNTRY, ID, CITY) VALUES ('Главная улица 230', 'Турция', '28', 'Чорум');
INSERT INTO LOCATIONS (DESCRIPTION, COUNTRY, ID, CITY) VALUES ('Школьный проспект78', 'Греция', '29', 'Драма');
INSERT INTO LOCATIONS (DESCRIPTION, COUNTRY, ID, CITY) VALUES ('Большая набережная 136', 'Франция', '30', 'Орлеан');
INSERT INTO LOCATIONS (DESCRIPTION, COUNTRY, ID, CITY) VALUES ('Большая набережная 193', 'Австралия', '31', 'Олбери');
INSERT INTO LOCATIONS (DESCRIPTION, COUNTRY, ID, CITY) VALUES ('Городская площадь 94', 'Мальдивы', '32', 'Фулидхоо');
INSERT INTO LOCATIONS (DESCRIPTION, COUNTRY, ID, CITY) VALUES ('Красная улица 187', 'Россия', '33', 'Керчь');
INSERT INTO LOCATIONS (DESCRIPTION, COUNTRY, ID, CITY) VALUES ('Большая набережная 241', 'Греция', '34', 'Ираклион');
INSERT INTO LOCATIONS (DESCRIPTION, COUNTRY, ID, CITY) VALUES ('2я линия 212', 'Франция', '35', 'Реймс');
INSERT INTO LOCATIONS (DESCRIPTION, COUNTRY, ID, CITY) VALUES ('Престижная улица89', 'Россия', '36', 'Владивосток');
INSERT INTO LOCATIONS (DESCRIPTION, COUNTRY, ID, CITY) VALUES ('Центральная улица 99', 'Франция', '37', 'Ним');
INSERT INTO LOCATIONS (DESCRIPTION, COUNTRY, ID, CITY) VALUES ('Городская площадь 1', 'Италия', '38', 'Тоскана');
INSERT INTO LOCATIONS (DESCRIPTION, COUNTRY, ID, CITY) VALUES ('Школьный проспект63', 'Италия', '39', 'Кампания');
INSERT INTO LOCATIONS (DESCRIPTION, COUNTRY, ID, CITY) VALUES ('Большая набережная 212', 'Австралия', '40', 'Канберра');
INSERT INTO LOCATIONS (DESCRIPTION, COUNTRY, ID, CITY) VALUES ('Большая набережная 186', 'Мальдивы', '41', 'Эйдхафуши');
INSERT INTO LOCATIONS (DESCRIPTION, COUNTRY, ID, CITY) VALUES ('Полицейская улица 250', 'Греция', '42', 'Калламария');
INSERT INTO LOCATIONS (DESCRIPTION, COUNTRY, ID, CITY) VALUES ('Полицейская улица 165', 'Соединенное Королевство', '43', 'Бристоль');
INSERT INTO LOCATIONS (DESCRIPTION, COUNTRY, ID, CITY) VALUES ('1я линия 236', 'Россия', '44', 'Севастополь');
INSERT INTO LOCATIONS (DESCRIPTION, COUNTRY, ID, CITY) VALUES ('Красная улица 53', 'Мальдивы', '45', 'Кулхудуффуши');
INSERT INTO LOCATIONS (DESCRIPTION, COUNTRY, ID, CITY) VALUES ('Центральная улица 243', 'Индия', '46', 'Ваданара');
INSERT INTO LOCATIONS (DESCRIPTION, COUNTRY, ID, CITY) VALUES ('Большая набережная 241', 'Турция', '47', 'Анталья');
INSERT INTO LOCATIONS (DESCRIPTION, COUNTRY, ID, CITY) VALUES ('Красная улица 164', 'Соединенное Королевство', '48', 'Лидс');
INSERT INTO LOCATIONS (DESCRIPTION, COUNTRY, ID, CITY) VALUES ('Полицейская улица 246', 'Мальдивы', '49', 'Вейманду');
INSERT INTO LOCATIONS (DESCRIPTION, COUNTRY, ID, CITY) VALUES ('Музыкальная улица 91', 'Австралия', '50', 'Джелонг');
INSERT INTO LOCATIONS (DESCRIPTION, COUNTRY, ID, CITY) VALUES ('Школьный проспект64', 'Индия', '51', 'Индаур');
INSERT INTO LOCATIONS (DESCRIPTION, COUNTRY, ID, CITY) VALUES ('Музыкальная улица 11', 'Италия', '52', 'Тоскана');
INSERT INTO LOCATIONS (DESCRIPTION, COUNTRY, ID, CITY) VALUES ('1я линия 148', 'Россия', '53', 'Орел');
INSERT INTO LOCATIONS (DESCRIPTION, COUNTRY, ID, CITY) VALUES ('Центральная улица 200', 'Мальдивы', '54', 'Эйдхафуши');
INSERT INTO LOCATIONS (DESCRIPTION, COUNTRY, ID, CITY) VALUES ('Полицейская улица 164', 'Австралия', '55', 'Даббо');
INSERT INTO LOCATIONS (DESCRIPTION, COUNTRY, ID, CITY) VALUES ('Престижная улица93', 'Россия', '56', 'Санкт-Петербург');
INSERT INTO LOCATIONS (DESCRIPTION, COUNTRY, ID, CITY) VALUES ('Красная улица 99', 'Соединенное Королевство', '57', 'Честер');
INSERT INTO LOCATIONS (DESCRIPTION, COUNTRY, ID, CITY) VALUES ('Красная улица 9', 'Греция', '58', 'Захаро');
INSERT INTO LOCATIONS (DESCRIPTION, COUNTRY, ID, CITY) VALUES ('Красная улица 91', 'Турция', '59', 'Бурса');
INSERT INTO LOCATIONS (DESCRIPTION, COUNTRY, ID, CITY) VALUES ('Престижная улица189', 'Греция', '60', 'Пирей');
INSERT INTO LOCATIONS (DESCRIPTION, COUNTRY, ID, CITY) VALUES ('Красная улица 178', 'Греция', '61', 'Драма');
INSERT INTO LOCATIONS (DESCRIPTION, COUNTRY, ID, CITY) VALUES ('Музыкальная улица 20', 'Россия', '62', 'Севастополь');
INSERT INTO LOCATIONS (DESCRIPTION, COUNTRY, ID, CITY) VALUES ('Городская площадь 107', 'Мальдивы', '63', 'Манаду');
INSERT INTO LOCATIONS (DESCRIPTION, COUNTRY, ID, CITY) VALUES ('Музыкальная улица 188', 'Соединенное Королевство', '64', 'Линкольн');
INSERT INTO LOCATIONS (DESCRIPTION, COUNTRY, ID, CITY) VALUES ('Красная улица 191', 'Греция', '65', 'Драма');
INSERT INTO LOCATIONS (DESCRIPTION, COUNTRY, ID, CITY) VALUES ('Большая набережная 47', 'Мальдивы', '66', 'Эйдхафуши');
INSERT INTO LOCATIONS (DESCRIPTION, COUNTRY, ID, CITY) VALUES ('2я линия 154', 'Индия', '67', 'Аллахабад');
INSERT INTO LOCATIONS (DESCRIPTION, COUNTRY, ID, CITY) VALUES ('Парковая аллея 59', 'Индия', '68', 'Чидамбарам');
INSERT INTO LOCATIONS (DESCRIPTION, COUNTRY, ID, CITY) VALUES ('2я линия 50', 'Греция', '69', 'Никея');
INSERT INTO LOCATIONS (DESCRIPTION, COUNTRY, ID, CITY) VALUES ('Городская площадь 220', 'Греция', '70', 'Салоники');
INSERT INTO LOCATIONS (DESCRIPTION, COUNTRY, ID, CITY) VALUES ('1я линия 33', 'Индия', '71', 'Катака');
INSERT INTO LOCATIONS (DESCRIPTION, COUNTRY, ID, CITY) VALUES ('Полицейская улица 37', 'Соединенное Королевство', '72', 'Дарем');
INSERT INTO LOCATIONS (DESCRIPTION, COUNTRY, ID, CITY) VALUES ('Школьный проспект85', 'Мальдивы', '73', 'Мале');
INSERT INTO LOCATIONS (DESCRIPTION, COUNTRY, ID, CITY) VALUES ('Школьный проспект133', 'Мальдивы', '74', 'Ган');
INSERT INTO LOCATIONS (DESCRIPTION, COUNTRY, ID, CITY) VALUES ('2я линия 40', 'Греция', '75', 'Амфиса');
INSERT INTO LOCATIONS (DESCRIPTION, COUNTRY, ID, CITY) VALUES ('2я линия 127', 'Индия', '76', 'Солапур');
INSERT INTO LOCATIONS (DESCRIPTION, COUNTRY, ID, CITY) VALUES ('Главная улица 230', 'Греция', '77', 'Захаро');
INSERT INTO LOCATIONS (DESCRIPTION, COUNTRY, ID, CITY) VALUES ('Школьный проспект104', 'Франция', '78', 'Антиб');
INSERT INTO LOCATIONS (DESCRIPTION, COUNTRY, ID, CITY) VALUES ('Большая набережная 66', 'Франция', '79', 'Тулуза');
INSERT INTO LOCATIONS (DESCRIPTION, COUNTRY, ID, CITY) VALUES ('Школьный проспект62', 'Франция', '80', 'Ним');
INSERT INTO LOCATIONS (DESCRIPTION, COUNTRY, ID, CITY) VALUES ('2я линия 123', 'Австралия', '81', 'Сидней');
INSERT INTO LOCATIONS (DESCRIPTION, COUNTRY, ID, CITY) VALUES ('Центральная улица 18', 'Греция', '82', 'Лариса');
INSERT INTO LOCATIONS (DESCRIPTION, COUNTRY, ID, CITY) VALUES ('Центральная улица 153', 'Соединенное Королевство', '83', 'Кембридж');
INSERT INTO LOCATIONS (DESCRIPTION, COUNTRY, ID, CITY) VALUES ('Парковая аллея 28', 'Франция', '84', 'Нант');
INSERT INTO LOCATIONS (DESCRIPTION, COUNTRY, ID, CITY) VALUES ('Городская площадь 142', 'Турция', '85', 'Самсун');
INSERT INTO LOCATIONS (DESCRIPTION, COUNTRY, ID, CITY) VALUES ('Красная улица 26', 'Соединенное Королевство', '86', 'Лестер');
INSERT INTO LOCATIONS (DESCRIPTION, COUNTRY, ID, CITY) VALUES ('Городская площадь 75', 'Индия', '87', 'Дхарамсала');
INSERT INTO LOCATIONS (DESCRIPTION, COUNTRY, ID, CITY) VALUES ('Школьный проспект201', 'Турция', '88', 'Анкара');
INSERT INTO LOCATIONS (DESCRIPTION, COUNTRY, ID, CITY) VALUES ('Престижная улица213', 'Россия', '89', 'Анапа');
INSERT INTO LOCATIONS (DESCRIPTION, COUNTRY, ID, CITY) VALUES ('Музыкальная улица 109', 'Индия', '90', 'Шимла');
INSERT INTO LOCATIONS (DESCRIPTION, COUNTRY, ID, CITY) VALUES ('2я линия 157', 'Турция', '91', 'Мерсин');
INSERT INTO LOCATIONS (DESCRIPTION, COUNTRY, ID, CITY) VALUES ('Парковая аллея 239', 'Турция', '92', 'Измир');
INSERT INTO LOCATIONS (DESCRIPTION, COUNTRY, ID, CITY) VALUES ('2я линия 99', 'Франция', '93', 'Шалон-ан-Шампань');
INSERT INTO LOCATIONS (DESCRIPTION, COUNTRY, ID, CITY) VALUES ('Школьный проспект133', 'Мальдивы', '94', 'Виллингили');
INSERT INTO LOCATIONS (DESCRIPTION, COUNTRY, ID, CITY) VALUES ('Центральная улица 29', 'Соединенное Королевство', '95', 'Ливерпуль');
INSERT INTO LOCATIONS (DESCRIPTION, COUNTRY, ID, CITY) VALUES ('Парковая аллея 75', 'Индия', '96', 'Ришикеш');
INSERT INTO LOCATIONS (DESCRIPTION, COUNTRY, ID, CITY) VALUES ('Парковая аллея 20', 'Индия', '97', 'Хайдарабад');
INSERT INTO LOCATIONS (DESCRIPTION, COUNTRY, ID, CITY) VALUES ('Красная улица 31', 'Индия', '98', 'Пуна');
INSERT INTO LOCATIONS (DESCRIPTION, COUNTRY, ID, CITY) VALUES ('2я линия 73', 'Индия', '99', 'Индаур');
INSERT INTO LOCATIONS (DESCRIPTION, COUNTRY, ID, CITY) VALUES ('Городская площадь 93', 'Австралия', '100', 'Ориндж');
INSERT INTO LOCATIONS (DESCRIPTION, COUNTRY, ID, CITY) VALUES ('Городская площадь 177', 'Франция', '101', 'Реймс');
INSERT INTO LOCATIONS (DESCRIPTION, COUNTRY, ID, CITY) VALUES ('Главная улица 230', 'Франция', '102', 'Шалон-ан-Шампань');
INSERT INTO LOCATIONS (DESCRIPTION, COUNTRY, ID, CITY) VALUES ('Это место, созданное природой и людьми, для прекрасного отдыха в живописном уголке Мира! Удобное расположение заметно выделяет его из числа других достопримечательностей города и позволяет быстро и без проблем добраться как от ближайшего аэропорта так и от ж/д вокзала', 'Греция', '103', 'Афины');
INSERT INTO LOCATIONS (DESCRIPTION, COUNTRY, ID, CITY) VALUES ('Этот город завлекает не только красотами и пейзажами, но и чудесной кухней. Ежегодно здесь бывают очень много туристов. Каждый посетитель этих незабываемых мест отсается доволен качествомобслуживания, что делает отдых просто не збываемы!', 'Турция', '104', 'Денизли');
INSERT INTO LOCATIONS (DESCRIPTION, COUNTRY, ID, CITY) VALUES ('Это место, созданное природой и людьми, для прекрасного отдыха в живописном уголке Мира! Удобное расположение заметно выделяет его из числа других достопримечательностей города и позволяет быстро и без проблем добраться как от ближайшего аэропорта так и от ж/д вокзала', 'Индия', '105', 'Дели');
INSERT INTO LOCATIONS (DESCRIPTION, COUNTRY, ID, CITY) VALUES ('Этот город завлекает не только красотами и пейзажами, но и чудесной кухней. Ежегодно здесь бывают очень много туристов. Каждый посетитель этих незабываемых мест отсается доволен качествомобслуживания, что делает отдых просто не збываемы!', 'Россия', '106', 'Грозный');
INSERT INTO LOCATIONS (DESCRIPTION, COUNTRY, ID, CITY) VALUES ('Это один из самых популярных курортов нашего турагенства. Отдыхающим нравится местный климат, пейзажи, культура и многое другое. Почувствовать все прелести этого города можно только посетив его.', 'Италия', '107', 'Сицилия');
INSERT INTO LOCATIONS (DESCRIPTION, COUNTRY, ID, CITY) VALUES ('Этот город завлекает не только красотами и пейзажами, но и чудесной кухней. Ежегодно здесь бывают очень много туристов. Каждый посетитель этих незабываемых мест отсается доволен качествомобслуживания, что делает отдых просто не збываемы!', 'Франция', '108', 'Бордо');
INSERT INTO LOCATIONS (DESCRIPTION, COUNTRY, ID, CITY) VALUES ('Этот город завлекает не только красотами и пейзажами, но и чудесной кухней. Ежегодно здесь бывают очень много туристов. Каждый посетитель этих незабываемых мест отсается доволен качествомобслуживания, что делает отдых просто не збываемы!', 'Турция', '109', 'Анталья');
INSERT INTO LOCATIONS (DESCRIPTION, COUNTRY, ID, CITY) VALUES ('Это место, созданное природой и людьми, для прекрасного отдыха в живописном уголке Мира! Удобное расположение заметно выделяет его из числа других достопримечательностей города и позволяет быстро и без проблем добраться как от ближайшего аэропорта так и от ж/д вокзала', 'Австралия', '110', 'Гриффит');
INSERT INTO LOCATIONS (DESCRIPTION, COUNTRY, ID, CITY) VALUES ('Сюда приезжают отдыхать и взрослые и дети. Это место притягивает все больше и больше туристов. Культура, история, картины, которые сотворила природа и люди не оставят никого равнодушным. Добро пожаловать!', 'Турция', '111', 'Эрзурум');
INSERT INTO LOCATIONS (DESCRIPTION, COUNTRY, ID, CITY) VALUES ('Сюда приезжают отдыхать и взрослые и дети. Это место притягивает все больше и больше туристов. Культура, история, картины, которые сотворила природа и люди не оставят никого равнодушным. Добро пожаловать!', 'Австралия', '112', 'Олбери');
INSERT INTO LOCATIONS (DESCRIPTION, COUNTRY, ID, CITY) VALUES ('Этот город завлекает не только красотами и пейзажами, но и чудесной кухней. Ежегодно здесь бывают очень много туристов. Каждый посетитель этих незабываемых мест отсается доволен качествомобслуживания, что делает отдых просто не збываемы!', 'Россия', '113', 'Симферополь');
INSERT INTO LOCATIONS (DESCRIPTION, COUNTRY, ID, CITY) VALUES ('Этот город завлекает не только красотами и пейзажами, но и чудесной кухней. Ежегодно здесь бывают очень много туристов. Каждый посетитель этих незабываемых мест отсается доволен качествомобслуживания, что делает отдых просто не збываемы!', 'Индия', '114', 'Дели');
INSERT INTO LOCATIONS (DESCRIPTION, COUNTRY, ID, CITY) VALUES ('Этот город завлекает не только красотами и пейзажами, но и чудесной кухней. Ежегодно здесь бывают очень много туристов. Каждый посетитель этих незабываемых мест отсается доволен качествомобслуживания, что делает отдых просто не збываемы!', 'Греция', '115', 'Гревена');
INSERT INTO LOCATIONS (DESCRIPTION, COUNTRY, ID, CITY) VALUES ('Это место, созданное природой и людьми, для прекрасного отдыха в живописном уголке Мира! Удобное расположение заметно выделяет его из числа других достопримечательностей города и позволяет быстро и без проблем добраться как от ближайшего аэропорта так и от ж/д вокзала', 'Греция', '116', 'Дельфы');
INSERT INTO LOCATIONS (DESCRIPTION, COUNTRY, ID, CITY) VALUES ('Этот город завлекает не только красотами и пейзажами, но и чудесной кухней. Ежегодно здесь бывают очень много туристов. Каждый посетитель этих незабываемых мест отсается доволен качествомобслуживания, что делает отдых просто не збываемы!', 'Турция', '117', 'Мерсин');
INSERT INTO LOCATIONS (DESCRIPTION, COUNTRY, ID, CITY) VALUES ('Это один из самых популярных курортов нашего турагенства. Отдыхающим нравится местный климат, пейзажи, культура и многое другое. Почувствовать все прелести этого города можно только посетив его.', 'Франция', '118', 'Антиб');
INSERT INTO LOCATIONS (DESCRIPTION, COUNTRY, ID, CITY) VALUES ('Сюда приезжают отдыхать и взрослые и дети. Это место притягивает все больше и больше туристов. Культура, история, картины, которые сотворила природа и люди не оставят никого равнодушным. Добро пожаловать!', 'Франция', '119', 'Ним');
INSERT INTO LOCATIONS (DESCRIPTION, COUNTRY, ID, CITY) VALUES ('Это место, созданное природой и людьми, для прекрасного отдыха в живописном уголке Мира! Удобное расположение заметно выделяет его из числа других достопримечательностей города и позволяет быстро и без проблем добраться как от ближайшего аэропорта так и от ж/д вокзала', 'Россия', '120', 'Владивосток');
INSERT INTO LOCATIONS (DESCRIPTION, COUNTRY, ID, CITY) VALUES ('Это место, созданное природой и людьми, для прекрасного отдыха в живописном уголке Мира! Удобное расположение заметно выделяет его из числа других достопримечательностей города и позволяет быстро и без проблем добраться как от ближайшего аэропорта так и от ж/д вокзала', 'Франция', '121', 'Руан');
INSERT INTO LOCATIONS (DESCRIPTION, COUNTRY, ID, CITY) VALUES ('Это место, созданное природой и людьми, для прекрасного отдыха в живописном уголке Мира! Удобное расположение заметно выделяет его из числа других достопримечательностей города и позволяет быстро и без проблем добраться как от ближайшего аэропорта так и от ж/д вокзала', 'Греция', '122', 'Дельфы');
INSERT INTO LOCATIONS (DESCRIPTION, COUNTRY, ID, CITY) VALUES ('Сюда приезжают отдыхать и взрослые и дети. Это место притягивает все больше и больше туристов. Культура, история, картины, которые сотворила природа и люди не оставят никого равнодушным. Добро пожаловать!', 'Мальдивы', '123', 'Унгофаару');
INSERT INTO LOCATIONS (DESCRIPTION, COUNTRY, ID, CITY) VALUES ('Это один из самых популярных курортов нашего турагенства. Отдыхающим нравится местный климат, пейзажи, культура и многое другое. Почувствовать все прелести этого города можно только посетив его.', 'Индия', '124', 'Ришикеш');
INSERT INTO LOCATIONS (DESCRIPTION, COUNTRY, ID, CITY) VALUES ('Это место, созданное природой и людьми, для прекрасного отдыха в живописном уголке Мира! Удобное расположение заметно выделяет его из числа других достопримечательностей города и позволяет быстро и без проблем добраться как от ближайшего аэропорта так и от ж/д вокзала', 'Индия', '125', 'Чидамбарам');
INSERT INTO LOCATIONS (DESCRIPTION, COUNTRY, ID, CITY) VALUES ('Сюда приезжают отдыхать и взрослые и дети. Это место притягивает все больше и больше туристов. Культура, история, картины, которые сотворила природа и люди не оставят никого равнодушным. Добро пожаловать!', 'Италия', '126', 'Генуя');
INSERT INTO LOCATIONS (DESCRIPTION, COUNTRY, ID, CITY) VALUES ('Это один из самых популярных курортов нашего турагенства. Отдыхающим нравится местный климат, пейзажи, культура и многое другое. Почувствовать все прелести этого города можно только посетив его.', 'Мальдивы', '127', 'Дидду');
INSERT INTO LOCATIONS (DESCRIPTION, COUNTRY, ID, CITY) VALUES ('Это место, созданное природой и людьми, для прекрасного отдыха в живописном уголке Мира! Удобное расположение заметно выделяет его из числа других достопримечательностей города и позволяет быстро и без проблем добраться как от ближайшего аэропорта так и от ж/д вокзала', 'Италия', '128', 'Падуя');
INSERT INTO LOCATIONS (DESCRIPTION, COUNTRY, ID, CITY) VALUES ('Это место, созданное природой и людьми, для прекрасного отдыха в живописном уголке Мира! Удобное расположение заметно выделяет его из числа других достопримечательностей города и позволяет быстро и без проблем добраться как от ближайшего аэропорта так и от ж/д вокзала', 'Россия', '129', 'Москва');
INSERT INTO LOCATIONS (DESCRIPTION, COUNTRY, ID, CITY) VALUES ('Сюда приезжают отдыхать и взрослые и дети. Это место притягивает все больше и больше туристов. Культура, история, картины, которые сотворила природа и люди не оставят никого равнодушным. Добро пожаловать!', 'Франция', '130', 'Тулон');
INSERT INTO LOCATIONS (DESCRIPTION, COUNTRY, ID, CITY) VALUES ('Это место, созданное природой и людьми, для прекрасного отдыха в живописном уголке Мира! Удобное расположение заметно выделяет его из числа других достопримечательностей города и позволяет быстро и без проблем добраться как от ближайшего аэропорта так и от ж/д вокзала', 'Россия', '131', 'Керчь');
INSERT INTO LOCATIONS (DESCRIPTION, COUNTRY, ID, CITY) VALUES ('Это место, созданное природой и людьми, для прекрасного отдыха в живописном уголке Мира! Удобное расположение заметно выделяет его из числа других достопримечательностей города и позволяет быстро и без проблем добраться как от ближайшего аэропорта так и от ж/д вокзала', 'Италия', '132', 'Неаполь');
INSERT INTO LOCATIONS (DESCRIPTION, COUNTRY, ID, CITY) VALUES ('Это место, созданное природой и людьми, для прекрасного отдыха в живописном уголке Мира! Удобное расположение заметно выделяет его из числа других достопримечательностей города и позволяет быстро и без проблем добраться как от ближайшего аэропорта так и от ж/д вокзала', 'Россия', '133', 'Махачкала');
INSERT INTO LOCATIONS (DESCRIPTION, COUNTRY, ID, CITY) VALUES ('Сюда приезжают отдыхать и взрослые и дети. Это место притягивает все больше и больше туристов. Культура, история, картины, которые сотворила природа и люди не оставят никого равнодушным. Добро пожаловать!', 'Индия', '134', 'Джайпур');
INSERT INTO LOCATIONS (DESCRIPTION, COUNTRY, ID, CITY) VALUES ('Это один из самых популярных курортов нашего турагенства. Отдыхающим нравится местный климат, пейзажи, культура и многое другое. Почувствовать все прелести этого города можно только посетив его.', 'Индия', '135', 'Сурат');
INSERT INTO LOCATIONS (DESCRIPTION, COUNTRY, ID, CITY) VALUES ('Это один из самых популярных курортов нашего турагенства. Отдыхающим нравится местный климат, пейзажи, культура и многое другое. Почувствовать все прелести этого города можно только посетив его.', 'Мальдивы', '136', 'Тхинадхоо');
INSERT INTO LOCATIONS (DESCRIPTION, COUNTRY, ID, CITY) VALUES ('Сюда приезжают отдыхать и взрослые и дети. Это место притягивает все больше и больше туристов. Культура, история, картины, которые сотворила природа и люди не оставят никого равнодушным. Добро пожаловать!', 'Греция', '137', 'Лариса');
INSERT INTO LOCATIONS (DESCRIPTION, COUNTRY, ID, CITY) VALUES ('Это место, созданное природой и людьми, для прекрасного отдыха в живописном уголке Мира! Удобное расположение заметно выделяет его из числа других достопримечательностей города и позволяет быстро и без проблем добраться как от ближайшего аэропорта так и от ж/д вокзала', 'Соединенное Королевство', '138', 'Лондон');
INSERT INTO LOCATIONS (DESCRIPTION, COUNTRY, ID, CITY) VALUES ('Сюда приезжают отдыхать и взрослые и дети. Это место притягивает все больше и больше туристов. Культура, история, картины, которые сотворила природа и люди не оставят никого равнодушным. Добро пожаловать!', 'Турция', '139', 'Стамбул');
INSERT INTO LOCATIONS (DESCRIPTION, COUNTRY, ID, CITY) VALUES ('Этот город завлекает не только красотами и пейзажами, но и чудесной кухней. Ежегодно здесь бывают очень много туристов. Каждый посетитель этих незабываемых мест отсается доволен качествомобслуживания, что делает отдых просто не збываемы!', 'Россия', '140', 'Грозный');
INSERT INTO LOCATIONS (DESCRIPTION, COUNTRY, ID, CITY) VALUES ('Это место, созданное природой и людьми, для прекрасного отдыха в живописном уголке Мира! Удобное расположение заметно выделяет его из числа других достопримечательностей города и позволяет быстро и без проблем добраться как от ближайшего аэропорта так и от ж/д вокзала', 'Турция', '141', 'Ван');
INSERT INTO LOCATIONS (DESCRIPTION, COUNTRY, ID, CITY) VALUES ('Это место, созданное природой и людьми, для прекрасного отдыха в живописном уголке Мира! Удобное расположение заметно выделяет его из числа других достопримечательностей города и позволяет быстро и без проблем добраться как от ближайшего аэропорта так и от ж/д вокзала', 'Турция', '142', 'Ван');
INSERT INTO LOCATIONS (DESCRIPTION, COUNTRY, ID, CITY) VALUES ('Это один из самых популярных курортов нашего турагенства. Отдыхающим нравится местный климат, пейзажи, культура и многое другое. Почувствовать все прелести этого города можно только посетив его.', 'Индия', '143', 'Ришикеш');
INSERT INTO LOCATIONS (DESCRIPTION, COUNTRY, ID, CITY) VALUES ('Этот город завлекает не только красотами и пейзажами, но и чудесной кухней. Ежегодно здесь бывают очень много туристов. Каждый посетитель этих незабываемых мест отсается доволен качествомобслуживания, что делает отдых просто не збываемы!', 'Россия', '144', 'Симферополь');
INSERT INTO LOCATIONS (DESCRIPTION, COUNTRY, ID, CITY) VALUES ('Это один из самых популярных курортов нашего турагенства. Отдыхающим нравится местный климат, пейзажи, культура и многое другое. Почувствовать все прелести этого города можно только посетив его.', 'Мальдивы', '145', 'Хитхадхоо');
INSERT INTO LOCATIONS (DESCRIPTION, COUNTRY, ID, CITY) VALUES ('Это место, созданное природой и людьми, для прекрасного отдыха в живописном уголке Мира! Удобное расположение заметно выделяет его из числа других достопримечательностей города и позволяет быстро и без проблем добраться как от ближайшего аэропорта так и от ж/д вокзала', 'Россия', '146', 'Сочи');
INSERT INTO LOCATIONS (DESCRIPTION, COUNTRY, ID, CITY) VALUES ('Этот город завлекает не только красотами и пейзажами, но и чудесной кухней. Ежегодно здесь бывают очень много туристов. Каждый посетитель этих незабываемых мест отсается доволен качествомобслуживания, что делает отдых просто не збываемы!', 'Австралия', '147', 'Бендиго');
INSERT INTO LOCATIONS (DESCRIPTION, COUNTRY, ID, CITY) VALUES ('Это место, созданное природой и людьми, для прекрасного отдыха в живописном уголке Мира! Удобное расположение заметно выделяет его из числа других достопримечательностей города и позволяет быстро и без проблем добраться как от ближайшего аэропорта так и от ж/д вокзала', 'Индия', '148', 'Сурат');
INSERT INTO LOCATIONS (DESCRIPTION, COUNTRY, ID, CITY) VALUES ('Это один из самых популярных курортов нашего турагенства. Отдыхающим нравится местный климат, пейзажи, культура и многое другое. Почувствовать все прелести этого города можно только посетив его.', 'Италия', '149', 'Венето');
INSERT INTO LOCATIONS (DESCRIPTION, COUNTRY, ID, CITY) VALUES ('Этот город завлекает не только красотами и пейзажами, но и чудесной кухней. Ежегодно здесь бывают очень много туристов. Каждый посетитель этих незабываемых мест отсается доволен качествомобслуживания, что делает отдых просто не збываемы!', 'Франция', '150', 'Париж');

--*********************************************
--CONTACTS
--*********************************************
INSERT INTO CONTACTS (PHONE, ID, EMAIL, ID_LOCATION) VALUES ('3 436 991671', '1', 'kulio@mail.ru', '1');
INSERT INTO CONTACTS (PHONE, ID, EMAIL, ID_LOCATION) VALUES ('3 886 019711', '2', 'qrasao1991@rambler.ru', '2');
INSERT INTO CONTACTS (PHONE, ID, EMAIL, ID_LOCATION) VALUES ('3 412 679062', '3', 'cap@gmail.ru', '3');
INSERT INTO CONTACTS (PHONE, ID, EMAIL, ID_LOCATION) VALUES ('6 653 354127', '4', 'us_er2001@mail.com', '4');
INSERT INTO CONTACTS (PHONE, ID, EMAIL, ID_LOCATION) VALUES ('7 489 228220', '5', 'supercar1964@mail.com', '5');
INSERT INTO CONTACTS (PHONE, ID, EMAIL, ID_LOCATION) VALUES ('5 267 767963', '6', 'spider@gmail.ru', '6');
INSERT INTO CONTACTS (PHONE, ID, EMAIL, ID_LOCATION) VALUES ('3 305 854148', '7', 'russkiy@yandex.ru', '7');
INSERT INTO CONTACTS (PHONE, ID, EMAIL, ID_LOCATION) VALUES ('0 009 478434', '8', 'kulio@gmail.com', '8');
INSERT INTO CONTACTS (PHONE, ID, EMAIL, ID_LOCATION) VALUES ('0 890 161841', '9', 'spider@yourmail.com', '9');
INSERT INTO CONTACTS (PHONE, ID, EMAIL, ID_LOCATION) VALUES ('4 902 720144', '10', 'adars1993@rambler.ru', '10');
INSERT INTO CONTACTS (PHONE, ID, EMAIL, ID_LOCATION) VALUES ('6 886 725281', '11', 'mama@yahoo.com', '11');
INSERT INTO CONTACTS (PHONE, ID, EMAIL, ID_LOCATION) VALUES ('9 520 548303', '12', 'qwicker@gmail.ru', '12');
INSERT INTO CONTACTS (PHONE, ID, EMAIL, ID_LOCATION) VALUES ('8 931 611186', '13', 'vudu@mail.ru', '13');
INSERT INTO CONTACTS (PHONE, ID, EMAIL, ID_LOCATION) VALUES ('6 583 542981', '14', 'spider@yandex.ru', '14');
INSERT INTO CONTACTS (PHONE, ID, EMAIL, ID_LOCATION) VALUES ('5 051 590233', '15', 'private2007@yandex.ru', '15');
INSERT INTO CONTACTS (PHONE, ID, EMAIL, ID_LOCATION) VALUES ('5 025 463130', '16', 'private2007@gmail.com', '16');
INSERT INTO CONTACTS (PHONE, ID, EMAIL, ID_LOCATION) VALUES ('4 048 677327', '17', 'cap@mail.com', '17');
INSERT INTO CONTACTS (PHONE, ID, EMAIL, ID_LOCATION) VALUES ('1 473 670931', '18', 'qrasao1976@yandex.ru', '18');
INSERT INTO CONTACTS (PHONE, ID, EMAIL, ID_LOCATION) VALUES ('8 279 951390', '19', 'adars1968@gmail.ru', '19');
INSERT INTO CONTACTS (PHONE, ID, EMAIL, ID_LOCATION) VALUES ('3 815 715706', '20', 'only_you@yandex.ru', '20');
INSERT INTO CONTACTS (PHONE, ID, EMAIL, ID_LOCATION) VALUES ('1 738 598693', '21', 'darke1985@yandex.ru', '21');
INSERT INTO CONTACTS (PHONE, ID, EMAIL, ID_LOCATION) VALUES ('0 299 494719', '22', 'spider2011@rambler.ru', '22');
INSERT INTO CONTACTS (PHONE, ID, EMAIL, ID_LOCATION) VALUES ('3 758 455431', '23', 'only_you2013@yourmail.com', '23');
INSERT INTO CONTACTS (PHONE, ID, EMAIL, ID_LOCATION) VALUES ('1 870 363177', '24', 'qwicker2006@yourmail.com', '24');
INSERT INTO CONTACTS (PHONE, ID, EMAIL, ID_LOCATION) VALUES ('9 125 981106', '25', 'ch_ild@gmail.ru', '25');
INSERT INTO CONTACTS (PHONE, ID, EMAIL, ID_LOCATION) VALUES ('2 288 849547', '26', 'cap@gmail.com', '26');
INSERT INTO CONTACTS (PHONE, ID, EMAIL, ID_LOCATION) VALUES ('0 262 257838', '27', 'private@gmail.com', '27');
INSERT INTO CONTACTS (PHONE, ID, EMAIL, ID_LOCATION) VALUES ('6 350 545743', '28', 'spider@rambler.ru', '28');
INSERT INTO CONTACTS (PHONE, ID, EMAIL, ID_LOCATION) VALUES ('6 562 539060', '29', 'mama2009@yandex.ru', '29');
INSERT INTO CONTACTS (PHONE, ID, EMAIL, ID_LOCATION) VALUES ('2 707 923540', '30', 'spider2003@mail.ru', '30');
INSERT INTO CONTACTS (PHONE, ID, EMAIL, ID_LOCATION) VALUES ('0 171 641494', '31', 'kulio1998@mail.ru', '31');
INSERT INTO CONTACTS (PHONE, ID, EMAIL, ID_LOCATION) VALUES ('8 878 272808', '32', 'papa1977@mail.com', '32');
INSERT INTO CONTACTS (PHONE, ID, EMAIL, ID_LOCATION) VALUES ('7 446 052791', '33', 'papa@yourmail.com', '33');
INSERT INTO CONTACTS (PHONE, ID, EMAIL, ID_LOCATION) VALUES ('1 110 009010', '34', 'nik@mail.ru', '34');
INSERT INTO CONTACTS (PHONE, ID, EMAIL, ID_LOCATION) VALUES ('5 283 350332', '35', 'us_er2002@mail.ru', '35');
INSERT INTO CONTACTS (PHONE, ID, EMAIL, ID_LOCATION) VALUES ('4 375 989086', '36', 'qwicker@rambler.ru', '36');
INSERT INTO CONTACTS (PHONE, ID, EMAIL, ID_LOCATION) VALUES ('4 658 072651', '37', 'us_er@yandex.ru', '37');
INSERT INTO CONTACTS (PHONE, ID, EMAIL, ID_LOCATION) VALUES ('8 766 870346', '38', 'qwicker@yahoo.com', '38');
INSERT INTO CONTACTS (PHONE, ID, EMAIL, ID_LOCATION) VALUES ('1 306 911291', '39', 'vudu1970@yandex.ru', '39');
INSERT INTO CONTACTS (PHONE, ID, EMAIL, ID_LOCATION) VALUES ('1 696 322776', '40', 'private2006@yahoo.com', '40');
INSERT INTO CONTACTS (PHONE, ID, EMAIL, ID_LOCATION) VALUES ('9 416 228314', '41', 'papa1995@gmail.ru', '41');
INSERT INTO CONTACTS (PHONE, ID, EMAIL, ID_LOCATION) VALUES ('8 939 436093', '42', 'korso@rambler.ru', '42');
INSERT INTO CONTACTS (PHONE, ID, EMAIL, ID_LOCATION) VALUES ('8 155 640291', '43', 'private1968@rambler.ru', '43');
INSERT INTO CONTACTS (PHONE, ID, EMAIL, ID_LOCATION) VALUES ('9 766 447271', '44', 'spider@gmail.ru', '44');
INSERT INTO CONTACTS (PHONE, ID, EMAIL, ID_LOCATION) VALUES ('2 762 633223', '45', 'qrasao@mail.com', '45');
INSERT INTO CONTACTS (PHONE, ID, EMAIL, ID_LOCATION) VALUES ('7 161 827038', '46', 'mama1988@gmail.ru', '46');
INSERT INTO CONTACTS (PHONE, ID, EMAIL, ID_LOCATION) VALUES ('7 310 877585', '47', 'darke@gmail.ru', '47');
INSERT INTO CONTACTS (PHONE, ID, EMAIL, ID_LOCATION) VALUES ('8 673 961680', '48', 'mama@yourmail.com', '48');
INSERT INTO CONTACTS (PHONE, ID, EMAIL, ID_LOCATION) VALUES ('6 526 034496', '49', 'ch_ild@mail.ru', '49');
INSERT INTO CONTACTS (PHONE, ID, EMAIL, ID_LOCATION) VALUES ('8 139 013185', '50', 'kulio1967@gmail.ru', '50');
INSERT INTO CONTACTS (PHONE, ID, EMAIL, ID_LOCATION) VALUES ('8 446 768095', '51', 'private@mail.ru', '51');
INSERT INTO CONTACTS (PHONE, ID, EMAIL, ID_LOCATION) VALUES ('9 229 243548', '52', 'person@yandex.ru', '52');
INSERT INTO CONTACTS (PHONE, ID, EMAIL, ID_LOCATION) VALUES ('0 172 893001', '53', 'nik@rambler.ru', '53');
INSERT INTO CONTACTS (PHONE, ID, EMAIL, ID_LOCATION) VALUES ('0 624 476923', '54', 'papa@yourmail.com', '54');
INSERT INTO CONTACTS (PHONE, ID, EMAIL, ID_LOCATION) VALUES ('2 611 075257', '55', 'supercar2006@gmail.com', '55');
INSERT INTO CONTACTS (PHONE, ID, EMAIL, ID_LOCATION) VALUES ('4 977 611394', '56', 'qrasao1991@rambler.ru', '56');
INSERT INTO CONTACTS (PHONE, ID, EMAIL, ID_LOCATION) VALUES ('4 092 664451', '57', 'us_er1973@yourmail.com', '57');
INSERT INTO CONTACTS (PHONE, ID, EMAIL, ID_LOCATION) VALUES ('3 053 243778', '58', 'darke@yahoo.com', '58');
INSERT INTO CONTACTS (PHONE, ID, EMAIL, ID_LOCATION) VALUES ('6 516 509717', '59', 'darke@mail.com', '59');
INSERT INTO CONTACTS (PHONE, ID, EMAIL, ID_LOCATION) VALUES ('2 003 446321', '60', 'only_you1965@mail.com', '60');
INSERT INTO CONTACTS (PHONE, ID, EMAIL, ID_LOCATION) VALUES ('9 875 707664', '61', 'qrasao2007@rambler.ru', '61');
INSERT INTO CONTACTS (PHONE, ID, EMAIL, ID_LOCATION) VALUES ('7 356 746777', '62', 'mama1989@mail.ru', '62');
INSERT INTO CONTACTS (PHONE, ID, EMAIL, ID_LOCATION) VALUES ('4 000 345830', '63', 'private@gmail.com', '63');
INSERT INTO CONTACTS (PHONE, ID, EMAIL, ID_LOCATION) VALUES ('6 926 217400', '64', 'spider@gmail.com', '64');
INSERT INTO CONTACTS (PHONE, ID, EMAIL, ID_LOCATION) VALUES ('3 759 020225', '65', 'spider1997@yahoo.com', '65');
INSERT INTO CONTACTS (PHONE, ID, EMAIL, ID_LOCATION) VALUES ('2 409 242608', '66', 'kulio@mail.com', '66');
INSERT INTO CONTACTS (PHONE, ID, EMAIL, ID_LOCATION) VALUES ('4 959 829444', '67', 'korso2007@mail.ru', '67');
INSERT INTO CONTACTS (PHONE, ID, EMAIL, ID_LOCATION) VALUES ('1 224 568750', '68', 'vudu@mail.ru', '68');
INSERT INTO CONTACTS (PHONE, ID, EMAIL, ID_LOCATION) VALUES ('1 000 217343', '69', 'person@rambler.ru', '69');
INSERT INTO CONTACTS (PHONE, ID, EMAIL, ID_LOCATION) VALUES ('8 159 533441', '70', 'private@yandex.ru', '70');
INSERT INTO CONTACTS (PHONE, ID, EMAIL, ID_LOCATION) VALUES ('1 174 292616', '71', 'us_er2007@mail.ru', '71');
INSERT INTO CONTACTS (PHONE, ID, EMAIL, ID_LOCATION) VALUES ('9 159 357706', '72', 'person1975@gmail.com', '72');
INSERT INTO CONTACTS (PHONE, ID, EMAIL, ID_LOCATION) VALUES ('6 021 004937', '73', 'only_you@yahoo.com', '73');
INSERT INTO CONTACTS (PHONE, ID, EMAIL, ID_LOCATION) VALUES ('6 387 440904', '74', 'nik@gmail.ru', '74');
INSERT INTO CONTACTS (PHONE, ID, EMAIL, ID_LOCATION) VALUES ('1 926 984035', '75', 'vudu@gmail.ru', '75');
INSERT INTO CONTACTS (PHONE, ID, EMAIL, ID_LOCATION) VALUES ('2 406 836696', '76', 'supercar@gmail.com', '76');
INSERT INTO CONTACTS (PHONE, ID, EMAIL, ID_LOCATION) VALUES ('0 551 813245', '77', 'darke@yandex.ru', '77');
INSERT INTO CONTACTS (PHONE, ID, EMAIL, ID_LOCATION) VALUES ('7 035 628191', '78', 'person2005@gmail.ru', '78');
INSERT INTO CONTACTS (PHONE, ID, EMAIL, ID_LOCATION) VALUES ('1 732 804380', '79', 'darke2012@mail.ru', '79');
INSERT INTO CONTACTS (PHONE, ID, EMAIL, ID_LOCATION) VALUES ('0 491 749996', '80', 'ch_ild1998@gmail.ru', '80');
INSERT INTO CONTACTS (PHONE, ID, EMAIL, ID_LOCATION) VALUES ('5 533 981448', '81', 'darke1977@gmail.com', '81');
INSERT INTO CONTACTS (PHONE, ID, EMAIL, ID_LOCATION) VALUES ('1 521 783545', '82', 'ch_ild2013@rambler.ru', '82');
INSERT INTO CONTACTS (PHONE, ID, EMAIL, ID_LOCATION) VALUES ('4 276 592322', '83', 'private1991@yandex.ru', '83');
INSERT INTO CONTACTS (PHONE, ID, EMAIL, ID_LOCATION) VALUES ('0 114 416212', '84', 'papa1992@yandex.ru', '84');
INSERT INTO CONTACTS (PHONE, ID, EMAIL, ID_LOCATION) VALUES ('6 400 387994', '85', 'spider1974@mail.ru', '85');
INSERT INTO CONTACTS (PHONE, ID, EMAIL, ID_LOCATION) VALUES ('1 248 735471', '86', 'adars@yandex.ru', '86');
INSERT INTO CONTACTS (PHONE, ID, EMAIL, ID_LOCATION) VALUES ('3 858 580936', '87', 'private@gmail.com', '87');
INSERT INTO CONTACTS (PHONE, ID, EMAIL, ID_LOCATION) VALUES ('1 576 325052', '88', 'ch_ild@yandex.ru', '88');
INSERT INTO CONTACTS (PHONE, ID, EMAIL, ID_LOCATION) VALUES ('2 086 279751', '89', 'qrasao@yahoo.com', '89');
INSERT INTO CONTACTS (PHONE, ID, EMAIL, ID_LOCATION) VALUES ('7 843 337193', '90', 'supercar@gmail.ru', '90');
INSERT INTO CONTACTS (PHONE, ID, EMAIL, ID_LOCATION) VALUES ('4 890 724828', '91', 'private@yahoo.com', '91');
INSERT INTO CONTACTS (PHONE, ID, EMAIL, ID_LOCATION) VALUES ('3 534 304057', '92', 'mama@yahoo.com', '92');
INSERT INTO CONTACTS (PHONE, ID, EMAIL, ID_LOCATION) VALUES ('5 608 420160', '93', 'qwicker@mail.ru', '93');
INSERT INTO CONTACTS (PHONE, ID, EMAIL, ID_LOCATION) VALUES ('0 587 785402', '94', 'only_you2013@mail.com', '94');
INSERT INTO CONTACTS (PHONE, ID, EMAIL, ID_LOCATION) VALUES ('9 942 942688', '95', 'us_er1979@mail.com', '95');
INSERT INTO CONTACTS (PHONE, ID, EMAIL, ID_LOCATION) VALUES ('6 183 282629', '96', 'vudu1983@mail.com', '96');
INSERT INTO CONTACTS (PHONE, ID, EMAIL, ID_LOCATION) VALUES ('8 915 576430', '97', 'qrasao@yandex.ru', '97');
INSERT INTO CONTACTS (PHONE, ID, EMAIL, ID_LOCATION) VALUES ('5 418 282112', '98', 'qrasao1984@gmail.com', '98');
INSERT INTO CONTACTS (PHONE, ID, EMAIL, ID_LOCATION) VALUES ('8 581 066222', '99', 'kulio1997@yandex.ru', '99');
INSERT INTO CONTACTS (PHONE, ID, EMAIL, ID_LOCATION) VALUES ('6 671 929190', '100', 'private1964@mail.ru', '100');
INSERT INTO CONTACTS (PHONE, ID, EMAIL, ID_LOCATION) VALUES ('4 267 970883', '101', 'mama1972@gmail.com', '101');
INSERT INTO CONTACTS (PHONE, ID, EMAIL, ID_LOCATION) VALUES ('3 741 711109', '102', 'nik1989@mail.ru', '102');

--*********************************************
--PEOPLES
--*********************************************
INSERT INTO PEOPLES (FIRST_NAME, MIDDLE_NAME, SEX, ID, ID_CONTACT, LAST_NAME, DATE_BIRTH) VALUES ('Роман', 'NULL', 'M', '1', '1', 'Адамс', TO_DATE('3.1.1945', 'dd.mm.yyyy'));
INSERT INTO PEOPLES (FIRST_NAME, MIDDLE_NAME, SEX, ID, ID_CONTACT, LAST_NAME, DATE_BIRTH) VALUES ('Мартин', 'NULL', 'M', '2', '2', 'Сальвадо', TO_DATE('9.11.1978', 'dd.mm.yyyy'));
INSERT INTO PEOPLES (FIRST_NAME, MIDDLE_NAME, SEX, ID, ID_CONTACT, LAST_NAME, DATE_BIRTH) VALUES ('Беатриса', 'NULL', 'F', '3', '3', 'Адамс', TO_DATE('26.6.1965', 'dd.mm.yyyy'));
INSERT INTO PEOPLES (FIRST_NAME, MIDDLE_NAME, SEX, ID, ID_CONTACT, LAST_NAME, DATE_BIRTH) VALUES ('Леонардо', 'NULL', 'M', '4', '4', 'Кристи', TO_DATE('13.4.1963', 'dd.mm.yyyy'));
INSERT INTO PEOPLES (FIRST_NAME, MIDDLE_NAME, SEX, ID, ID_CONTACT, LAST_NAME, DATE_BIRTH) VALUES ('Адам', 'NULL', 'M', '5', '5', 'Берси', TO_DATE('9.9.1942', 'dd.mm.yyyy'));
INSERT INTO PEOPLES (FIRST_NAME, MIDDLE_NAME, SEX, ID, ID_CONTACT, LAST_NAME, DATE_BIRTH) VALUES ('Диана', 'NULL', 'F', '6', '6', 'Корда', TO_DATE('24.4.1953', 'dd.mm.yyyy'));
INSERT INTO PEOPLES (FIRST_NAME, MIDDLE_NAME, SEX, ID, ID_CONTACT, LAST_NAME, DATE_BIRTH) VALUES ('Диана', 'NULL', 'F', '7', '7', 'Леман', TO_DATE('23.11.1940', 'dd.mm.yyyy'));
INSERT INTO PEOPLES (FIRST_NAME, MIDDLE_NAME, SEX, ID, ID_CONTACT, LAST_NAME, DATE_BIRTH) VALUES ('Алиса', 'NULL', 'F', '8', '8', 'Далтон', TO_DATE('20.7.1977', 'dd.mm.yyyy'));
INSERT INTO PEOPLES (FIRST_NAME, MIDDLE_NAME, SEX, ID, ID_CONTACT, LAST_NAME, DATE_BIRTH) VALUES ('Елена', 'NULL', 'F', '9', '9', 'Леман', TO_DATE('23.10.1943', 'dd.mm.yyyy'));
INSERT INTO PEOPLES (FIRST_NAME, MIDDLE_NAME, SEX, ID, ID_CONTACT, LAST_NAME, DATE_BIRTH) VALUES ('Ева', 'NULL', 'F', '10', '10', 'Сальвадо', TO_DATE('26.10.1973', 'dd.mm.yyyy'));
INSERT INTO PEOPLES (FIRST_NAME, MIDDLE_NAME, SEX, ID, ID_CONTACT, LAST_NAME, DATE_BIRTH) VALUES ('Вадим', 'NULL', 'M', '11', '11', 'Адамс', TO_DATE('15.7.1969', 'dd.mm.yyyy'));
INSERT INTO PEOPLES (FIRST_NAME, MIDDLE_NAME, SEX, ID, ID_CONTACT, LAST_NAME, DATE_BIRTH) VALUES ('Диана', 'NULL', 'F', '12', '12', 'Сальвадо', TO_DATE('24.7.1954', 'dd.mm.yyyy'));
INSERT INTO PEOPLES (FIRST_NAME, MIDDLE_NAME, SEX, ID, ID_CONTACT, LAST_NAME, DATE_BIRTH) VALUES ('Елена', 'NULL', 'F', '13', '13', 'Сальвадо', TO_DATE('8.8.1954', 'dd.mm.yyyy'));
INSERT INTO PEOPLES (FIRST_NAME, MIDDLE_NAME, SEX, ID, ID_CONTACT, LAST_NAME, DATE_BIRTH) VALUES ('Филипп', 'NULL', 'M', '14', '14', 'Далтон', TO_DATE('2.7.1951', 'dd.mm.yyyy'));
INSERT INTO PEOPLES (FIRST_NAME, MIDDLE_NAME, SEX, ID, ID_CONTACT, LAST_NAME, DATE_BIRTH) VALUES ('Беатриса', 'NULL', 'F', '15', '15', 'Ли', TO_DATE('21.2.1980', 'dd.mm.yyyy'));
INSERT INTO PEOPLES (FIRST_NAME, MIDDLE_NAME, SEX, ID, ID_CONTACT, LAST_NAME, DATE_BIRTH) VALUES ('Виктор', 'NULL', 'M', '16', '16', 'Кристи', TO_DATE('16.2.1964', 'dd.mm.yyyy'));
INSERT INTO PEOPLES (FIRST_NAME, MIDDLE_NAME, SEX, ID, ID_CONTACT, LAST_NAME, DATE_BIRTH) VALUES ('Леонардо', 'NULL', 'M', '17', '17', 'Ли', TO_DATE('10.1.1955', 'dd.mm.yyyy'));
INSERT INTO PEOPLES (FIRST_NAME, MIDDLE_NAME, SEX, ID, ID_CONTACT, LAST_NAME, DATE_BIRTH) VALUES ('Вадим', 'NULL', 'M', '18', '18', 'Кристи', TO_DATE('9.9.1968', 'dd.mm.yyyy'));
INSERT INTO PEOPLES (FIRST_NAME, MIDDLE_NAME, SEX, ID, ID_CONTACT, LAST_NAME, DATE_BIRTH) VALUES ('Роман', 'NULL', 'M', '19', '19', 'Адамс', TO_DATE('27.8.1958', 'dd.mm.yyyy'));
INSERT INTO PEOPLES (FIRST_NAME, MIDDLE_NAME, SEX, ID, ID_CONTACT, LAST_NAME, DATE_BIRTH) VALUES ('Беатриса', 'NULL', 'F', '20', '20', 'Кристи', TO_DATE('7.3.1944', 'dd.mm.yyyy'));
INSERT INTO PEOPLES (FIRST_NAME, MIDDLE_NAME, SEX, ID, ID_CONTACT, LAST_NAME, DATE_BIRTH) VALUES ('Мартин', 'NULL', 'M', '21', '21', 'Ли', TO_DATE('24.6.1977', 'dd.mm.yyyy'));
INSERT INTO PEOPLES (FIRST_NAME, MIDDLE_NAME, SEX, ID, ID_CONTACT, LAST_NAME, DATE_BIRTH) VALUES ('Ева', 'NULL', 'F', '22', '22', 'Далтон', TO_DATE('25.3.1985', 'dd.mm.yyyy'));
INSERT INTO PEOPLES (FIRST_NAME, MIDDLE_NAME, SEX, ID, ID_CONTACT, LAST_NAME, DATE_BIRTH) VALUES ('Мария', 'NULL', 'F', '23', '23', 'Леман', TO_DATE('25.2.1951', 'dd.mm.yyyy'));
INSERT INTO PEOPLES (FIRST_NAME, MIDDLE_NAME, SEX, ID, ID_CONTACT, LAST_NAME, DATE_BIRTH) VALUES ('Ева', 'NULL', 'F', '24', '24', 'Кристи', TO_DATE('6.1.1966', 'dd.mm.yyyy'));
INSERT INTO PEOPLES (FIRST_NAME, MIDDLE_NAME, SEX, ID, ID_CONTACT, LAST_NAME, DATE_BIRTH) VALUES ('Агата', 'NULL', 'F', '25', '25', 'Ли', TO_DATE('22.7.1983', 'dd.mm.yyyy'));
INSERT INTO PEOPLES (FIRST_NAME, MIDDLE_NAME, SEX, ID, ID_CONTACT, LAST_NAME, DATE_BIRTH) VALUES ('Алиса', 'NULL', 'F', '26', '26', 'Далтон', TO_DATE('3.11.1961', 'dd.mm.yyyy'));
INSERT INTO PEOPLES (FIRST_NAME, MIDDLE_NAME, SEX, ID, ID_CONTACT, LAST_NAME, DATE_BIRTH) VALUES ('Ева', 'NULL', 'F', '27', '27', 'Ли', TO_DATE('23.2.1981', 'dd.mm.yyyy'));
INSERT INTO PEOPLES (FIRST_NAME, MIDDLE_NAME, SEX, ID, ID_CONTACT, LAST_NAME, DATE_BIRTH) VALUES ('Ева', 'NULL', 'F', '28', '28', 'Сальвадо', TO_DATE('1.3.1949', 'dd.mm.yyyy'));
INSERT INTO PEOPLES (FIRST_NAME, MIDDLE_NAME, SEX, ID, ID_CONTACT, LAST_NAME, DATE_BIRTH) VALUES ('Алиса', 'NULL', 'F', '29', '29', 'Корда', TO_DATE('13.9.1983', 'dd.mm.yyyy'));
INSERT INTO PEOPLES (FIRST_NAME, MIDDLE_NAME, SEX, ID, ID_CONTACT, LAST_NAME, DATE_BIRTH) VALUES ('Беатриса', 'NULL', 'F', '30', '30', 'Кристи', TO_DATE('13.9.1952', 'dd.mm.yyyy'));
INSERT INTO PEOPLES (FIRST_NAME, MIDDLE_NAME, SEX, ID, ID_CONTACT, LAST_NAME, DATE_BIRTH) VALUES ('Диана', 'NULL', 'F', '31', '31', 'Берси', TO_DATE('14.4.1987', 'dd.mm.yyyy'));
INSERT INTO PEOPLES (FIRST_NAME, MIDDLE_NAME, SEX, ID, ID_CONTACT, LAST_NAME, DATE_BIRTH) VALUES ('Эдуард', 'NULL', 'M', '32', '32', 'Леман', TO_DATE('17.6.1966', 'dd.mm.yyyy'));
INSERT INTO PEOPLES (FIRST_NAME, MIDDLE_NAME, SEX, ID, ID_CONTACT, LAST_NAME, DATE_BIRTH) VALUES ('Алиса', 'NULL', 'F', '33', '33', 'Кристи', TO_DATE('10.5.1958', 'dd.mm.yyyy'));
INSERT INTO PEOPLES (FIRST_NAME, MIDDLE_NAME, SEX, ID, ID_CONTACT, LAST_NAME, DATE_BIRTH) VALUES ('Александра', 'NULL', 'F', '34', '34', 'Ли', TO_DATE('12.4.1976', 'dd.mm.yyyy'));
INSERT INTO PEOPLES (FIRST_NAME, MIDDLE_NAME, SEX, ID, ID_CONTACT, LAST_NAME, DATE_BIRTH) VALUES ('Филипп', 'NULL', 'M', '35', '35', 'Леман', TO_DATE('2.10.1974', 'dd.mm.yyyy'));
INSERT INTO PEOPLES (FIRST_NAME, MIDDLE_NAME, SEX, ID, ID_CONTACT, LAST_NAME, DATE_BIRTH) VALUES ('Алиса', 'NULL', 'F', '36', '36', 'Берси', TO_DATE('20.2.1987', 'dd.mm.yyyy'));
INSERT INTO PEOPLES (FIRST_NAME, MIDDLE_NAME, SEX, ID, ID_CONTACT, LAST_NAME, DATE_BIRTH) VALUES ('Беатриса', 'NULL', 'F', '37', '37', 'Корда', TO_DATE('18.1.1981', 'dd.mm.yyyy'));
INSERT INTO PEOPLES (FIRST_NAME, MIDDLE_NAME, SEX, ID, ID_CONTACT, LAST_NAME, DATE_BIRTH) VALUES ('Ева', 'NULL', 'F', '38', '38', 'Берси', TO_DATE('21.10.1981', 'dd.mm.yyyy'));
INSERT INTO PEOPLES (FIRST_NAME, MIDDLE_NAME, SEX, ID, ID_CONTACT, LAST_NAME, DATE_BIRTH) VALUES ('Анна', 'NULL', 'F', '39', '39', 'Ли', TO_DATE('25.5.1964', 'dd.mm.yyyy'));
INSERT INTO PEOPLES (FIRST_NAME, MIDDLE_NAME, SEX, ID, ID_CONTACT, LAST_NAME, DATE_BIRTH) VALUES ('Ева', 'NULL', 'F', '40', '40', 'Корда', TO_DATE('12.4.1970', 'dd.mm.yyyy'));
INSERT INTO PEOPLES (FIRST_NAME, MIDDLE_NAME, SEX, ID, ID_CONTACT, LAST_NAME, DATE_BIRTH) VALUES ('Беатриса', 'NULL', 'F', '41', '41', 'Кристи', TO_DATE('2.6.1981', 'dd.mm.yyyy'));
INSERT INTO PEOPLES (FIRST_NAME, MIDDLE_NAME, SEX, ID, ID_CONTACT, LAST_NAME, DATE_BIRTH) VALUES ('Анна', 'NULL', 'F', '42', '42', 'Корда', TO_DATE('4.5.1944', 'dd.mm.yyyy'));
INSERT INTO PEOPLES (FIRST_NAME, MIDDLE_NAME, SEX, ID, ID_CONTACT, LAST_NAME, DATE_BIRTH) VALUES ('Алиса', 'NULL', 'F', '43', '43', 'Ли', TO_DATE('22.4.1963', 'dd.mm.yyyy'));
INSERT INTO PEOPLES (FIRST_NAME, MIDDLE_NAME, SEX, ID, ID_CONTACT, LAST_NAME, DATE_BIRTH) VALUES ('Кирилл', 'NULL', 'M', '44', '44', 'Кристи', TO_DATE('7.8.1957', 'dd.mm.yyyy'));
INSERT INTO PEOPLES (FIRST_NAME, MIDDLE_NAME, SEX, ID, ID_CONTACT, LAST_NAME, DATE_BIRTH) VALUES ('Мария', 'NULL', 'F', '45', '45', 'Леман', TO_DATE('5.1.1945', 'dd.mm.yyyy'));
INSERT INTO PEOPLES (FIRST_NAME, MIDDLE_NAME, SEX, ID, ID_CONTACT, LAST_NAME, DATE_BIRTH) VALUES ('Виктор', 'NULL', 'M', '46', '46', 'Адамс', TO_DATE('10.6.1971', 'dd.mm.yyyy'));
INSERT INTO PEOPLES (FIRST_NAME, MIDDLE_NAME, SEX, ID, ID_CONTACT, LAST_NAME, DATE_BIRTH) VALUES ('Леонардо', 'NULL', 'M', '47', '47', 'Ли', TO_DATE('14.7.1989', 'dd.mm.yyyy'));
INSERT INTO PEOPLES (FIRST_NAME, MIDDLE_NAME, SEX, ID, ID_CONTACT, LAST_NAME, DATE_BIRTH) VALUES ('Кирилл', 'NULL', 'M', '48', '48', 'Далтон', TO_DATE('8.7.1973', 'dd.mm.yyyy'));
INSERT INTO PEOPLES (FIRST_NAME, MIDDLE_NAME, SEX, ID, ID_CONTACT, LAST_NAME, DATE_BIRTH) VALUES ('Марк', 'NULL', 'M', '49', '49', 'Берси', TO_DATE('8.4.1977', 'dd.mm.yyyy'));
INSERT INTO PEOPLES (FIRST_NAME, MIDDLE_NAME, SEX, ID, ID_CONTACT, LAST_NAME, DATE_BIRTH) VALUES ('Роберт', 'NULL', 'M', '50', '50', 'Кристи', TO_DATE('8.8.1956', 'dd.mm.yyyy'));
INSERT INTO PEOPLES (FIRST_NAME, MIDDLE_NAME, SEX, ID, ID_CONTACT, LAST_NAME, DATE_BIRTH) VALUES ('Мария', 'NULL', 'F', '51', '51', 'Сальвадо', TO_DATE('20.3.1952', 'dd.mm.yyyy'));
INSERT INTO PEOPLES (FIRST_NAME, MIDDLE_NAME, SEX, ID, ID_CONTACT, LAST_NAME, DATE_BIRTH) VALUES ('Мария', 'NULL', 'F', '52', '52', 'Далтон', TO_DATE('1.8.1980', 'dd.mm.yyyy'));
INSERT INTO PEOPLES (FIRST_NAME, MIDDLE_NAME, SEX, ID, ID_CONTACT, LAST_NAME, DATE_BIRTH) VALUES ('Даниил', 'NULL', 'M', '53', '53', 'Кристи', TO_DATE('13.11.1953', 'dd.mm.yyyy'));
INSERT INTO PEOPLES (FIRST_NAME, MIDDLE_NAME, SEX, ID, ID_CONTACT, LAST_NAME, DATE_BIRTH) VALUES ('Леонардо', 'NULL', 'M', '54', '54', 'Адамс', TO_DATE('1.11.1947', 'dd.mm.yyyy'));
INSERT INTO PEOPLES (FIRST_NAME, MIDDLE_NAME, SEX, ID, ID_CONTACT, LAST_NAME, DATE_BIRTH) VALUES ('Ева', 'NULL', 'F', '55', '55', 'Леман', TO_DATE('11.11.1977', 'dd.mm.yyyy'));
INSERT INTO PEOPLES (FIRST_NAME, MIDDLE_NAME, SEX, ID, ID_CONTACT, LAST_NAME, DATE_BIRTH) VALUES ('Анна', 'NULL', 'F', '56', '56', 'Леман', TO_DATE('24.8.1965', 'dd.mm.yyyy'));
INSERT INTO PEOPLES (FIRST_NAME, MIDDLE_NAME, SEX, ID, ID_CONTACT, LAST_NAME, DATE_BIRTH) VALUES ('Марк', 'NULL', 'M', '57', '57', 'Сальвадо', TO_DATE('12.11.1957', 'dd.mm.yyyy'));
INSERT INTO PEOPLES (FIRST_NAME, MIDDLE_NAME, SEX, ID, ID_CONTACT, LAST_NAME, DATE_BIRTH) VALUES ('Вадим', 'NULL', 'M', '58', '58', 'Ли', TO_DATE('6.4.1967', 'dd.mm.yyyy'));
INSERT INTO PEOPLES (FIRST_NAME, MIDDLE_NAME, SEX, ID, ID_CONTACT, LAST_NAME, DATE_BIRTH) VALUES ('Алиса', 'NULL', 'F', '59', '59', 'Леман', TO_DATE('2.6.1945', 'dd.mm.yyyy'));
INSERT INTO PEOPLES (FIRST_NAME, MIDDLE_NAME, SEX, ID, ID_CONTACT, LAST_NAME, DATE_BIRTH) VALUES ('Адам', 'NULL', 'M', '60', '60', 'Корда', TO_DATE('14.2.1944', 'dd.mm.yyyy'));
INSERT INTO PEOPLES (FIRST_NAME, MIDDLE_NAME, SEX, ID, ID_CONTACT, LAST_NAME, DATE_BIRTH) VALUES ('Беатриса', 'NULL', 'F', '61', '61', 'Адамс', TO_DATE('3.4.1945', 'dd.mm.yyyy'));
INSERT INTO PEOPLES (FIRST_NAME, MIDDLE_NAME, SEX, ID, ID_CONTACT, LAST_NAME, DATE_BIRTH) VALUES ('Вадим', 'NULL', 'M', '62', '62', 'Корда', TO_DATE('19.2.1979', 'dd.mm.yyyy'));
INSERT INTO PEOPLES (FIRST_NAME, MIDDLE_NAME, SEX, ID, ID_CONTACT, LAST_NAME, DATE_BIRTH) VALUES ('Алиса', 'NULL', 'F', '63', '63', 'Далтон', TO_DATE('27.3.1988', 'dd.mm.yyyy'));
INSERT INTO PEOPLES (FIRST_NAME, MIDDLE_NAME, SEX, ID, ID_CONTACT, LAST_NAME, DATE_BIRTH) VALUES ('Вадим', 'NULL', 'M', '64', '64', 'Далтон', TO_DATE('7.7.1945', 'dd.mm.yyyy'));
INSERT INTO PEOPLES (FIRST_NAME, MIDDLE_NAME, SEX, ID, ID_CONTACT, LAST_NAME, DATE_BIRTH) VALUES ('Агата', 'NULL', 'F', '65', '65', 'Берси', TO_DATE('7.10.1983', 'dd.mm.yyyy'));
INSERT INTO PEOPLES (FIRST_NAME, MIDDLE_NAME, SEX, ID, ID_CONTACT, LAST_NAME, DATE_BIRTH) VALUES ('Роман', 'NULL', 'M', '66', '66', 'Сальвадо', TO_DATE('3.8.1959', 'dd.mm.yyyy'));
INSERT INTO PEOPLES (FIRST_NAME, MIDDLE_NAME, SEX, ID, ID_CONTACT, LAST_NAME, DATE_BIRTH) VALUES ('Агата', 'NULL', 'F', '67', '67', 'Леман', TO_DATE('27.10.1967', 'dd.mm.yyyy'));
INSERT INTO PEOPLES (FIRST_NAME, MIDDLE_NAME, SEX, ID, ID_CONTACT, LAST_NAME, DATE_BIRTH) VALUES ('Мария', 'NULL', 'F', '68', '68', 'Адамс', TO_DATE('24.8.1985', 'dd.mm.yyyy'));
INSERT INTO PEOPLES (FIRST_NAME, MIDDLE_NAME, SEX, ID, ID_CONTACT, LAST_NAME, DATE_BIRTH) VALUES ('Феликс', 'NULL', 'M', '69', '69', 'Далтон', TO_DATE('23.2.1941', 'dd.mm.yyyy'));
INSERT INTO PEOPLES (FIRST_NAME, MIDDLE_NAME, SEX, ID, ID_CONTACT, LAST_NAME, DATE_BIRTH) VALUES ('Ева', 'NULL', 'F', '70', '70', 'Кристи', TO_DATE('4.1.1986', 'dd.mm.yyyy'));
INSERT INTO PEOPLES (FIRST_NAME, MIDDLE_NAME, SEX, ID, ID_CONTACT, LAST_NAME, DATE_BIRTH) VALUES ('Анна', 'NULL', 'F', '71', '71', 'Сальвадо', TO_DATE('1.6.1948', 'dd.mm.yyyy'));
INSERT INTO PEOPLES (FIRST_NAME, MIDDLE_NAME, SEX, ID, ID_CONTACT, LAST_NAME, DATE_BIRTH) VALUES ('Филипп', 'NULL', 'M', '72', '72', 'Кристи', TO_DATE('3.6.1969', 'dd.mm.yyyy'));
INSERT INTO PEOPLES (FIRST_NAME, MIDDLE_NAME, SEX, ID, ID_CONTACT, LAST_NAME, DATE_BIRTH) VALUES ('Ева', 'NULL', 'F', '73', '73', 'Адамс', TO_DATE('5.8.1954', 'dd.mm.yyyy'));
INSERT INTO PEOPLES (FIRST_NAME, MIDDLE_NAME, SEX, ID, ID_CONTACT, LAST_NAME, DATE_BIRTH) VALUES ('Кирилл', 'NULL', 'M', '74', '74', 'Корда', TO_DATE('2.3.1968', 'dd.mm.yyyy'));
INSERT INTO PEOPLES (FIRST_NAME, MIDDLE_NAME, SEX, ID, ID_CONTACT, LAST_NAME, DATE_BIRTH) VALUES ('Беатриса', 'NULL', 'F', '75', '75', 'Далтон', TO_DATE('2.5.1970', 'dd.mm.yyyy'));
INSERT INTO PEOPLES (FIRST_NAME, MIDDLE_NAME, SEX, ID, ID_CONTACT, LAST_NAME, DATE_BIRTH) VALUES ('Филипп', 'NULL', 'M', '76', '76', 'Адамс', TO_DATE('14.3.1949', 'dd.mm.yyyy'));
INSERT INTO PEOPLES (FIRST_NAME, MIDDLE_NAME, SEX, ID, ID_CONTACT, LAST_NAME, DATE_BIRTH) VALUES ('Роман', 'NULL', 'M', '77', '77', 'Леман', TO_DATE('21.8.1968', 'dd.mm.yyyy'));
INSERT INTO PEOPLES (FIRST_NAME, MIDDLE_NAME, SEX, ID, ID_CONTACT, LAST_NAME, DATE_BIRTH) VALUES ('Павел', 'NULL', 'M', '78', '78', 'Берси', TO_DATE('16.4.1968', 'dd.mm.yyyy'));
INSERT INTO PEOPLES (FIRST_NAME, MIDDLE_NAME, SEX, ID, ID_CONTACT, LAST_NAME, DATE_BIRTH) VALUES ('Яков', 'NULL', 'M', '79', '79', 'Адамс', TO_DATE('15.9.1988', 'dd.mm.yyyy'));
INSERT INTO PEOPLES (FIRST_NAME, MIDDLE_NAME, SEX, ID, ID_CONTACT, LAST_NAME, DATE_BIRTH) VALUES ('Филипп', 'NULL', 'M', '80', '80', 'Далтон', TO_DATE('27.7.1968', 'dd.mm.yyyy'));
INSERT INTO PEOPLES (FIRST_NAME, MIDDLE_NAME, SEX, ID, ID_CONTACT, LAST_NAME, DATE_BIRTH) VALUES ('Леонардо', 'NULL', 'M', '81', '81', 'Далтон', TO_DATE('15.10.1967', 'dd.mm.yyyy'));
INSERT INTO PEOPLES (FIRST_NAME, MIDDLE_NAME, SEX, ID, ID_CONTACT, LAST_NAME, DATE_BIRTH) VALUES ('Александра', 'NULL', 'F', '82', '82', 'Далтон', TO_DATE('23.2.1957', 'dd.mm.yyyy'));
INSERT INTO PEOPLES (FIRST_NAME, MIDDLE_NAME, SEX, ID, ID_CONTACT, LAST_NAME, DATE_BIRTH) VALUES ('Александра', 'NULL', 'F', '83', '83', 'Леман', TO_DATE('6.3.1985', 'dd.mm.yyyy'));
INSERT INTO PEOPLES (FIRST_NAME, MIDDLE_NAME, SEX, ID, ID_CONTACT, LAST_NAME, DATE_BIRTH) VALUES ('Елена', 'NULL', 'F', '84', '84', 'Корда', TO_DATE('25.2.1947', 'dd.mm.yyyy'));
INSERT INTO PEOPLES (FIRST_NAME, MIDDLE_NAME, SEX, ID, ID_CONTACT, LAST_NAME, DATE_BIRTH) VALUES ('Ева', 'NULL', 'F', '85', '85', 'Корда', TO_DATE('27.8.1945', 'dd.mm.yyyy'));
INSERT INTO PEOPLES (FIRST_NAME, MIDDLE_NAME, SEX, ID, ID_CONTACT, LAST_NAME, DATE_BIRTH) VALUES ('Марк', 'NULL', 'M', '86', '86', 'Ли', TO_DATE('11.4.1968', 'dd.mm.yyyy'));
INSERT INTO PEOPLES (FIRST_NAME, MIDDLE_NAME, SEX, ID, ID_CONTACT, LAST_NAME, DATE_BIRTH) VALUES ('Даниэль', 'NULL', 'M', '87', '87', 'Корда', TO_DATE('12.2.1952', 'dd.mm.yyyy'));
INSERT INTO PEOPLES (FIRST_NAME, MIDDLE_NAME, SEX, ID, ID_CONTACT, LAST_NAME, DATE_BIRTH) VALUES ('Диана', 'NULL', 'F', '88', '88', 'Адамс', TO_DATE('4.4.1989', 'dd.mm.yyyy'));
INSERT INTO PEOPLES (FIRST_NAME, MIDDLE_NAME, SEX, ID, ID_CONTACT, LAST_NAME, DATE_BIRTH) VALUES ('Ева', 'NULL', 'F', '89', '89', 'Ли', TO_DATE('8.2.1979', 'dd.mm.yyyy'));
INSERT INTO PEOPLES (FIRST_NAME, MIDDLE_NAME, SEX, ID, ID_CONTACT, LAST_NAME, DATE_BIRTH) VALUES ('Мартин', 'NULL', 'M', '90', '90', 'Адамс', TO_DATE('17.2.1978', 'dd.mm.yyyy'));
INSERT INTO PEOPLES (FIRST_NAME, MIDDLE_NAME, SEX, ID, ID_CONTACT, LAST_NAME, DATE_BIRTH) VALUES ('Марк', 'NULL', 'M', '91', '91', 'Кристи', TO_DATE('11.2.1951', 'dd.mm.yyyy'));
INSERT INTO PEOPLES (FIRST_NAME, MIDDLE_NAME, SEX, ID, ID_CONTACT, LAST_NAME, DATE_BIRTH) VALUES ('Ева', 'NULL', 'F', '92', '92', 'Далтон', TO_DATE('2.4.1948', 'dd.mm.yyyy'));
INSERT INTO PEOPLES (FIRST_NAME, MIDDLE_NAME, SEX, ID, ID_CONTACT, LAST_NAME, DATE_BIRTH) VALUES ('Диана', 'NULL', 'F', '93', '93', 'Далтон', TO_DATE('17.8.1987', 'dd.mm.yyyy'));
INSERT INTO PEOPLES (FIRST_NAME, MIDDLE_NAME, SEX, ID, ID_CONTACT, LAST_NAME, DATE_BIRTH) VALUES ('Ева', 'NULL', 'F', '94', '94', 'Кристи', TO_DATE('2.6.1959', 'dd.mm.yyyy'));
INSERT INTO PEOPLES (FIRST_NAME, MIDDLE_NAME, SEX, ID, ID_CONTACT, LAST_NAME, DATE_BIRTH) VALUES ('Роман', 'NULL', 'M', '95', '95', 'Далтон', TO_DATE('24.8.1957', 'dd.mm.yyyy'));
INSERT INTO PEOPLES (FIRST_NAME, MIDDLE_NAME, SEX, ID, ID_CONTACT, LAST_NAME, DATE_BIRTH) VALUES ('Алиса', 'NULL', 'F', '96', '96', 'Далтон', TO_DATE('17.1.1983', 'dd.mm.yyyy'));
INSERT INTO PEOPLES (FIRST_NAME, MIDDLE_NAME, SEX, ID, ID_CONTACT, LAST_NAME, DATE_BIRTH) VALUES ('Диана', 'NULL', 'F', '97', '97', 'Леман', TO_DATE('21.7.1955', 'dd.mm.yyyy'));
INSERT INTO PEOPLES (FIRST_NAME, MIDDLE_NAME, SEX, ID, ID_CONTACT, LAST_NAME, DATE_BIRTH) VALUES ('Мартин', 'NULL', 'M', '98', '98', 'Адамс', TO_DATE('15.9.1952', 'dd.mm.yyyy'));
INSERT INTO PEOPLES (FIRST_NAME, MIDDLE_NAME, SEX, ID, ID_CONTACT, LAST_NAME, DATE_BIRTH) VALUES ('Адам', 'NULL', 'M', '99', '99', 'Адамс', TO_DATE('24.11.1969', 'dd.mm.yyyy'));
INSERT INTO PEOPLES (FIRST_NAME, MIDDLE_NAME, SEX, ID, ID_CONTACT, LAST_NAME, DATE_BIRTH) VALUES ('Артур', 'NULL', 'M', '100', '100', 'Берси', TO_DATE('2.1.1956', 'dd.mm.yyyy'));

--*********************************************
--OFFICES
--*********************************************
INSERT INTO OFFICES (NAME, ID, ID_CONTACT) VALUES ('Франция: офис Реймс', '1', '101');
INSERT INTO OFFICES (NAME, ID, ID_CONTACT) VALUES ('Франция: офис Шалон-ан-Шампань', '2', '102');

--*********************************************
--CURRENCY
--*********************************************
INSERT INTO CURRENCY (RATE, DESCRIPTION, ID) VALUES ('1', 'RUB', '1');
INSERT INTO CURRENCY (RATE, DESCRIPTION, ID) VALUES ('42', 'EUR', '2');

--*********************************************
--EMPLOYEES
--*********************************************
INSERT INTO EMPLOYEES (ID_OFFICE, SALARY, DESCRIPTION, ID_PEOPLE, ID, ID_CURRENCY, STATUS, BONUS, POSITION) VALUES ('1', '1500', 'Нет дополнительной информации', '1', '1', '2', 'works', '0', 'Менеджер');
INSERT INTO EMPLOYEES (ID_OFFICE, SALARY, DESCRIPTION, ID_PEOPLE, ID, ID_CURRENCY, STATUS, BONUS, POSITION) VALUES ('2', '1200', 'Нет дополнительной информации', '2', '2', '2', 'works', '107', 'Турагент');
INSERT INTO EMPLOYEES (ID_OFFICE, SALARY, DESCRIPTION, ID_PEOPLE, ID, ID_CURRENCY, STATUS, BONUS, POSITION) VALUES ('1', '1200', 'Нет дополнительной информации', '3', '3', '2', 'works', '0', 'Турагент');
INSERT INTO EMPLOYEES (ID_OFFICE, SALARY, DESCRIPTION, ID_PEOPLE, ID, ID_CURRENCY, STATUS, BONUS, POSITION) VALUES ('2', '1500', 'Нет дополнительной информации', '4', '4', '2', 'works', '0', 'Менеджер');
INSERT INTO EMPLOYEES (ID_OFFICE, SALARY, DESCRIPTION, ID_PEOPLE, ID, ID_CURRENCY, STATUS, BONUS, POSITION) VALUES ('1', '1200', 'Нет дополнительной информации', '5', '5', '2', 'works', '0', 'Турагент');
INSERT INTO EMPLOYEES (ID_OFFICE, SALARY, DESCRIPTION, ID_PEOPLE, ID, ID_CURRENCY, STATUS, BONUS, POSITION) VALUES ('2', '1200', 'Нет дополнительной информации', '6', '6', '2', 'works', '169', 'Турагент');
INSERT INTO EMPLOYEES (ID_OFFICE, SALARY, DESCRIPTION, ID_PEOPLE, ID, ID_CURRENCY, STATUS, BONUS, POSITION) VALUES ('1', '1200', 'Нет дополнительной информации', '7', '7', '2', 'works', '138', 'Турагент');
INSERT INTO EMPLOYEES (ID_OFFICE, SALARY, DESCRIPTION, ID_PEOPLE, ID, ID_CURRENCY, STATUS, BONUS, POSITION) VALUES ('2', '1200', 'Нет дополнительной информации', '8', '8', '2', 'works', '0', 'Турагент');
INSERT INTO EMPLOYEES (ID_OFFICE, SALARY, DESCRIPTION, ID_PEOPLE, ID, ID_CURRENCY, STATUS, BONUS, POSITION) VALUES ('1', '1500', 'Нет дополнительной информации', '9', '9', '2', 'works', '0', 'Менеджер');
INSERT INTO EMPLOYEES (ID_OFFICE, SALARY, DESCRIPTION, ID_PEOPLE, ID, ID_CURRENCY, STATUS, BONUS, POSITION) VALUES ('2', '1200', 'Нет дополнительной информации', '10', '10', '2', 'works', '148', 'Турагент');

--*********************************************
--CLIENTS
--*********************************************
INSERT INTO CLIENTS (ID_EMPLOYEE, PERIOD_VALID_VISA, ISSUE_DATA_VISA, ID_PEOPLE, NUMBER_VISA, ID, NUMBER_PASSPORT, SERIAL_PASSPORT) VALUES ('9', TO_DATE('24.4.2017', 'dd.mm.yyyy'), TO_DATE('20.2.2013', 'dd.mm.yyyy'), '11', '7351183756740091', '1', '478518', '4024');
INSERT INTO CLIENTS (ID_EMPLOYEE, PERIOD_VALID_VISA, ISSUE_DATA_VISA, ID_PEOPLE, NUMBER_VISA, ID, NUMBER_PASSPORT, SERIAL_PASSPORT) VALUES ('2', TO_DATE('28.11.2015', 'dd.mm.yyyy'), TO_DATE('17.5.2013', 'dd.mm.yyyy'), '12', '8962994933719277', '2', '527139', '8709');
INSERT INTO CLIENTS (ID_EMPLOYEE, PERIOD_VALID_VISA, ISSUE_DATA_VISA, ID_PEOPLE, NUMBER_VISA, ID, NUMBER_PASSPORT, SERIAL_PASSPORT) VALUES ('7', TO_DATE('15.10.2019', 'dd.mm.yyyy'), TO_DATE('29.1.2013', 'dd.mm.yyyy'), '13', '3118138127966817', '3', '137506', '5073');
INSERT INTO CLIENTS (ID_EMPLOYEE, PERIOD_VALID_VISA, ISSUE_DATA_VISA, ID_PEOPLE, NUMBER_VISA, ID, NUMBER_PASSPORT, SERIAL_PASSPORT) VALUES ('3', TO_DATE('22.7.2017', 'dd.mm.yyyy'), TO_DATE('24.6.2013', 'dd.mm.yyyy'), '14', '7826472016196599', '4', '934192', '8941');
INSERT INTO CLIENTS (ID_EMPLOYEE, PERIOD_VALID_VISA, ISSUE_DATA_VISA, ID_PEOPLE, NUMBER_VISA, ID, NUMBER_PASSPORT, SERIAL_PASSPORT) VALUES ('6', TO_DATE('14.10.2018', 'dd.mm.yyyy'), TO_DATE('3.10.2013', 'dd.mm.yyyy'), '15', '3516212931114108', '5', '182370', '1181');
INSERT INTO CLIENTS (ID_EMPLOYEE, PERIOD_VALID_VISA, ISSUE_DATA_VISA, ID_PEOPLE, NUMBER_VISA, ID, NUMBER_PASSPORT, SERIAL_PASSPORT) VALUES ('2', TO_DATE('14.2.2017', 'dd.mm.yyyy'), TO_DATE('13.4.2012', 'dd.mm.yyyy'), '16', '2156446046265244', '6', '556608', '7958');
INSERT INTO CLIENTS (ID_EMPLOYEE, PERIOD_VALID_VISA, ISSUE_DATA_VISA, ID_PEOPLE, NUMBER_VISA, ID, NUMBER_PASSPORT, SERIAL_PASSPORT) VALUES ('5', TO_DATE('3.6.2017', 'dd.mm.yyyy'), TO_DATE('7.4.2011', 'dd.mm.yyyy'), '17', '6759480114315677', '7', '914804', '5320');
INSERT INTO CLIENTS (ID_EMPLOYEE, PERIOD_VALID_VISA, ISSUE_DATA_VISA, ID_PEOPLE, NUMBER_VISA, ID, NUMBER_PASSPORT, SERIAL_PASSPORT) VALUES ('7', TO_DATE('29.6.2015', 'dd.mm.yyyy'), TO_DATE('23.5.2013', 'dd.mm.yyyy'), '18', '3619817238118442', '8', '454539', '8323');
INSERT INTO CLIENTS (ID_EMPLOYEE, PERIOD_VALID_VISA, ISSUE_DATA_VISA, ID_PEOPLE, NUMBER_VISA, ID, NUMBER_PASSPORT, SERIAL_PASSPORT) VALUES ('1', TO_DATE('17.9.2019', 'dd.mm.yyyy'), TO_DATE('3.6.2011', 'dd.mm.yyyy'), '19', '9928367409745541', '9', '181122', '3171');
INSERT INTO CLIENTS (ID_EMPLOYEE, PERIOD_VALID_VISA, ISSUE_DATA_VISA, ID_PEOPLE, NUMBER_VISA, ID, NUMBER_PASSPORT, SERIAL_PASSPORT) VALUES ('1', TO_DATE('20.2.2015', 'dd.mm.yyyy'), TO_DATE('4.2.2013', 'dd.mm.yyyy'), '20', '9451844266864145', '10', '122433', '2611');
INSERT INTO CLIENTS (ID_EMPLOYEE, PERIOD_VALID_VISA, ISSUE_DATA_VISA, ID_PEOPLE, NUMBER_VISA, ID, NUMBER_PASSPORT, SERIAL_PASSPORT) VALUES ('9', TO_DATE('1.10.2016', 'dd.mm.yyyy'), TO_DATE('19.1.2013', 'dd.mm.yyyy'), '21', '3466392676697390', '11', '127269', '4961');
INSERT INTO CLIENTS (ID_EMPLOYEE, PERIOD_VALID_VISA, ISSUE_DATA_VISA, ID_PEOPLE, NUMBER_VISA, ID, NUMBER_PASSPORT, SERIAL_PASSPORT) VALUES ('8', TO_DATE('9.5.2019', 'dd.mm.yyyy'), TO_DATE('2.6.2011', 'dd.mm.yyyy'), '22', '1857889093738093', '12', '732809', '7532');
INSERT INTO CLIENTS (ID_EMPLOYEE, PERIOD_VALID_VISA, ISSUE_DATA_VISA, ID_PEOPLE, NUMBER_VISA, ID, NUMBER_PASSPORT, SERIAL_PASSPORT) VALUES ('8', TO_DATE('5.4.2016', 'dd.mm.yyyy'), TO_DATE('1.8.2011', 'dd.mm.yyyy'), '23', '8490625056020042', '13', '877582', '7642');
INSERT INTO CLIENTS (ID_EMPLOYEE, PERIOD_VALID_VISA, ISSUE_DATA_VISA, ID_PEOPLE, NUMBER_VISA, ID, NUMBER_PASSPORT, SERIAL_PASSPORT) VALUES ('4', TO_DATE('15.7.2018', 'dd.mm.yyyy'), TO_DATE('24.8.2011', 'dd.mm.yyyy'), '24', '4222164053477696', '14', '949519', '4066');
INSERT INTO CLIENTS (ID_EMPLOYEE, PERIOD_VALID_VISA, ISSUE_DATA_VISA, ID_PEOPLE, NUMBER_VISA, ID, NUMBER_PASSPORT, SERIAL_PASSPORT) VALUES ('3', TO_DATE('28.9.2019', 'dd.mm.yyyy'), TO_DATE('6.5.2013', 'dd.mm.yyyy'), '25', '4432432277680962', '15', '590965', '7183');
INSERT INTO CLIENTS (ID_EMPLOYEE, PERIOD_VALID_VISA, ISSUE_DATA_VISA, ID_PEOPLE, NUMBER_VISA, ID, NUMBER_PASSPORT, SERIAL_PASSPORT) VALUES ('8', TO_DATE('2.1.2017', 'dd.mm.yyyy'), TO_DATE('17.7.2012', 'dd.mm.yyyy'), '26', '4371199615502668', '16', '766201', '4027');
INSERT INTO CLIENTS (ID_EMPLOYEE, PERIOD_VALID_VISA, ISSUE_DATA_VISA, ID_PEOPLE, NUMBER_VISA, ID, NUMBER_PASSPORT, SERIAL_PASSPORT) VALUES ('6', TO_DATE('29.6.2018', 'dd.mm.yyyy'), TO_DATE('28.3.2013', 'dd.mm.yyyy'), '27', '4345520839517250', '17', '595771', '3414');
INSERT INTO CLIENTS (ID_EMPLOYEE, PERIOD_VALID_VISA, ISSUE_DATA_VISA, ID_PEOPLE, NUMBER_VISA, ID, NUMBER_PASSPORT, SERIAL_PASSPORT) VALUES ('10', TO_DATE('12.6.2015', 'dd.mm.yyyy'), TO_DATE('10.6.2011', 'dd.mm.yyyy'), '28', '9297019229829273', '18', '154156', '9763');
INSERT INTO CLIENTS (ID_EMPLOYEE, PERIOD_VALID_VISA, ISSUE_DATA_VISA, ID_PEOPLE, NUMBER_VISA, ID, NUMBER_PASSPORT, SERIAL_PASSPORT) VALUES ('7', TO_DATE('7.2.2017', 'dd.mm.yyyy'), TO_DATE('4.1.2011', 'dd.mm.yyyy'), '29', '9308110610807229', '19', '742874', '8760');
INSERT INTO CLIENTS (ID_EMPLOYEE, PERIOD_VALID_VISA, ISSUE_DATA_VISA, ID_PEOPLE, NUMBER_VISA, ID, NUMBER_PASSPORT, SERIAL_PASSPORT) VALUES ('3', TO_DATE('14.4.2019', 'dd.mm.yyyy'), TO_DATE('19.2.2013', 'dd.mm.yyyy'), '30', '4616910674501157', '20', '202578', '2338');
INSERT INTO CLIENTS (ID_EMPLOYEE, PERIOD_VALID_VISA, ISSUE_DATA_VISA, ID_PEOPLE, NUMBER_VISA, ID, NUMBER_PASSPORT, SERIAL_PASSPORT) VALUES ('10', TO_DATE('19.9.2017', 'dd.mm.yyyy'), TO_DATE('8.6.2011', 'dd.mm.yyyy'), '31', '7959795709521907', '21', '591318', '2489');
INSERT INTO CLIENTS (ID_EMPLOYEE, PERIOD_VALID_VISA, ISSUE_DATA_VISA, ID_PEOPLE, NUMBER_VISA, ID, NUMBER_PASSPORT, SERIAL_PASSPORT) VALUES ('10', TO_DATE('7.11.2019', 'dd.mm.yyyy'), TO_DATE('24.10.2013', 'dd.mm.yyyy'), '32', '3146929520081457', '22', '922625', '3657');
INSERT INTO CLIENTS (ID_EMPLOYEE, PERIOD_VALID_VISA, ISSUE_DATA_VISA, ID_PEOPLE, NUMBER_VISA, ID, NUMBER_PASSPORT, SERIAL_PASSPORT) VALUES ('4', TO_DATE('1.5.2016', 'dd.mm.yyyy'), TO_DATE('17.9.2012', 'dd.mm.yyyy'), '33', '2337085798117474', '23', '688530', '4768');
INSERT INTO CLIENTS (ID_EMPLOYEE, PERIOD_VALID_VISA, ISSUE_DATA_VISA, ID_PEOPLE, NUMBER_VISA, ID, NUMBER_PASSPORT, SERIAL_PASSPORT) VALUES ('9', TO_DATE('20.4.2015', 'dd.mm.yyyy'), TO_DATE('27.6.2013', 'dd.mm.yyyy'), '34', '6207970604445710', '24', '107101', '4665');
INSERT INTO CLIENTS (ID_EMPLOYEE, PERIOD_VALID_VISA, ISSUE_DATA_VISA, ID_PEOPLE, NUMBER_VISA, ID, NUMBER_PASSPORT, SERIAL_PASSPORT) VALUES ('6', TO_DATE('19.4.2015', 'dd.mm.yyyy'), TO_DATE('3.9.2012', 'dd.mm.yyyy'), '35', '5463316439834137', '25', '930276', '3966');
INSERT INTO CLIENTS (ID_EMPLOYEE, PERIOD_VALID_VISA, ISSUE_DATA_VISA, ID_PEOPLE, NUMBER_VISA, ID, NUMBER_PASSPORT, SERIAL_PASSPORT) VALUES ('2', TO_DATE('8.4.2018', 'dd.mm.yyyy'), TO_DATE('28.4.2012', 'dd.mm.yyyy'), '36', '3252192249557769', '26', '403287', '3842');
INSERT INTO CLIENTS (ID_EMPLOYEE, PERIOD_VALID_VISA, ISSUE_DATA_VISA, ID_PEOPLE, NUMBER_VISA, ID, NUMBER_PASSPORT, SERIAL_PASSPORT) VALUES ('9', TO_DATE('26.7.2019', 'dd.mm.yyyy'), TO_DATE('19.2.2011', 'dd.mm.yyyy'), '37', '1062122075044226', '27', '437673', '3994');
INSERT INTO CLIENTS (ID_EMPLOYEE, PERIOD_VALID_VISA, ISSUE_DATA_VISA, ID_PEOPLE, NUMBER_VISA, ID, NUMBER_PASSPORT, SERIAL_PASSPORT) VALUES ('6', TO_DATE('23.6.2015', 'dd.mm.yyyy'), TO_DATE('7.4.2013', 'dd.mm.yyyy'), '38', '3725415200040105', '28', '287258', '9024');
INSERT INTO CLIENTS (ID_EMPLOYEE, PERIOD_VALID_VISA, ISSUE_DATA_VISA, ID_PEOPLE, NUMBER_VISA, ID, NUMBER_PASSPORT, SERIAL_PASSPORT) VALUES ('4', TO_DATE('9.5.2018', 'dd.mm.yyyy'), TO_DATE('26.5.2012', 'dd.mm.yyyy'), '39', '6007059743301331', '29', '897440', '8219');
INSERT INTO CLIENTS (ID_EMPLOYEE, PERIOD_VALID_VISA, ISSUE_DATA_VISA, ID_PEOPLE, NUMBER_VISA, ID, NUMBER_PASSPORT, SERIAL_PASSPORT) VALUES ('7', TO_DATE('14.10.2017', 'dd.mm.yyyy'), TO_DATE('20.6.2011', 'dd.mm.yyyy'), '40', '4997547076511562', '30', '568206', '7319');
INSERT INTO CLIENTS (ID_EMPLOYEE, PERIOD_VALID_VISA, ISSUE_DATA_VISA, ID_PEOPLE, NUMBER_VISA, ID, NUMBER_PASSPORT, SERIAL_PASSPORT) VALUES ('2', TO_DATE('26.4.2019', 'dd.mm.yyyy'), TO_DATE('16.11.2012', 'dd.mm.yyyy'), '41', '7116227092384420', '31', '341870', '9182');
INSERT INTO CLIENTS (ID_EMPLOYEE, PERIOD_VALID_VISA, ISSUE_DATA_VISA, ID_PEOPLE, NUMBER_VISA, ID, NUMBER_PASSPORT, SERIAL_PASSPORT) VALUES ('2', TO_DATE('16.10.2015', 'dd.mm.yyyy'), TO_DATE('2.7.2013', 'dd.mm.yyyy'), '42', '5868886705986373', '32', '506182', '6488');
INSERT INTO CLIENTS (ID_EMPLOYEE, PERIOD_VALID_VISA, ISSUE_DATA_VISA, ID_PEOPLE, NUMBER_VISA, ID, NUMBER_PASSPORT, SERIAL_PASSPORT) VALUES ('5', TO_DATE('28.10.2018', 'dd.mm.yyyy'), TO_DATE('3.11.2011', 'dd.mm.yyyy'), '43', '6274232350813924', '33', '998489', '2369');
INSERT INTO CLIENTS (ID_EMPLOYEE, PERIOD_VALID_VISA, ISSUE_DATA_VISA, ID_PEOPLE, NUMBER_VISA, ID, NUMBER_PASSPORT, SERIAL_PASSPORT) VALUES ('5', TO_DATE('25.3.2019', 'dd.mm.yyyy'), TO_DATE('6.6.2013', 'dd.mm.yyyy'), '44', '5517189671528534', '34', '448211', '3071');
INSERT INTO CLIENTS (ID_EMPLOYEE, PERIOD_VALID_VISA, ISSUE_DATA_VISA, ID_PEOPLE, NUMBER_VISA, ID, NUMBER_PASSPORT, SERIAL_PASSPORT) VALUES ('3', TO_DATE('17.5.2015', 'dd.mm.yyyy'), TO_DATE('29.11.2012', 'dd.mm.yyyy'), '45', '7099343849813235', '35', '306112', '6384');
INSERT INTO CLIENTS (ID_EMPLOYEE, PERIOD_VALID_VISA, ISSUE_DATA_VISA, ID_PEOPLE, NUMBER_VISA, ID, NUMBER_PASSPORT, SERIAL_PASSPORT) VALUES ('8', TO_DATE('26.3.2017', 'dd.mm.yyyy'), TO_DATE('24.2.2013', 'dd.mm.yyyy'), '46', '8056462597200955', '36', '816833', '2143');
INSERT INTO CLIENTS (ID_EMPLOYEE, PERIOD_VALID_VISA, ISSUE_DATA_VISA, ID_PEOPLE, NUMBER_VISA, ID, NUMBER_PASSPORT, SERIAL_PASSPORT) VALUES ('1', TO_DATE('27.5.2015', 'dd.mm.yyyy'), TO_DATE('26.8.2012', 'dd.mm.yyyy'), '47', '9429853701299396', '37', '906319', '9458');
INSERT INTO CLIENTS (ID_EMPLOYEE, PERIOD_VALID_VISA, ISSUE_DATA_VISA, ID_PEOPLE, NUMBER_VISA, ID, NUMBER_PASSPORT, SERIAL_PASSPORT) VALUES ('5', TO_DATE('25.9.2015', 'dd.mm.yyyy'), TO_DATE('16.6.2013', 'dd.mm.yyyy'), '48', '3811919417662369', '38', '154259', '5925');
INSERT INTO CLIENTS (ID_EMPLOYEE, PERIOD_VALID_VISA, ISSUE_DATA_VISA, ID_PEOPLE, NUMBER_VISA, ID, NUMBER_PASSPORT, SERIAL_PASSPORT) VALUES ('8', TO_DATE('26.9.2018', 'dd.mm.yyyy'), TO_DATE('20.2.2012', 'dd.mm.yyyy'), '49', '5355576388773763', '39', '572824', '9811');
INSERT INTO CLIENTS (ID_EMPLOYEE, PERIOD_VALID_VISA, ISSUE_DATA_VISA, ID_PEOPLE, NUMBER_VISA, ID, NUMBER_PASSPORT, SERIAL_PASSPORT) VALUES ('10', TO_DATE('11.10.2017', 'dd.mm.yyyy'), TO_DATE('25.1.2011', 'dd.mm.yyyy'), '50', '4892641104204139', '40', '874325', '7009');
INSERT INTO CLIENTS (ID_EMPLOYEE, PERIOD_VALID_VISA, ISSUE_DATA_VISA, ID_PEOPLE, NUMBER_VISA, ID, NUMBER_PASSPORT, SERIAL_PASSPORT) VALUES ('10', TO_DATE('24.11.2019', 'dd.mm.yyyy'), TO_DATE('1.9.2012', 'dd.mm.yyyy'), '51', '2987595856404805', '41', '874992', '5143');
INSERT INTO CLIENTS (ID_EMPLOYEE, PERIOD_VALID_VISA, ISSUE_DATA_VISA, ID_PEOPLE, NUMBER_VISA, ID, NUMBER_PASSPORT, SERIAL_PASSPORT) VALUES ('9', TO_DATE('23.3.2016', 'dd.mm.yyyy'), TO_DATE('8.6.2012', 'dd.mm.yyyy'), '52', '4278640301197444', '42', '593236', '5898');
INSERT INTO CLIENTS (ID_EMPLOYEE, PERIOD_VALID_VISA, ISSUE_DATA_VISA, ID_PEOPLE, NUMBER_VISA, ID, NUMBER_PASSPORT, SERIAL_PASSPORT) VALUES ('8', TO_DATE('15.7.2019', 'dd.mm.yyyy'), TO_DATE('22.5.2013', 'dd.mm.yyyy'), '53', '3080562797340081', '43', '851132', '3609');
INSERT INTO CLIENTS (ID_EMPLOYEE, PERIOD_VALID_VISA, ISSUE_DATA_VISA, ID_PEOPLE, NUMBER_VISA, ID, NUMBER_PASSPORT, SERIAL_PASSPORT) VALUES ('9', TO_DATE('15.9.2019', 'dd.mm.yyyy'), TO_DATE('1.6.2012', 'dd.mm.yyyy'), '54', '8922333842401827', '44', '608987', '9939');
INSERT INTO CLIENTS (ID_EMPLOYEE, PERIOD_VALID_VISA, ISSUE_DATA_VISA, ID_PEOPLE, NUMBER_VISA, ID, NUMBER_PASSPORT, SERIAL_PASSPORT) VALUES ('6', TO_DATE('20.2.2016', 'dd.mm.yyyy'), TO_DATE('26.10.2012', 'dd.mm.yyyy'), '55', '9593275353372222', '45', '510843', '7245');
INSERT INTO CLIENTS (ID_EMPLOYEE, PERIOD_VALID_VISA, ISSUE_DATA_VISA, ID_PEOPLE, NUMBER_VISA, ID, NUMBER_PASSPORT, SERIAL_PASSPORT) VALUES ('4', TO_DATE('24.4.2018', 'dd.mm.yyyy'), TO_DATE('1.9.2011', 'dd.mm.yyyy'), '56', '2358574030210729', '46', '546124', '9198');
INSERT INTO CLIENTS (ID_EMPLOYEE, PERIOD_VALID_VISA, ISSUE_DATA_VISA, ID_PEOPLE, NUMBER_VISA, ID, NUMBER_PASSPORT, SERIAL_PASSPORT) VALUES ('10', TO_DATE('3.2.2017', 'dd.mm.yyyy'), TO_DATE('13.11.2012', 'dd.mm.yyyy'), '57', '9421185469053453', '47', '623591', '5822');
INSERT INTO CLIENTS (ID_EMPLOYEE, PERIOD_VALID_VISA, ISSUE_DATA_VISA, ID_PEOPLE, NUMBER_VISA, ID, NUMBER_PASSPORT, SERIAL_PASSPORT) VALUES ('7', TO_DATE('14.5.2015', 'dd.mm.yyyy'), TO_DATE('27.10.2013', 'dd.mm.yyyy'), '58', '5987981607079819', '48', '949217', '4114');
INSERT INTO CLIENTS (ID_EMPLOYEE, PERIOD_VALID_VISA, ISSUE_DATA_VISA, ID_PEOPLE, NUMBER_VISA, ID, NUMBER_PASSPORT, SERIAL_PASSPORT) VALUES ('9', TO_DATE('23.8.2015', 'dd.mm.yyyy'), TO_DATE('20.7.2012', 'dd.mm.yyyy'), '59', '4253676862886077', '49', '449496', '7900');
INSERT INTO CLIENTS (ID_EMPLOYEE, PERIOD_VALID_VISA, ISSUE_DATA_VISA, ID_PEOPLE, NUMBER_VISA, ID, NUMBER_PASSPORT, SERIAL_PASSPORT) VALUES ('5', TO_DATE('3.6.2019', 'dd.mm.yyyy'), TO_DATE('4.10.2013', 'dd.mm.yyyy'), '60', '8540896274260402', '50', '131379', '3816');
INSERT INTO CLIENTS (ID_EMPLOYEE, PERIOD_VALID_VISA, ISSUE_DATA_VISA, ID_PEOPLE, NUMBER_VISA, ID, NUMBER_PASSPORT, SERIAL_PASSPORT) VALUES ('7', TO_DATE('9.9.2016', 'dd.mm.yyyy'), TO_DATE('1.10.2011', 'dd.mm.yyyy'), '61', '5800962732804827', '51', '775487', '3194');
INSERT INTO CLIENTS (ID_EMPLOYEE, PERIOD_VALID_VISA, ISSUE_DATA_VISA, ID_PEOPLE, NUMBER_VISA, ID, NUMBER_PASSPORT, SERIAL_PASSPORT) VALUES ('2', TO_DATE('12.9.2018', 'dd.mm.yyyy'), TO_DATE('20.8.2013', 'dd.mm.yyyy'), '62', '9544650938640171', '52', '491694', '1537');
INSERT INTO CLIENTS (ID_EMPLOYEE, PERIOD_VALID_VISA, ISSUE_DATA_VISA, ID_PEOPLE, NUMBER_VISA, ID, NUMBER_PASSPORT, SERIAL_PASSPORT) VALUES ('7', TO_DATE('26.9.2017', 'dd.mm.yyyy'), TO_DATE('24.1.2012', 'dd.mm.yyyy'), '63', '5097863708419478', '53', '933947', '4572');
INSERT INTO CLIENTS (ID_EMPLOYEE, PERIOD_VALID_VISA, ISSUE_DATA_VISA, ID_PEOPLE, NUMBER_VISA, ID, NUMBER_PASSPORT, SERIAL_PASSPORT) VALUES ('4', TO_DATE('16.2.2019', 'dd.mm.yyyy'), TO_DATE('26.8.2012', 'dd.mm.yyyy'), '64', '6983174715173012', '54', '244251', '5774');
INSERT INTO CLIENTS (ID_EMPLOYEE, PERIOD_VALID_VISA, ISSUE_DATA_VISA, ID_PEOPLE, NUMBER_VISA, ID, NUMBER_PASSPORT, SERIAL_PASSPORT) VALUES ('3', TO_DATE('18.6.2017', 'dd.mm.yyyy'), TO_DATE('2.3.2011', 'dd.mm.yyyy'), '65', '7470206884582462', '55', '329500', '2503');
INSERT INTO CLIENTS (ID_EMPLOYEE, PERIOD_VALID_VISA, ISSUE_DATA_VISA, ID_PEOPLE, NUMBER_VISA, ID, NUMBER_PASSPORT, SERIAL_PASSPORT) VALUES ('8', TO_DATE('7.11.2016', 'dd.mm.yyyy'), TO_DATE('23.9.2012', 'dd.mm.yyyy'), '66', '9240164390343861', '56', '484237', '6688');
INSERT INTO CLIENTS (ID_EMPLOYEE, PERIOD_VALID_VISA, ISSUE_DATA_VISA, ID_PEOPLE, NUMBER_VISA, ID, NUMBER_PASSPORT, SERIAL_PASSPORT) VALUES ('8', TO_DATE('10.7.2016', 'dd.mm.yyyy'), TO_DATE('20.7.2011', 'dd.mm.yyyy'), '67', '1772261943053705', '57', '595005', '4699');
INSERT INTO CLIENTS (ID_EMPLOYEE, PERIOD_VALID_VISA, ISSUE_DATA_VISA, ID_PEOPLE, NUMBER_VISA, ID, NUMBER_PASSPORT, SERIAL_PASSPORT) VALUES ('9', TO_DATE('29.8.2015', 'dd.mm.yyyy'), TO_DATE('18.8.2011', 'dd.mm.yyyy'), '68', '5141858975605208', '58', '632999', '5422');
INSERT INTO CLIENTS (ID_EMPLOYEE, PERIOD_VALID_VISA, ISSUE_DATA_VISA, ID_PEOPLE, NUMBER_VISA, ID, NUMBER_PASSPORT, SERIAL_PASSPORT) VALUES ('1', TO_DATE('27.3.2016', 'dd.mm.yyyy'), TO_DATE('13.6.2011', 'dd.mm.yyyy'), '69', '3262500415168893', '59', '812921', '5045');
INSERT INTO CLIENTS (ID_EMPLOYEE, PERIOD_VALID_VISA, ISSUE_DATA_VISA, ID_PEOPLE, NUMBER_VISA, ID, NUMBER_PASSPORT, SERIAL_PASSPORT) VALUES ('6', TO_DATE('28.9.2016', 'dd.mm.yyyy'), TO_DATE('21.1.2012', 'dd.mm.yyyy'), '70', '1654929453962778', '60', '787376', '3257');
INSERT INTO CLIENTS (ID_EMPLOYEE, PERIOD_VALID_VISA, ISSUE_DATA_VISA, ID_PEOPLE, NUMBER_VISA, ID, NUMBER_PASSPORT, SERIAL_PASSPORT) VALUES ('2', TO_DATE('7.9.2018', 'dd.mm.yyyy'), TO_DATE('26.8.2013', 'dd.mm.yyyy'), '71', '9480582802192804', '61', '203517', '1286');
INSERT INTO CLIENTS (ID_EMPLOYEE, PERIOD_VALID_VISA, ISSUE_DATA_VISA, ID_PEOPLE, NUMBER_VISA, ID, NUMBER_PASSPORT, SERIAL_PASSPORT) VALUES ('3', TO_DATE('2.4.2018', 'dd.mm.yyyy'), TO_DATE('24.2.2013', 'dd.mm.yyyy'), '72', '2346762540635622', '62', '253376', '8818');
INSERT INTO CLIENTS (ID_EMPLOYEE, PERIOD_VALID_VISA, ISSUE_DATA_VISA, ID_PEOPLE, NUMBER_VISA, ID, NUMBER_PASSPORT, SERIAL_PASSPORT) VALUES ('3', TO_DATE('23.6.2015', 'dd.mm.yyyy'), TO_DATE('17.11.2011', 'dd.mm.yyyy'), '73', '5388931924210473', '63', '491651', '8352');
INSERT INTO CLIENTS (ID_EMPLOYEE, PERIOD_VALID_VISA, ISSUE_DATA_VISA, ID_PEOPLE, NUMBER_VISA, ID, NUMBER_PASSPORT, SERIAL_PASSPORT) VALUES ('9', TO_DATE('14.2.2015', 'dd.mm.yyyy'), TO_DATE('12.4.2011', 'dd.mm.yyyy'), '74', '7944505715485200', '64', '950260', '4829');
INSERT INTO CLIENTS (ID_EMPLOYEE, PERIOD_VALID_VISA, ISSUE_DATA_VISA, ID_PEOPLE, NUMBER_VISA, ID, NUMBER_PASSPORT, SERIAL_PASSPORT) VALUES ('2', TO_DATE('2.2.2015', 'dd.mm.yyyy'), TO_DATE('8.9.2011', 'dd.mm.yyyy'), '75', '1704563504141041', '65', '212640', '5251');
INSERT INTO CLIENTS (ID_EMPLOYEE, PERIOD_VALID_VISA, ISSUE_DATA_VISA, ID_PEOPLE, NUMBER_VISA, ID, NUMBER_PASSPORT, SERIAL_PASSPORT) VALUES ('5', TO_DATE('9.10.2019', 'dd.mm.yyyy'), TO_DATE('18.4.2012', 'dd.mm.yyyy'), '76', '5087678288466933', '66', '410507', '6786');
INSERT INTO CLIENTS (ID_EMPLOYEE, PERIOD_VALID_VISA, ISSUE_DATA_VISA, ID_PEOPLE, NUMBER_VISA, ID, NUMBER_PASSPORT, SERIAL_PASSPORT) VALUES ('6', TO_DATE('23.4.2019', 'dd.mm.yyyy'), TO_DATE('4.5.2013', 'dd.mm.yyyy'), '77', '7400041520941189', '67', '540515', '8628');
INSERT INTO CLIENTS (ID_EMPLOYEE, PERIOD_VALID_VISA, ISSUE_DATA_VISA, ID_PEOPLE, NUMBER_VISA, ID, NUMBER_PASSPORT, SERIAL_PASSPORT) VALUES ('9', TO_DATE('29.10.2018', 'dd.mm.yyyy'), TO_DATE('18.2.2011', 'dd.mm.yyyy'), '78', '8548296252733488', '68', '343178', '4821');
INSERT INTO CLIENTS (ID_EMPLOYEE, PERIOD_VALID_VISA, ISSUE_DATA_VISA, ID_PEOPLE, NUMBER_VISA, ID, NUMBER_PASSPORT, SERIAL_PASSPORT) VALUES ('4', TO_DATE('16.6.2015', 'dd.mm.yyyy'), TO_DATE('5.5.2013', 'dd.mm.yyyy'), '79', '2205935548880004', '69', '657099', '4841');
INSERT INTO CLIENTS (ID_EMPLOYEE, PERIOD_VALID_VISA, ISSUE_DATA_VISA, ID_PEOPLE, NUMBER_VISA, ID, NUMBER_PASSPORT, SERIAL_PASSPORT) VALUES ('4', TO_DATE('21.4.2016', 'dd.mm.yyyy'), TO_DATE('10.9.2013', 'dd.mm.yyyy'), '80', '8505649814031537', '70', '300447', '7547');
INSERT INTO CLIENTS (ID_EMPLOYEE, PERIOD_VALID_VISA, ISSUE_DATA_VISA, ID_PEOPLE, NUMBER_VISA, ID, NUMBER_PASSPORT, SERIAL_PASSPORT) VALUES ('8', TO_DATE('16.4.2018', 'dd.mm.yyyy'), TO_DATE('2.3.2012', 'dd.mm.yyyy'), '81', '2175107960174964', '71', '702992', '7957');
INSERT INTO CLIENTS (ID_EMPLOYEE, PERIOD_VALID_VISA, ISSUE_DATA_VISA, ID_PEOPLE, NUMBER_VISA, ID, NUMBER_PASSPORT, SERIAL_PASSPORT) VALUES ('7', TO_DATE('2.1.2018', 'dd.mm.yyyy'), TO_DATE('18.11.2011', 'dd.mm.yyyy'), '82', '8372919300649750', '72', '759454', '4660');
INSERT INTO CLIENTS (ID_EMPLOYEE, PERIOD_VALID_VISA, ISSUE_DATA_VISA, ID_PEOPLE, NUMBER_VISA, ID, NUMBER_PASSPORT, SERIAL_PASSPORT) VALUES ('7', TO_DATE('21.11.2016', 'dd.mm.yyyy'), TO_DATE('23.8.2011', 'dd.mm.yyyy'), '83', '2526040010078492', '73', '577921', '2868');
INSERT INTO CLIENTS (ID_EMPLOYEE, PERIOD_VALID_VISA, ISSUE_DATA_VISA, ID_PEOPLE, NUMBER_VISA, ID, NUMBER_PASSPORT, SERIAL_PASSPORT) VALUES ('1', TO_DATE('3.7.2017', 'dd.mm.yyyy'), TO_DATE('17.10.2011', 'dd.mm.yyyy'), '84', '1743342289481529', '74', '923164', '6622');
INSERT INTO CLIENTS (ID_EMPLOYEE, PERIOD_VALID_VISA, ISSUE_DATA_VISA, ID_PEOPLE, NUMBER_VISA, ID, NUMBER_PASSPORT, SERIAL_PASSPORT) VALUES ('2', TO_DATE('2.8.2016', 'dd.mm.yyyy'), TO_DATE('12.6.2012', 'dd.mm.yyyy'), '85', '2709762435193372', '75', '251838', '6405');
INSERT INTO CLIENTS (ID_EMPLOYEE, PERIOD_VALID_VISA, ISSUE_DATA_VISA, ID_PEOPLE, NUMBER_VISA, ID, NUMBER_PASSPORT, SERIAL_PASSPORT) VALUES ('9', TO_DATE('22.10.2019', 'dd.mm.yyyy'), TO_DATE('1.4.2011', 'dd.mm.yyyy'), '86', '4805937497387984', '76', '447033', '4112');
INSERT INTO CLIENTS (ID_EMPLOYEE, PERIOD_VALID_VISA, ISSUE_DATA_VISA, ID_PEOPLE, NUMBER_VISA, ID, NUMBER_PASSPORT, SERIAL_PASSPORT) VALUES ('6', TO_DATE('22.9.2016', 'dd.mm.yyyy'), TO_DATE('7.10.2011', 'dd.mm.yyyy'), '87', '3311515049835145', '77', '540294', '3168');
INSERT INTO CLIENTS (ID_EMPLOYEE, PERIOD_VALID_VISA, ISSUE_DATA_VISA, ID_PEOPLE, NUMBER_VISA, ID, NUMBER_PASSPORT, SERIAL_PASSPORT) VALUES ('4', TO_DATE('13.1.2015', 'dd.mm.yyyy'), TO_DATE('3.9.2012', 'dd.mm.yyyy'), '88', '6490280134518315', '78', '183070', '7884');
INSERT INTO CLIENTS (ID_EMPLOYEE, PERIOD_VALID_VISA, ISSUE_DATA_VISA, ID_PEOPLE, NUMBER_VISA, ID, NUMBER_PASSPORT, SERIAL_PASSPORT) VALUES ('7', TO_DATE('26.8.2017', 'dd.mm.yyyy'), TO_DATE('25.6.2012', 'dd.mm.yyyy'), '89', '8613363716648189', '79', '332164', '3324');
INSERT INTO CLIENTS (ID_EMPLOYEE, PERIOD_VALID_VISA, ISSUE_DATA_VISA, ID_PEOPLE, NUMBER_VISA, ID, NUMBER_PASSPORT, SERIAL_PASSPORT) VALUES ('2', TO_DATE('23.6.2017', 'dd.mm.yyyy'), TO_DATE('24.9.2011', 'dd.mm.yyyy'), '90', '7145234617273447', '80', '114601', '2416');
INSERT INTO CLIENTS (ID_EMPLOYEE, PERIOD_VALID_VISA, ISSUE_DATA_VISA, ID_PEOPLE, NUMBER_VISA, ID, NUMBER_PASSPORT, SERIAL_PASSPORT) VALUES ('3', TO_DATE('10.3.2018', 'dd.mm.yyyy'), TO_DATE('1.11.2012', 'dd.mm.yyyy'), '91', '1901364263354151', '81', '471736', '6953');
INSERT INTO CLIENTS (ID_EMPLOYEE, PERIOD_VALID_VISA, ISSUE_DATA_VISA, ID_PEOPLE, NUMBER_VISA, ID, NUMBER_PASSPORT, SERIAL_PASSPORT) VALUES ('5', TO_DATE('4.10.2017', 'dd.mm.yyyy'), TO_DATE('3.10.2011', 'dd.mm.yyyy'), '92', '6789500646295966', '82', '601592', '4029');
INSERT INTO CLIENTS (ID_EMPLOYEE, PERIOD_VALID_VISA, ISSUE_DATA_VISA, ID_PEOPLE, NUMBER_VISA, ID, NUMBER_PASSPORT, SERIAL_PASSPORT) VALUES ('7', TO_DATE('26.1.2019', 'dd.mm.yyyy'), TO_DATE('26.10.2013', 'dd.mm.yyyy'), '93', '9890567528833348', '83', '891446', '1758');
INSERT INTO CLIENTS (ID_EMPLOYEE, PERIOD_VALID_VISA, ISSUE_DATA_VISA, ID_PEOPLE, NUMBER_VISA, ID, NUMBER_PASSPORT, SERIAL_PASSPORT) VALUES ('9', TO_DATE('13.8.2016', 'dd.mm.yyyy'), TO_DATE('29.3.2011', 'dd.mm.yyyy'), '94', '2091935784489847', '84', '164264', '6969');
INSERT INTO CLIENTS (ID_EMPLOYEE, PERIOD_VALID_VISA, ISSUE_DATA_VISA, ID_PEOPLE, NUMBER_VISA, ID, NUMBER_PASSPORT, SERIAL_PASSPORT) VALUES ('2', TO_DATE('20.8.2016', 'dd.mm.yyyy'), TO_DATE('12.6.2012', 'dd.mm.yyyy'), '95', '7699687098653061', '85', '456461', '4877');
INSERT INTO CLIENTS (ID_EMPLOYEE, PERIOD_VALID_VISA, ISSUE_DATA_VISA, ID_PEOPLE, NUMBER_VISA, ID, NUMBER_PASSPORT, SERIAL_PASSPORT) VALUES ('5', TO_DATE('24.3.2019', 'dd.mm.yyyy'), TO_DATE('22.6.2012', 'dd.mm.yyyy'), '96', '2467330283541164', '86', '467237', '1080');
INSERT INTO CLIENTS (ID_EMPLOYEE, PERIOD_VALID_VISA, ISSUE_DATA_VISA, ID_PEOPLE, NUMBER_VISA, ID, NUMBER_PASSPORT, SERIAL_PASSPORT) VALUES ('9', TO_DATE('24.4.2015', 'dd.mm.yyyy'), TO_DATE('14.10.2013', 'dd.mm.yyyy'), '97', '9680852461771298', '87', '610665', '6356');
INSERT INTO CLIENTS (ID_EMPLOYEE, PERIOD_VALID_VISA, ISSUE_DATA_VISA, ID_PEOPLE, NUMBER_VISA, ID, NUMBER_PASSPORT, SERIAL_PASSPORT) VALUES ('5', TO_DATE('25.11.2018', 'dd.mm.yyyy'), TO_DATE('3.11.2013', 'dd.mm.yyyy'), '98', '4070590368775478', '88', '410082', '7202');
INSERT INTO CLIENTS (ID_EMPLOYEE, PERIOD_VALID_VISA, ISSUE_DATA_VISA, ID_PEOPLE, NUMBER_VISA, ID, NUMBER_PASSPORT, SERIAL_PASSPORT) VALUES ('2', TO_DATE('8.6.2015', 'dd.mm.yyyy'), TO_DATE('27.9.2012', 'dd.mm.yyyy'), '99', '2204547450406825', '89', '894166', '6959');
INSERT INTO CLIENTS (ID_EMPLOYEE, PERIOD_VALID_VISA, ISSUE_DATA_VISA, ID_PEOPLE, NUMBER_VISA, ID, NUMBER_PASSPORT, SERIAL_PASSPORT) VALUES ('3', TO_DATE('12.9.2019', 'dd.mm.yyyy'), TO_DATE('6.9.2012', 'dd.mm.yyyy'), '100', '7397318016858793', '90', '200257', '2500');

--*********************************************
--USERS
--*********************************************
INSERT INTO USERS (LOGIN, ROLE, HASH_PASSWD, ID_PEOPLE, ID) VALUES ('qweqwe2', 'EMPLOYEE', '%EF%BF%BD%EF%BF%BD9%EF%BF%BD%27%EF%BF%BD%EF%BF%BD%1B.%EF%BF%BD%EF%BF%BD+%7F%EF%BF%BD%26c', '1', '1');
INSERT INTO USERS (LOGIN, ROLE, HASH_PASSWD, ID_PEOPLE, ID) VALUES ('qweqwe3', 'EMPLOYEE', '%EF%BF%BD%EF%BF%BD9%EF%BF%BD%27%EF%BF%BD%EF%BF%BD%1B.%EF%BF%BD%EF%BF%BD+%7F%EF%BF%BD%26c', '2', '2');
INSERT INTO USERS (LOGIN, ROLE, HASH_PASSWD, ID_PEOPLE, ID) VALUES ('qweqwe4', 'EMPLOYEE', '%EF%BF%BD%EF%BF%BD9%EF%BF%BD%27%EF%BF%BD%EF%BF%BD%1B.%EF%BF%BD%EF%BF%BD+%7F%EF%BF%BD%26c', '3', '3');
INSERT INTO USERS (LOGIN, ROLE, HASH_PASSWD, ID_PEOPLE, ID) VALUES ('qweqwe5', 'EMPLOYEE', '%EF%BF%BD%EF%BF%BD9%EF%BF%BD%27%EF%BF%BD%EF%BF%BD%1B.%EF%BF%BD%EF%BF%BD+%7F%EF%BF%BD%26c', '4', '4');
INSERT INTO USERS (LOGIN, ROLE, HASH_PASSWD, ID_PEOPLE, ID) VALUES ('qweqwe6', 'EMPLOYEE', '%EF%BF%BD%EF%BF%BD9%EF%BF%BD%27%EF%BF%BD%EF%BF%BD%1B.%EF%BF%BD%EF%BF%BD+%7F%EF%BF%BD%26c', '5', '5');
INSERT INTO USERS (LOGIN, ROLE, HASH_PASSWD, ID_PEOPLE, ID) VALUES ('qweqwe7', 'EMPLOYEE', '%EF%BF%BD%EF%BF%BD9%EF%BF%BD%27%EF%BF%BD%EF%BF%BD%1B.%EF%BF%BD%EF%BF%BD+%7F%EF%BF%BD%26c', '6', '6');
INSERT INTO USERS (LOGIN, ROLE, HASH_PASSWD, ID_PEOPLE, ID) VALUES ('qweqwe8', 'EMPLOYEE', '%EF%BF%BD%EF%BF%BD9%EF%BF%BD%27%EF%BF%BD%EF%BF%BD%1B.%EF%BF%BD%EF%BF%BD+%7F%EF%BF%BD%26c', '7', '7');
INSERT INTO USERS (LOGIN, ROLE, HASH_PASSWD, ID_PEOPLE, ID) VALUES ('qweqwe9', 'EMPLOYEE', '%EF%BF%BD%EF%BF%BD9%EF%BF%BD%27%EF%BF%BD%EF%BF%BD%1B.%EF%BF%BD%EF%BF%BD+%7F%EF%BF%BD%26c', '8', '8');
INSERT INTO USERS (LOGIN, ROLE, HASH_PASSWD, ID_PEOPLE, ID) VALUES ('qweqwe10', 'EMPLOYEE', '%EF%BF%BD%EF%BF%BD9%EF%BF%BD%27%EF%BF%BD%EF%BF%BD%1B.%EF%BF%BD%EF%BF%BD+%7F%EF%BF%BD%26c', '9', '9');
INSERT INTO USERS (LOGIN, ROLE, HASH_PASSWD, ID_PEOPLE, ID) VALUES ('qweqwe11', 'EMPLOYEE', '%EF%BF%BD%EF%BF%BD9%EF%BF%BD%27%EF%BF%BD%EF%BF%BD%1B.%EF%BF%BD%EF%BF%BD+%7F%EF%BF%BD%26c', '10', '10');
INSERT INTO USERS (LOGIN, ROLE, HASH_PASSWD, ID_PEOPLE, ID) VALUES ('qweqwe12', 'USER', '%EF%BF%BD%EF%BF%BD9%EF%BF%BD%27%EF%BF%BD%EF%BF%BD%1B.%EF%BF%BD%EF%BF%BD+%7F%EF%BF%BD%26c', '11', '11');
INSERT INTO USERS (LOGIN, ROLE, HASH_PASSWD, ID_PEOPLE, ID) VALUES ('qweqwe13', 'USER', '%EF%BF%BD%EF%BF%BD9%EF%BF%BD%27%EF%BF%BD%EF%BF%BD%1B.%EF%BF%BD%EF%BF%BD+%7F%EF%BF%BD%26c', '12', '12');
INSERT INTO USERS (LOGIN, ROLE, HASH_PASSWD, ID_PEOPLE, ID) VALUES ('qweqwe14', 'USER', '%EF%BF%BD%EF%BF%BD9%EF%BF%BD%27%EF%BF%BD%EF%BF%BD%1B.%EF%BF%BD%EF%BF%BD+%7F%EF%BF%BD%26c', '13', '13');
INSERT INTO USERS (LOGIN, ROLE, HASH_PASSWD, ID_PEOPLE, ID) VALUES ('qweqwe15', 'USER', '%EF%BF%BD%EF%BF%BD9%EF%BF%BD%27%EF%BF%BD%EF%BF%BD%1B.%EF%BF%BD%EF%BF%BD+%7F%EF%BF%BD%26c', '14', '14');
INSERT INTO USERS (LOGIN, ROLE, HASH_PASSWD, ID_PEOPLE, ID) VALUES ('qweqwe16', 'USER', '%EF%BF%BD%EF%BF%BD9%EF%BF%BD%27%EF%BF%BD%EF%BF%BD%1B.%EF%BF%BD%EF%BF%BD+%7F%EF%BF%BD%26c', '15', '15');
INSERT INTO USERS (LOGIN, ROLE, HASH_PASSWD, ID_PEOPLE, ID) VALUES ('qweqwe17', 'USER', '%EF%BF%BD%EF%BF%BD9%EF%BF%BD%27%EF%BF%BD%EF%BF%BD%1B.%EF%BF%BD%EF%BF%BD+%7F%EF%BF%BD%26c', '16', '16');
INSERT INTO USERS (LOGIN, ROLE, HASH_PASSWD, ID_PEOPLE, ID) VALUES ('qweqwe18', 'USER', '%EF%BF%BD%EF%BF%BD9%EF%BF%BD%27%EF%BF%BD%EF%BF%BD%1B.%EF%BF%BD%EF%BF%BD+%7F%EF%BF%BD%26c', '17', '17');
INSERT INTO USERS (LOGIN, ROLE, HASH_PASSWD, ID_PEOPLE, ID) VALUES ('qweqwe19', 'USER', '%EF%BF%BD%EF%BF%BD9%EF%BF%BD%27%EF%BF%BD%EF%BF%BD%1B.%EF%BF%BD%EF%BF%BD+%7F%EF%BF%BD%26c', '18', '18');
INSERT INTO USERS (LOGIN, ROLE, HASH_PASSWD, ID_PEOPLE, ID) VALUES ('qweqwe20', 'USER', '%EF%BF%BD%EF%BF%BD9%EF%BF%BD%27%EF%BF%BD%EF%BF%BD%1B.%EF%BF%BD%EF%BF%BD+%7F%EF%BF%BD%26c', '19', '19');
INSERT INTO USERS (LOGIN, ROLE, HASH_PASSWD, ID_PEOPLE, ID) VALUES ('qweqwe21', 'USER', '%EF%BF%BD%EF%BF%BD9%EF%BF%BD%27%EF%BF%BD%EF%BF%BD%1B.%EF%BF%BD%EF%BF%BD+%7F%EF%BF%BD%26c', '20', '20');
INSERT INTO USERS (LOGIN, ROLE, HASH_PASSWD, ID_PEOPLE, ID) VALUES ('qweqwe22', 'USER', '%EF%BF%BD%EF%BF%BD9%EF%BF%BD%27%EF%BF%BD%EF%BF%BD%1B.%EF%BF%BD%EF%BF%BD+%7F%EF%BF%BD%26c', '21', '21');
INSERT INTO USERS (LOGIN, ROLE, HASH_PASSWD, ID_PEOPLE, ID) VALUES ('qweqwe23', 'USER', '%EF%BF%BD%EF%BF%BD9%EF%BF%BD%27%EF%BF%BD%EF%BF%BD%1B.%EF%BF%BD%EF%BF%BD+%7F%EF%BF%BD%26c', '22', '22');
INSERT INTO USERS (LOGIN, ROLE, HASH_PASSWD, ID_PEOPLE, ID) VALUES ('qweqwe24', 'USER', '%EF%BF%BD%EF%BF%BD9%EF%BF%BD%27%EF%BF%BD%EF%BF%BD%1B.%EF%BF%BD%EF%BF%BD+%7F%EF%BF%BD%26c', '23', '23');
INSERT INTO USERS (LOGIN, ROLE, HASH_PASSWD, ID_PEOPLE, ID) VALUES ('qweqwe25', 'USER', '%EF%BF%BD%EF%BF%BD9%EF%BF%BD%27%EF%BF%BD%EF%BF%BD%1B.%EF%BF%BD%EF%BF%BD+%7F%EF%BF%BD%26c', '24', '24');
INSERT INTO USERS (LOGIN, ROLE, HASH_PASSWD, ID_PEOPLE, ID) VALUES ('qweqwe26', 'USER', '%EF%BF%BD%EF%BF%BD9%EF%BF%BD%27%EF%BF%BD%EF%BF%BD%1B.%EF%BF%BD%EF%BF%BD+%7F%EF%BF%BD%26c', '25', '25');
INSERT INTO USERS (LOGIN, ROLE, HASH_PASSWD, ID_PEOPLE, ID) VALUES ('qweqwe27', 'USER', '%EF%BF%BD%EF%BF%BD9%EF%BF%BD%27%EF%BF%BD%EF%BF%BD%1B.%EF%BF%BD%EF%BF%BD+%7F%EF%BF%BD%26c', '26', '26');
INSERT INTO USERS (LOGIN, ROLE, HASH_PASSWD, ID_PEOPLE, ID) VALUES ('qweqwe28', 'USER', '%EF%BF%BD%EF%BF%BD9%EF%BF%BD%27%EF%BF%BD%EF%BF%BD%1B.%EF%BF%BD%EF%BF%BD+%7F%EF%BF%BD%26c', '27', '27');
INSERT INTO USERS (LOGIN, ROLE, HASH_PASSWD, ID_PEOPLE, ID) VALUES ('qweqwe29', 'USER', '%EF%BF%BD%EF%BF%BD9%EF%BF%BD%27%EF%BF%BD%EF%BF%BD%1B.%EF%BF%BD%EF%BF%BD+%7F%EF%BF%BD%26c', '28', '28');
INSERT INTO USERS (LOGIN, ROLE, HASH_PASSWD, ID_PEOPLE, ID) VALUES ('qweqwe30', 'USER', '%EF%BF%BD%EF%BF%BD9%EF%BF%BD%27%EF%BF%BD%EF%BF%BD%1B.%EF%BF%BD%EF%BF%BD+%7F%EF%BF%BD%26c', '29', '29');
INSERT INTO USERS (LOGIN, ROLE, HASH_PASSWD, ID_PEOPLE, ID) VALUES ('qweqwe31', 'USER', '%EF%BF%BD%EF%BF%BD9%EF%BF%BD%27%EF%BF%BD%EF%BF%BD%1B.%EF%BF%BD%EF%BF%BD+%7F%EF%BF%BD%26c', '30', '30');
INSERT INTO USERS (LOGIN, ROLE, HASH_PASSWD, ID_PEOPLE, ID) VALUES ('qweqwe32', 'USER', '%EF%BF%BD%EF%BF%BD9%EF%BF%BD%27%EF%BF%BD%EF%BF%BD%1B.%EF%BF%BD%EF%BF%BD+%7F%EF%BF%BD%26c', '31', '31');
INSERT INTO USERS (LOGIN, ROLE, HASH_PASSWD, ID_PEOPLE, ID) VALUES ('qweqwe33', 'USER', '%EF%BF%BD%EF%BF%BD9%EF%BF%BD%27%EF%BF%BD%EF%BF%BD%1B.%EF%BF%BD%EF%BF%BD+%7F%EF%BF%BD%26c', '32', '32');
INSERT INTO USERS (LOGIN, ROLE, HASH_PASSWD, ID_PEOPLE, ID) VALUES ('qweqwe34', 'USER', '%EF%BF%BD%EF%BF%BD9%EF%BF%BD%27%EF%BF%BD%EF%BF%BD%1B.%EF%BF%BD%EF%BF%BD+%7F%EF%BF%BD%26c', '33', '33');
INSERT INTO USERS (LOGIN, ROLE, HASH_PASSWD, ID_PEOPLE, ID) VALUES ('qweqwe35', 'USER', '%EF%BF%BD%EF%BF%BD9%EF%BF%BD%27%EF%BF%BD%EF%BF%BD%1B.%EF%BF%BD%EF%BF%BD+%7F%EF%BF%BD%26c', '34', '34');
INSERT INTO USERS (LOGIN, ROLE, HASH_PASSWD, ID_PEOPLE, ID) VALUES ('qweqwe36', 'USER', '%EF%BF%BD%EF%BF%BD9%EF%BF%BD%27%EF%BF%BD%EF%BF%BD%1B.%EF%BF%BD%EF%BF%BD+%7F%EF%BF%BD%26c', '35', '35');
INSERT INTO USERS (LOGIN, ROLE, HASH_PASSWD, ID_PEOPLE, ID) VALUES ('qweqwe37', 'USER', '%EF%BF%BD%EF%BF%BD9%EF%BF%BD%27%EF%BF%BD%EF%BF%BD%1B.%EF%BF%BD%EF%BF%BD+%7F%EF%BF%BD%26c', '36', '36');
INSERT INTO USERS (LOGIN, ROLE, HASH_PASSWD, ID_PEOPLE, ID) VALUES ('qweqwe38', 'USER', '%EF%BF%BD%EF%BF%BD9%EF%BF%BD%27%EF%BF%BD%EF%BF%BD%1B.%EF%BF%BD%EF%BF%BD+%7F%EF%BF%BD%26c', '37', '37');
INSERT INTO USERS (LOGIN, ROLE, HASH_PASSWD, ID_PEOPLE, ID) VALUES ('qweqwe39', 'USER', '%EF%BF%BD%EF%BF%BD9%EF%BF%BD%27%EF%BF%BD%EF%BF%BD%1B.%EF%BF%BD%EF%BF%BD+%7F%EF%BF%BD%26c', '38', '38');
INSERT INTO USERS (LOGIN, ROLE, HASH_PASSWD, ID_PEOPLE, ID) VALUES ('qweqwe40', 'USER', '%EF%BF%BD%EF%BF%BD9%EF%BF%BD%27%EF%BF%BD%EF%BF%BD%1B.%EF%BF%BD%EF%BF%BD+%7F%EF%BF%BD%26c', '39', '39');
INSERT INTO USERS (LOGIN, ROLE, HASH_PASSWD, ID_PEOPLE, ID) VALUES ('qweqwe41', 'USER', '%EF%BF%BD%EF%BF%BD9%EF%BF%BD%27%EF%BF%BD%EF%BF%BD%1B.%EF%BF%BD%EF%BF%BD+%7F%EF%BF%BD%26c', '40', '40');
INSERT INTO USERS (LOGIN, ROLE, HASH_PASSWD, ID_PEOPLE, ID) VALUES ('qweqwe42', 'USER', '%EF%BF%BD%EF%BF%BD9%EF%BF%BD%27%EF%BF%BD%EF%BF%BD%1B.%EF%BF%BD%EF%BF%BD+%7F%EF%BF%BD%26c', '41', '41');
INSERT INTO USERS (LOGIN, ROLE, HASH_PASSWD, ID_PEOPLE, ID) VALUES ('qweqwe43', 'USER', '%EF%BF%BD%EF%BF%BD9%EF%BF%BD%27%EF%BF%BD%EF%BF%BD%1B.%EF%BF%BD%EF%BF%BD+%7F%EF%BF%BD%26c', '42', '42');
INSERT INTO USERS (LOGIN, ROLE, HASH_PASSWD, ID_PEOPLE, ID) VALUES ('qweqwe44', 'USER', '%EF%BF%BD%EF%BF%BD9%EF%BF%BD%27%EF%BF%BD%EF%BF%BD%1B.%EF%BF%BD%EF%BF%BD+%7F%EF%BF%BD%26c', '43', '43');
INSERT INTO USERS (LOGIN, ROLE, HASH_PASSWD, ID_PEOPLE, ID) VALUES ('qweqwe45', 'USER', '%EF%BF%BD%EF%BF%BD9%EF%BF%BD%27%EF%BF%BD%EF%BF%BD%1B.%EF%BF%BD%EF%BF%BD+%7F%EF%BF%BD%26c', '44', '44');
INSERT INTO USERS (LOGIN, ROLE, HASH_PASSWD, ID_PEOPLE, ID) VALUES ('qweqwe46', 'USER', '%EF%BF%BD%EF%BF%BD9%EF%BF%BD%27%EF%BF%BD%EF%BF%BD%1B.%EF%BF%BD%EF%BF%BD+%7F%EF%BF%BD%26c', '45', '45');
INSERT INTO USERS (LOGIN, ROLE, HASH_PASSWD, ID_PEOPLE, ID) VALUES ('qweqwe47', 'USER', '%EF%BF%BD%EF%BF%BD9%EF%BF%BD%27%EF%BF%BD%EF%BF%BD%1B.%EF%BF%BD%EF%BF%BD+%7F%EF%BF%BD%26c', '46', '46');
INSERT INTO USERS (LOGIN, ROLE, HASH_PASSWD, ID_PEOPLE, ID) VALUES ('qweqwe48', 'USER', '%EF%BF%BD%EF%BF%BD9%EF%BF%BD%27%EF%BF%BD%EF%BF%BD%1B.%EF%BF%BD%EF%BF%BD+%7F%EF%BF%BD%26c', '47', '47');
INSERT INTO USERS (LOGIN, ROLE, HASH_PASSWD, ID_PEOPLE, ID) VALUES ('qweqwe49', 'USER', '%EF%BF%BD%EF%BF%BD9%EF%BF%BD%27%EF%BF%BD%EF%BF%BD%1B.%EF%BF%BD%EF%BF%BD+%7F%EF%BF%BD%26c', '48', '48');
INSERT INTO USERS (LOGIN, ROLE, HASH_PASSWD, ID_PEOPLE, ID) VALUES ('qweqwe50', 'USER', '%EF%BF%BD%EF%BF%BD9%EF%BF%BD%27%EF%BF%BD%EF%BF%BD%1B.%EF%BF%BD%EF%BF%BD+%7F%EF%BF%BD%26c', '49', '49');
INSERT INTO USERS (LOGIN, ROLE, HASH_PASSWD, ID_PEOPLE, ID) VALUES ('qweqwe51', 'USER', '%EF%BF%BD%EF%BF%BD9%EF%BF%BD%27%EF%BF%BD%EF%BF%BD%1B.%EF%BF%BD%EF%BF%BD+%7F%EF%BF%BD%26c', '50', '50');
INSERT INTO USERS (LOGIN, ROLE, HASH_PASSWD, ID_PEOPLE, ID) VALUES ('qweqwe52', 'USER', '%EF%BF%BD%EF%BF%BD9%EF%BF%BD%27%EF%BF%BD%EF%BF%BD%1B.%EF%BF%BD%EF%BF%BD+%7F%EF%BF%BD%26c', '51', '51');
INSERT INTO USERS (LOGIN, ROLE, HASH_PASSWD, ID_PEOPLE, ID) VALUES ('qweqwe53', 'USER', '%EF%BF%BD%EF%BF%BD9%EF%BF%BD%27%EF%BF%BD%EF%BF%BD%1B.%EF%BF%BD%EF%BF%BD+%7F%EF%BF%BD%26c', '52', '52');
INSERT INTO USERS (LOGIN, ROLE, HASH_PASSWD, ID_PEOPLE, ID) VALUES ('qweqwe54', 'USER', '%EF%BF%BD%EF%BF%BD9%EF%BF%BD%27%EF%BF%BD%EF%BF%BD%1B.%EF%BF%BD%EF%BF%BD+%7F%EF%BF%BD%26c', '53', '53');
INSERT INTO USERS (LOGIN, ROLE, HASH_PASSWD, ID_PEOPLE, ID) VALUES ('qweqwe55', 'USER', '%EF%BF%BD%EF%BF%BD9%EF%BF%BD%27%EF%BF%BD%EF%BF%BD%1B.%EF%BF%BD%EF%BF%BD+%7F%EF%BF%BD%26c', '54', '54');
INSERT INTO USERS (LOGIN, ROLE, HASH_PASSWD, ID_PEOPLE, ID) VALUES ('qweqwe56', 'USER', '%EF%BF%BD%EF%BF%BD9%EF%BF%BD%27%EF%BF%BD%EF%BF%BD%1B.%EF%BF%BD%EF%BF%BD+%7F%EF%BF%BD%26c', '55', '55');
INSERT INTO USERS (LOGIN, ROLE, HASH_PASSWD, ID_PEOPLE, ID) VALUES ('qweqwe57', 'USER', '%EF%BF%BD%EF%BF%BD9%EF%BF%BD%27%EF%BF%BD%EF%BF%BD%1B.%EF%BF%BD%EF%BF%BD+%7F%EF%BF%BD%26c', '56', '56');
INSERT INTO USERS (LOGIN, ROLE, HASH_PASSWD, ID_PEOPLE, ID) VALUES ('qweqwe58', 'USER', '%EF%BF%BD%EF%BF%BD9%EF%BF%BD%27%EF%BF%BD%EF%BF%BD%1B.%EF%BF%BD%EF%BF%BD+%7F%EF%BF%BD%26c', '57', '57');
INSERT INTO USERS (LOGIN, ROLE, HASH_PASSWD, ID_PEOPLE, ID) VALUES ('qweqwe59', 'USER', '%EF%BF%BD%EF%BF%BD9%EF%BF%BD%27%EF%BF%BD%EF%BF%BD%1B.%EF%BF%BD%EF%BF%BD+%7F%EF%BF%BD%26c', '58', '58');
INSERT INTO USERS (LOGIN, ROLE, HASH_PASSWD, ID_PEOPLE, ID) VALUES ('qweqwe60', 'USER', '%EF%BF%BD%EF%BF%BD9%EF%BF%BD%27%EF%BF%BD%EF%BF%BD%1B.%EF%BF%BD%EF%BF%BD+%7F%EF%BF%BD%26c', '59', '59');
INSERT INTO USERS (LOGIN, ROLE, HASH_PASSWD, ID_PEOPLE, ID) VALUES ('qweqwe61', 'USER', '%EF%BF%BD%EF%BF%BD9%EF%BF%BD%27%EF%BF%BD%EF%BF%BD%1B.%EF%BF%BD%EF%BF%BD+%7F%EF%BF%BD%26c', '60', '60');
INSERT INTO USERS (LOGIN, ROLE, HASH_PASSWD, ID_PEOPLE, ID) VALUES ('qweqwe62', 'USER', '%EF%BF%BD%EF%BF%BD9%EF%BF%BD%27%EF%BF%BD%EF%BF%BD%1B.%EF%BF%BD%EF%BF%BD+%7F%EF%BF%BD%26c', '61', '61');
INSERT INTO USERS (LOGIN, ROLE, HASH_PASSWD, ID_PEOPLE, ID) VALUES ('qweqwe63', 'USER', '%EF%BF%BD%EF%BF%BD9%EF%BF%BD%27%EF%BF%BD%EF%BF%BD%1B.%EF%BF%BD%EF%BF%BD+%7F%EF%BF%BD%26c', '62', '62');
INSERT INTO USERS (LOGIN, ROLE, HASH_PASSWD, ID_PEOPLE, ID) VALUES ('qweqwe64', 'USER', '%EF%BF%BD%EF%BF%BD9%EF%BF%BD%27%EF%BF%BD%EF%BF%BD%1B.%EF%BF%BD%EF%BF%BD+%7F%EF%BF%BD%26c', '63', '63');
INSERT INTO USERS (LOGIN, ROLE, HASH_PASSWD, ID_PEOPLE, ID) VALUES ('qweqwe65', 'USER', '%EF%BF%BD%EF%BF%BD9%EF%BF%BD%27%EF%BF%BD%EF%BF%BD%1B.%EF%BF%BD%EF%BF%BD+%7F%EF%BF%BD%26c', '64', '64');
INSERT INTO USERS (LOGIN, ROLE, HASH_PASSWD, ID_PEOPLE, ID) VALUES ('qweqwe66', 'USER', '%EF%BF%BD%EF%BF%BD9%EF%BF%BD%27%EF%BF%BD%EF%BF%BD%1B.%EF%BF%BD%EF%BF%BD+%7F%EF%BF%BD%26c', '65', '65');
INSERT INTO USERS (LOGIN, ROLE, HASH_PASSWD, ID_PEOPLE, ID) VALUES ('qweqwe67', 'USER', '%EF%BF%BD%EF%BF%BD9%EF%BF%BD%27%EF%BF%BD%EF%BF%BD%1B.%EF%BF%BD%EF%BF%BD+%7F%EF%BF%BD%26c', '66', '66');
INSERT INTO USERS (LOGIN, ROLE, HASH_PASSWD, ID_PEOPLE, ID) VALUES ('qweqwe68', 'USER', '%EF%BF%BD%EF%BF%BD9%EF%BF%BD%27%EF%BF%BD%EF%BF%BD%1B.%EF%BF%BD%EF%BF%BD+%7F%EF%BF%BD%26c', '67', '67');
INSERT INTO USERS (LOGIN, ROLE, HASH_PASSWD, ID_PEOPLE, ID) VALUES ('qweqwe69', 'USER', '%EF%BF%BD%EF%BF%BD9%EF%BF%BD%27%EF%BF%BD%EF%BF%BD%1B.%EF%BF%BD%EF%BF%BD+%7F%EF%BF%BD%26c', '68', '68');
INSERT INTO USERS (LOGIN, ROLE, HASH_PASSWD, ID_PEOPLE, ID) VALUES ('qweqwe70', 'USER', '%EF%BF%BD%EF%BF%BD9%EF%BF%BD%27%EF%BF%BD%EF%BF%BD%1B.%EF%BF%BD%EF%BF%BD+%7F%EF%BF%BD%26c', '69', '69');
INSERT INTO USERS (LOGIN, ROLE, HASH_PASSWD, ID_PEOPLE, ID) VALUES ('qweqwe71', 'USER', '%EF%BF%BD%EF%BF%BD9%EF%BF%BD%27%EF%BF%BD%EF%BF%BD%1B.%EF%BF%BD%EF%BF%BD+%7F%EF%BF%BD%26c', '70', '70');
INSERT INTO USERS (LOGIN, ROLE, HASH_PASSWD, ID_PEOPLE, ID) VALUES ('qweqwe72', 'USER', '%EF%BF%BD%EF%BF%BD9%EF%BF%BD%27%EF%BF%BD%EF%BF%BD%1B.%EF%BF%BD%EF%BF%BD+%7F%EF%BF%BD%26c', '71', '71');
INSERT INTO USERS (LOGIN, ROLE, HASH_PASSWD, ID_PEOPLE, ID) VALUES ('qweqwe73', 'USER', '%EF%BF%BD%EF%BF%BD9%EF%BF%BD%27%EF%BF%BD%EF%BF%BD%1B.%EF%BF%BD%EF%BF%BD+%7F%EF%BF%BD%26c', '72', '72');
INSERT INTO USERS (LOGIN, ROLE, HASH_PASSWD, ID_PEOPLE, ID) VALUES ('qweqwe74', 'USER', '%EF%BF%BD%EF%BF%BD9%EF%BF%BD%27%EF%BF%BD%EF%BF%BD%1B.%EF%BF%BD%EF%BF%BD+%7F%EF%BF%BD%26c', '73', '73');
INSERT INTO USERS (LOGIN, ROLE, HASH_PASSWD, ID_PEOPLE, ID) VALUES ('qweqwe75', 'USER', '%EF%BF%BD%EF%BF%BD9%EF%BF%BD%27%EF%BF%BD%EF%BF%BD%1B.%EF%BF%BD%EF%BF%BD+%7F%EF%BF%BD%26c', '74', '74');
INSERT INTO USERS (LOGIN, ROLE, HASH_PASSWD, ID_PEOPLE, ID) VALUES ('qweqwe76', 'USER', '%EF%BF%BD%EF%BF%BD9%EF%BF%BD%27%EF%BF%BD%EF%BF%BD%1B.%EF%BF%BD%EF%BF%BD+%7F%EF%BF%BD%26c', '75', '75');
INSERT INTO USERS (LOGIN, ROLE, HASH_PASSWD, ID_PEOPLE, ID) VALUES ('qweqwe77', 'USER', '%EF%BF%BD%EF%BF%BD9%EF%BF%BD%27%EF%BF%BD%EF%BF%BD%1B.%EF%BF%BD%EF%BF%BD+%7F%EF%BF%BD%26c', '76', '76');
INSERT INTO USERS (LOGIN, ROLE, HASH_PASSWD, ID_PEOPLE, ID) VALUES ('qweqwe78', 'USER', '%EF%BF%BD%EF%BF%BD9%EF%BF%BD%27%EF%BF%BD%EF%BF%BD%1B.%EF%BF%BD%EF%BF%BD+%7F%EF%BF%BD%26c', '77', '77');
INSERT INTO USERS (LOGIN, ROLE, HASH_PASSWD, ID_PEOPLE, ID) VALUES ('qweqwe79', 'USER', '%EF%BF%BD%EF%BF%BD9%EF%BF%BD%27%EF%BF%BD%EF%BF%BD%1B.%EF%BF%BD%EF%BF%BD+%7F%EF%BF%BD%26c', '78', '78');
INSERT INTO USERS (LOGIN, ROLE, HASH_PASSWD, ID_PEOPLE, ID) VALUES ('qweqwe80', 'USER', '%EF%BF%BD%EF%BF%BD9%EF%BF%BD%27%EF%BF%BD%EF%BF%BD%1B.%EF%BF%BD%EF%BF%BD+%7F%EF%BF%BD%26c', '79', '79');
INSERT INTO USERS (LOGIN, ROLE, HASH_PASSWD, ID_PEOPLE, ID) VALUES ('qweqwe81', 'USER', '%EF%BF%BD%EF%BF%BD9%EF%BF%BD%27%EF%BF%BD%EF%BF%BD%1B.%EF%BF%BD%EF%BF%BD+%7F%EF%BF%BD%26c', '80', '80');
INSERT INTO USERS (LOGIN, ROLE, HASH_PASSWD, ID_PEOPLE, ID) VALUES ('qweqwe82', 'USER', '%EF%BF%BD%EF%BF%BD9%EF%BF%BD%27%EF%BF%BD%EF%BF%BD%1B.%EF%BF%BD%EF%BF%BD+%7F%EF%BF%BD%26c', '81', '81');
INSERT INTO USERS (LOGIN, ROLE, HASH_PASSWD, ID_PEOPLE, ID) VALUES ('qweqwe83', 'USER', '%EF%BF%BD%EF%BF%BD9%EF%BF%BD%27%EF%BF%BD%EF%BF%BD%1B.%EF%BF%BD%EF%BF%BD+%7F%EF%BF%BD%26c', '82', '82');
INSERT INTO USERS (LOGIN, ROLE, HASH_PASSWD, ID_PEOPLE, ID) VALUES ('qweqwe84', 'USER', '%EF%BF%BD%EF%BF%BD9%EF%BF%BD%27%EF%BF%BD%EF%BF%BD%1B.%EF%BF%BD%EF%BF%BD+%7F%EF%BF%BD%26c', '83', '83');
INSERT INTO USERS (LOGIN, ROLE, HASH_PASSWD, ID_PEOPLE, ID) VALUES ('qweqwe85', 'USER', '%EF%BF%BD%EF%BF%BD9%EF%BF%BD%27%EF%BF%BD%EF%BF%BD%1B.%EF%BF%BD%EF%BF%BD+%7F%EF%BF%BD%26c', '84', '84');
INSERT INTO USERS (LOGIN, ROLE, HASH_PASSWD, ID_PEOPLE, ID) VALUES ('qweqwe86', 'USER', '%EF%BF%BD%EF%BF%BD9%EF%BF%BD%27%EF%BF%BD%EF%BF%BD%1B.%EF%BF%BD%EF%BF%BD+%7F%EF%BF%BD%26c', '85', '85');
INSERT INTO USERS (LOGIN, ROLE, HASH_PASSWD, ID_PEOPLE, ID) VALUES ('qweqwe87', 'USER', '%EF%BF%BD%EF%BF%BD9%EF%BF%BD%27%EF%BF%BD%EF%BF%BD%1B.%EF%BF%BD%EF%BF%BD+%7F%EF%BF%BD%26c', '86', '86');
INSERT INTO USERS (LOGIN, ROLE, HASH_PASSWD, ID_PEOPLE, ID) VALUES ('qweqwe88', 'USER', '%EF%BF%BD%EF%BF%BD9%EF%BF%BD%27%EF%BF%BD%EF%BF%BD%1B.%EF%BF%BD%EF%BF%BD+%7F%EF%BF%BD%26c', '87', '87');
INSERT INTO USERS (LOGIN, ROLE, HASH_PASSWD, ID_PEOPLE, ID) VALUES ('qweqwe89', 'USER', '%EF%BF%BD%EF%BF%BD9%EF%BF%BD%27%EF%BF%BD%EF%BF%BD%1B.%EF%BF%BD%EF%BF%BD+%7F%EF%BF%BD%26c', '88', '88');
INSERT INTO USERS (LOGIN, ROLE, HASH_PASSWD, ID_PEOPLE, ID) VALUES ('qweqwe90', 'USER', '%EF%BF%BD%EF%BF%BD9%EF%BF%BD%27%EF%BF%BD%EF%BF%BD%1B.%EF%BF%BD%EF%BF%BD+%7F%EF%BF%BD%26c', '89', '89');
INSERT INTO USERS (LOGIN, ROLE, HASH_PASSWD, ID_PEOPLE, ID) VALUES ('qweqwe91', 'USER', '%EF%BF%BD%EF%BF%BD9%EF%BF%BD%27%EF%BF%BD%EF%BF%BD%1B.%EF%BF%BD%EF%BF%BD+%7F%EF%BF%BD%26c', '90', '90');
INSERT INTO USERS (LOGIN, ROLE, HASH_PASSWD, ID_PEOPLE, ID) VALUES ('qweqwe92', 'USER', '%EF%BF%BD%EF%BF%BD9%EF%BF%BD%27%EF%BF%BD%EF%BF%BD%1B.%EF%BF%BD%EF%BF%BD+%7F%EF%BF%BD%26c', '91', '91');
INSERT INTO USERS (LOGIN, ROLE, HASH_PASSWD, ID_PEOPLE, ID) VALUES ('qweqwe93', 'USER', '%EF%BF%BD%EF%BF%BD9%EF%BF%BD%27%EF%BF%BD%EF%BF%BD%1B.%EF%BF%BD%EF%BF%BD+%7F%EF%BF%BD%26c', '92', '92');
INSERT INTO USERS (LOGIN, ROLE, HASH_PASSWD, ID_PEOPLE, ID) VALUES ('qweqwe94', 'USER', '%EF%BF%BD%EF%BF%BD9%EF%BF%BD%27%EF%BF%BD%EF%BF%BD%1B.%EF%BF%BD%EF%BF%BD+%7F%EF%BF%BD%26c', '93', '93');
INSERT INTO USERS (LOGIN, ROLE, HASH_PASSWD, ID_PEOPLE, ID) VALUES ('qweqwe95', 'USER', '%EF%BF%BD%EF%BF%BD9%EF%BF%BD%27%EF%BF%BD%EF%BF%BD%1B.%EF%BF%BD%EF%BF%BD+%7F%EF%BF%BD%26c', '94', '94');
INSERT INTO USERS (LOGIN, ROLE, HASH_PASSWD, ID_PEOPLE, ID) VALUES ('qweqwe96', 'USER', '%EF%BF%BD%EF%BF%BD9%EF%BF%BD%27%EF%BF%BD%EF%BF%BD%1B.%EF%BF%BD%EF%BF%BD+%7F%EF%BF%BD%26c', '95', '95');
INSERT INTO USERS (LOGIN, ROLE, HASH_PASSWD, ID_PEOPLE, ID) VALUES ('qweqwe97', 'USER', '%EF%BF%BD%EF%BF%BD9%EF%BF%BD%27%EF%BF%BD%EF%BF%BD%1B.%EF%BF%BD%EF%BF%BD+%7F%EF%BF%BD%26c', '96', '96');
INSERT INTO USERS (LOGIN, ROLE, HASH_PASSWD, ID_PEOPLE, ID) VALUES ('qweqwe98', 'USER', '%EF%BF%BD%EF%BF%BD9%EF%BF%BD%27%EF%BF%BD%EF%BF%BD%1B.%EF%BF%BD%EF%BF%BD+%7F%EF%BF%BD%26c', '97', '97');
INSERT INTO USERS (LOGIN, ROLE, HASH_PASSWD, ID_PEOPLE, ID) VALUES ('qweqwe99', 'USER', '%EF%BF%BD%EF%BF%BD9%EF%BF%BD%27%EF%BF%BD%EF%BF%BD%1B.%EF%BF%BD%EF%BF%BD+%7F%EF%BF%BD%26c', '98', '98');
INSERT INTO USERS (LOGIN, ROLE, HASH_PASSWD, ID_PEOPLE, ID) VALUES ('qweqwe100', 'USER', '%EF%BF%BD%EF%BF%BD9%EF%BF%BD%27%EF%BF%BD%EF%BF%BD%1B.%EF%BF%BD%EF%BF%BD+%7F%EF%BF%BD%26c', '99', '99');
INSERT INTO USERS (LOGIN, ROLE, HASH_PASSWD, ID_PEOPLE, ID) VALUES ('qweqwe101', 'USER', '%EF%BF%BD%EF%BF%BD9%EF%BF%BD%27%EF%BF%BD%EF%BF%BD%1B.%EF%BF%BD%EF%BF%BD+%7F%EF%BF%BD%26c', '100', '100');