--**************************************************************
--********************               GENERATE UNITS             
--**************************************************************
INSERT INTO CURRENCY (DESCRIPTION) VALUES ('RUB');
INSERT INTO CURRENCY (DESCRIPTION) VALUES ('EUR');
INSERT INTO CURRENCY (DESCRIPTION) VALUES ('USD');
--**************************************************************
--********************               GENERATE LOCATIONS         
--**************************************************************
INSERT INTO LOCATIONS (COUNTRY, CITY, DESCRIPTION) VALUES ('France', 'Paris', 'The city very nice ');
INSERT INTO LOCATIONS (COUNTRY, CITY, DESCRIPTION) VALUES ('France', 'Nice', 'Some description of some location 0x03');
INSERT INTO LOCATIONS (COUNTRY, CITY, DESCRIPTION) VALUES ('France', 'Marsel', 'Some description of some location 0x02');
INSERT INTO LOCATIONS (COUNTRY, CITY, DESCRIPTION) VALUES ('Russia', 'Sochi', 'The city very nice ');
INSERT INTO LOCATIONS (COUNTRY, CITY, DESCRIPTION) VALUES ('Russia', 'Moskow', 'Some description of some location 0x03');
INSERT INTO LOCATIONS (COUNTRY, CITY, DESCRIPTION) VALUES ('Russia', 'St.Petersburg', 'Some description of some location 0x02');
INSERT INTO LOCATIONS (COUNTRY, CITY, DESCRIPTION) VALUES ('Russia', 'Orel', 'Some description of some location 0x02');
INSERT INTO LOCATIONS (COUNTRY, CITY, DESCRIPTION) VALUES ('Russia', 'Krasnodar', 'Some description of some location 0x01');
INSERT INTO LOCATIONS (COUNTRY, CITY, DESCRIPTION) VALUES ('Russia', 'Rostov', 'Some description of some location 0x03');
INSERT INTO LOCATIONS (COUNTRY, CITY, DESCRIPTION) VALUES ('Russia', 'Vladivostok', 'Some description of some location 0x02');
INSERT INTO LOCATIONS (COUNTRY, CITY, DESCRIPTION) VALUES ('Russia', 'Anapa', 'The office adress WC 7th Street 55a room 95');
INSERT INTO LOCATIONS (COUNTRY, CITY, DESCRIPTION) VALUES ('Italy', 'Rome', 'The city very nice ');
INSERT INTO LOCATIONS (COUNTRY, CITY, DESCRIPTION) VALUES ('Italy', 'Milan', 'The city very nice ');
INSERT INTO LOCATIONS (COUNTRY, CITY, DESCRIPTION) VALUES ('Italy', 'Venezia', 'Some description of some location 0x01');
INSERT INTO LOCATIONS (COUNTRY, CITY, DESCRIPTION) VALUES ('Italy', 'Napoli', 'The city very nice ');
INSERT INTO LOCATIONS (COUNTRY, CITY, DESCRIPTION) VALUES ('USA', 'New York', 'The city very nice ');
INSERT INTO LOCATIONS (COUNTRY, CITY, DESCRIPTION) VALUES ('USA', 'Las Vegas', 'Some description of some location 0x01');
INSERT INTO LOCATIONS (COUNTRY, CITY, DESCRIPTION) VALUES ('USA', 'Los Angeles', 'The city very nice ');
INSERT INTO LOCATIONS (COUNTRY, CITY, DESCRIPTION) VALUES ('USA', 'Detroyt', 'The office adress WC 7th Street 55a room 95');
INSERT INTO LOCATIONS (COUNTRY, CITY, DESCRIPTION) VALUES ('USA', 'Dallas', 'Some description of some location 0x03');
INSERT INTO LOCATIONS (COUNTRY, CITY, DESCRIPTION) VALUES ('Greece', 'Athens', 'The city very nice ');
INSERT INTO LOCATIONS (COUNTRY, CITY, DESCRIPTION) VALUES ('Greece', 'Thessaloniki', 'Some description of some location 0x02');
INSERT INTO LOCATIONS (COUNTRY, CITY, DESCRIPTION) VALUES ('Greece', 'Pieria', 'The office adress WC 7th Street 55a room 95');
INSERT INTO LOCATIONS (COUNTRY, CITY, DESCRIPTION) VALUES ('Greece', 'Kalamata', 'The office adress WC 7th Street 55a room 95');
INSERT INTO LOCATIONS (COUNTRY, CITY, DESCRIPTION) VALUES ('Greece', 'Island Cyprus', 'Some description of some location 0x03');
INSERT INTO LOCATIONS (COUNTRY, CITY, DESCRIPTION) VALUES ('SomeCountry1', 'A', 'The city very nice ');
INSERT INTO LOCATIONS (COUNTRY, CITY, DESCRIPTION) VALUES ('SomeCountry1', 'B', 'The city very nice ');
INSERT INTO LOCATIONS (COUNTRY, CITY, DESCRIPTION) VALUES ('SomeCountry1', 'C', 'The city very nice ');
INSERT INTO LOCATIONS (COUNTRY, CITY, DESCRIPTION) VALUES ('SomeCountry1', 'D', 'Some description of some location 0x01');
INSERT INTO LOCATIONS (COUNTRY, CITY, DESCRIPTION) VALUES ('SomeCountry1', 'E', 'The city very nice ');
INSERT INTO LOCATIONS (COUNTRY, CITY, DESCRIPTION) VALUES ('SomeCountry2', 'AA', 'Some description of some location 0x03');
INSERT INTO LOCATIONS (COUNTRY, CITY, DESCRIPTION) VALUES ('SomeCountry2', 'BB', 'Some description of some location 0x02');
INSERT INTO LOCATIONS (COUNTRY, CITY, DESCRIPTION) VALUES ('SomeCountry2', 'CC', 'Some description of some location 0x02');
INSERT INTO LOCATIONS (COUNTRY, CITY, DESCRIPTION) VALUES ('SomeCountry2', 'DD', 'Some description of some location 0x01');
INSERT INTO LOCATIONS (COUNTRY, CITY, DESCRIPTION) VALUES ('SomeCountry2', 'EE', 'The city very nice ');
--**************************************************************
--********************               GENERATE CONTACTS          
--**************************************************************
INSERT INTO CONTACTS (PHONE, EMAIL, ID_LOCATION) VALUES ('+6(023)0562417', 'yyrthanusxi@yahoo.com', 1);
INSERT INTO CONTACTS (PHONE, EMAIL, ID_LOCATION) VALUES ('+5(525)8240573', 'tslbndljtqjbui@yahoo.com', 2);
INSERT INTO CONTACTS (PHONE, EMAIL, ID_LOCATION) VALUES ('+2(826)6148807', 'tmarbfqh@yahoo.com', 3);
INSERT INTO CONTACTS (PHONE, EMAIL, ID_LOCATION) VALUES ('+4(577)3125673', 'jfwloxsmuk@mail.ru', 4);
INSERT INTO CONTACTS (PHONE, EMAIL, ID_LOCATION) VALUES ('+8(378)8078756', 'dcbfqooxsgdnncg@yahoo.com', 5);
INSERT INTO CONTACTS (PHONE, EMAIL, ID_LOCATION) VALUES ('+1(526)1754636', 'edergfwywuuyux@gmail.com', 6);
INSERT INTO CONTACTS (PHONE, EMAIL, ID_LOCATION) VALUES ('+3(463)5614182', 'qgrihmbkxkdxqpvu@yahoo.com', 7);
INSERT INTO CONTACTS (PHONE, EMAIL, ID_LOCATION) VALUES ('+4(312)3400406', 'xicmvpvfhyzu@gmail.com', 8);
INSERT INTO CONTACTS (PHONE, EMAIL, ID_LOCATION) VALUES ('+9(383)2071774', 'alztvjubadabd@yahoo.com', 9);
INSERT INTO CONTACTS (PHONE, EMAIL, ID_LOCATION) VALUES ('+1(110)6018425', 'thgfljsgtqx@yahoo.com', 10);
INSERT INTO CONTACTS (PHONE, EMAIL, ID_LOCATION) VALUES ('+2(210)1235687', 'zmdkvavffhxf@gmail.com', 11);
INSERT INTO CONTACTS (PHONE, EMAIL, ID_LOCATION) VALUES ('+6(316)2271881', 'ywojiuhhi@yahoo.com', 12);
INSERT INTO CONTACTS (PHONE, EMAIL, ID_LOCATION) VALUES ('+9(658)5447150', 'qkqeuyhoxhrt@mail.ru', 13);
INSERT INTO CONTACTS (PHONE, EMAIL, ID_LOCATION) VALUES ('+9(614)0836567', 'ahgsyzptfeooe@mail.ru', 14);
INSERT INTO CONTACTS (PHONE, EMAIL, ID_LOCATION) VALUES ('+9(230)8671252', 'ddgrjlnwgqfqgug@yahoo.com', 15);
INSERT INTO CONTACTS (PHONE, EMAIL, ID_LOCATION) VALUES ('+7(206)8318543', 'hywatrdhvn@gmail.com', 16);
INSERT INTO CONTACTS (PHONE, EMAIL, ID_LOCATION) VALUES ('+4(573)7028124', 'kjxxmsmyqdhap@yahoo.com', 17);
INSERT INTO CONTACTS (PHONE, EMAIL, ID_LOCATION) VALUES ('+9(633)4810633', 'czvalbxddwjux@mail.ru', 18);
--**************************************************************
--********************               GENERATE PEOPLES           
--**************************************************************
INSERT INTO PEOPLES (LAST_NAME, FIRST_NAME, MIDDLE_NAME, DATE_BIRTH, SEX, ID_CONTACT) VALUES ('Morgan', 'Irina', NULL, TO_DATE('28, 3, 1989', 'dd.mm.yyyy'), 'F', 1); 
INSERT INTO PEOPLES (LAST_NAME, FIRST_NAME, MIDDLE_NAME, DATE_BIRTH, SEX, ID_CONTACT) VALUES ('Londo', 'Jessica', NULL, TO_DATE('25, 1, 1982', 'dd.mm.yyyy'), 'F', 2); 
INSERT INTO PEOPLES (LAST_NAME, FIRST_NAME, MIDDLE_NAME, DATE_BIRTH, SEX, ID_CONTACT) VALUES ('Lis', 'Jean', NULL, TO_DATE('24, 5, 1981', 'dd.mm.yyyy'), 'M', 3); 
INSERT INTO PEOPLES (LAST_NAME, FIRST_NAME, MIDDLE_NAME, DATE_BIRTH, SEX, ID_CONTACT) VALUES ('Morgan', 'Irina', NULL, TO_DATE('16, 9, 1975', 'dd.mm.yyyy'), 'F', 4); 
INSERT INTO PEOPLES (LAST_NAME, FIRST_NAME, MIDDLE_NAME, DATE_BIRTH, SEX, ID_CONTACT) VALUES ('Kolesnik', 'John', NULL, TO_DATE('19, 9, 1975', 'dd.mm.yyyy'), 'M', 5); 
INSERT INTO PEOPLES (LAST_NAME, FIRST_NAME, MIDDLE_NAME, DATE_BIRTH, SEX, ID_CONTACT) VALUES ('Fominih', 'Kevin', NULL, TO_DATE('9, 8, 1982', 'dd.mm.yyyy'), 'M', 6); 
INSERT INTO PEOPLES (LAST_NAME, FIRST_NAME, MIDDLE_NAME, DATE_BIRTH, SEX, ID_CONTACT) VALUES ('Sanders', 'Andrew', NULL, TO_DATE('16, 1, 1978', 'dd.mm.yyyy'), 'M', 7); 
INSERT INTO PEOPLES (LAST_NAME, FIRST_NAME, MIDDLE_NAME, DATE_BIRTH, SEX, ID_CONTACT) VALUES ('Messi', 'Taylor', NULL, TO_DATE('26, 12, 1986', 'dd.mm.yyyy'), 'F', 8); 
INSERT INTO PEOPLES (LAST_NAME, FIRST_NAME, MIDDLE_NAME, DATE_BIRTH, SEX, ID_CONTACT) VALUES ('Howard', 'Irina', NULL, TO_DATE('12, 1, 1982', 'dd.mm.yyyy'), 'F', 9); 
INSERT INTO PEOPLES (LAST_NAME, FIRST_NAME, MIDDLE_NAME, DATE_BIRTH, SEX, ID_CONTACT) VALUES ('Stewart', 'Alex', NULL, TO_DATE('20, 8, 1983', 'dd.mm.yyyy'), 'M', 10); 
INSERT INTO PEOPLES (LAST_NAME, FIRST_NAME, MIDDLE_NAME, DATE_BIRTH, SEX, ID_CONTACT) VALUES ('Pismak', 'Jean', 'Petrovich', TO_DATE('2, 5, 1965', 'dd.mm.yyyy'), 'M', 11); 
INSERT INTO PEOPLES (LAST_NAME, FIRST_NAME, MIDDLE_NAME, DATE_BIRTH, SEX, ID_CONTACT) VALUES ('Rogers', 'Jacob', NULL, TO_DATE('7, 5, 1980', 'dd.mm.yyyy'), 'M', 12); 
INSERT INTO PEOPLES (LAST_NAME, FIRST_NAME, MIDDLE_NAME, DATE_BIRTH, SEX, ID_CONTACT) VALUES ('Messi', 'Irina', 'Alekseevna', TO_DATE('19, 3, 1987', 'dd.mm.yyyy'), 'F', 13); 
INSERT INTO PEOPLES (LAST_NAME, FIRST_NAME, MIDDLE_NAME, DATE_BIRTH, SEX, ID_CONTACT) VALUES ('Morgan', 'Jessica', NULL, TO_DATE('26, 1, 1978', 'dd.mm.yyyy'), 'F', 14); 
INSERT INTO PEOPLES (LAST_NAME, FIRST_NAME, MIDDLE_NAME, DATE_BIRTH, SEX, ID_CONTACT) VALUES ('Morris', 'Ella', NULL, TO_DATE('9, 10, 1983', 'dd.mm.yyyy'), 'F', 15); 
--**************************************************************
--********************               GENERATE OFFICES           
--**************************************************************
INSERT INTO OFFICES (ID_CONTACT, NAME) VALUES (16, 'Office #1371'); 
INSERT INTO OFFICES (ID_CONTACT, NAME) VALUES (17, 'Office #1264'); 
INSERT INTO OFFICES (ID_CONTACT, NAME) VALUES (18, 'Office #1930'); 
--**************************************************************
--********************               GENERATE EMPLOYEES         
--**************************************************************
INSERT INTO EMPLOYEES (ID_CURRENCY, ID_PEOPLE, POSITION, SALARY, BONUS, ID_OFFICE, STATUS, DESCRIPTION) VALUES (2, 1, 'Boss', 13676, 39, 2, 'works', 'Very good emploee');
INSERT INTO EMPLOYEES (ID_CURRENCY, ID_PEOPLE, POSITION, SALARY, BONUS, ID_OFFICE, STATUS, DESCRIPTION) VALUES (3, 2, 'Manager', 1657, 7, 2, 'works', 'Very good emploee');
INSERT INTO EMPLOYEES (ID_CURRENCY, ID_PEOPLE, POSITION, SALARY, BONUS, ID_OFFICE, STATUS, DESCRIPTION) VALUES (2, 3, 'Manager', 1140, 98, 3, 'leave', 'Very bad emploee');
INSERT INTO EMPLOYEES (ID_CURRENCY, ID_PEOPLE, POSITION, SALARY, BONUS, ID_OFFICE, STATUS, DESCRIPTION) VALUES (2, 4, 'Manager', 1428, 4, 1, 'works', 'Very good emploee');
INSERT INTO EMPLOYEES (ID_CURRENCY, ID_PEOPLE, POSITION, SALARY, BONUS, ID_OFFICE, STATUS, DESCRIPTION) VALUES (1, 5, 'Manager', 461, 41, 2, 'works', 'Very good emploee');
--**************************************************************
--********************               GENERATE CLIENTS           
--**************************************************************
INSERT INTO CLIENTS (ID_EMPLOYEE, ID_PEOPLE, SERIAL_PASSPORT, NUMBER_PASSPORT, NUMBER_VISA, ISSUE_DATA_VISA, PERIOD_VALID_VISA)
 VALUES (4, 6, 1097780835, 411006914, 1057679722, TO_DATE('28, 12, 2011', 'dd.mm.yyyy'), TO_DATE('28, 12, 2012','dd.mm.yyyy'));
INSERT INTO CLIENTS (ID_EMPLOYEE, ID_PEOPLE, SERIAL_PASSPORT, NUMBER_PASSPORT, NUMBER_VISA, ISSUE_DATA_VISA, PERIOD_VALID_VISA)
 VALUES (5, 7, 248988794, 1184589047, 2120302539, TO_DATE('15, 9, 2011', 'dd.mm.yyyy'), TO_DATE('15, 9, 2014','dd.mm.yyyy'));
INSERT INTO CLIENTS (ID_EMPLOYEE, ID_PEOPLE, SERIAL_PASSPORT, NUMBER_PASSPORT, NUMBER_VISA, ISSUE_DATA_VISA, PERIOD_VALID_VISA)
 VALUES (1, 8, 948951020, 1464633595, 1518740263, TO_DATE('11, 2, 2010', 'dd.mm.yyyy'), TO_DATE('11, 2, 2013','dd.mm.yyyy'));
INSERT INTO CLIENTS (ID_EMPLOYEE, ID_PEOPLE, SERIAL_PASSPORT, NUMBER_PASSPORT, NUMBER_VISA, ISSUE_DATA_VISA, PERIOD_VALID_VISA)
 VALUES (4, 9, 1227689157, 1135966645, 1245327991, TO_DATE('19, 4, 2010', 'dd.mm.yyyy'), TO_DATE('19, 4, 2011','dd.mm.yyyy'));
INSERT INTO CLIENTS (ID_EMPLOYEE, ID_PEOPLE, SERIAL_PASSPORT, NUMBER_PASSPORT, NUMBER_VISA, ISSUE_DATA_VISA, PERIOD_VALID_VISA)
 VALUES (1, 10, 1203523260, 558771311, 1923200364, TO_DATE('28, 2, 2013', 'dd.mm.yyyy'), TO_DATE('28, 2, 2015','dd.mm.yyyy'));
INSERT INTO CLIENTS (ID_EMPLOYEE, ID_PEOPLE, SERIAL_PASSPORT, NUMBER_PASSPORT, NUMBER_VISA, ISSUE_DATA_VISA, PERIOD_VALID_VISA)
 VALUES (5, 11, 1884650607, 1509408788, 1114061235, TO_DATE('18, 4, 2013', 'dd.mm.yyyy'), TO_DATE('18, 4, 2016','dd.mm.yyyy'));
INSERT INTO CLIENTS (ID_EMPLOYEE, ID_PEOPLE, SERIAL_PASSPORT, NUMBER_PASSPORT, NUMBER_VISA, ISSUE_DATA_VISA, PERIOD_VALID_VISA)
 VALUES (3, 12, 1150982825, 744968050, 1797036082, TO_DATE('7, 2, 2012', 'dd.mm.yyyy'), TO_DATE('7, 2, 2016','dd.mm.yyyy'));
INSERT INTO CLIENTS (ID_EMPLOYEE, ID_PEOPLE, SERIAL_PASSPORT, NUMBER_PASSPORT, NUMBER_VISA, ISSUE_DATA_VISA, PERIOD_VALID_VISA)
 VALUES (4, 13, 616738718, 901827449, 1262445130, TO_DATE('16, 4, 2009', 'dd.mm.yyyy'), TO_DATE('16, 4, 2011','dd.mm.yyyy'));
INSERT INTO CLIENTS (ID_EMPLOYEE, ID_PEOPLE, SERIAL_PASSPORT, NUMBER_PASSPORT, NUMBER_VISA, ISSUE_DATA_VISA, PERIOD_VALID_VISA)
 VALUES (3, 14, 946652715, 660266362, 1659221781, TO_DATE('18, 5, 2013', 'dd.mm.yyyy'), TO_DATE('18, 5, 2016','dd.mm.yyyy'));
INSERT INTO CLIENTS (ID_EMPLOYEE, ID_PEOPLE, SERIAL_PASSPORT, NUMBER_PASSPORT, NUMBER_VISA, ISSUE_DATA_VISA, PERIOD_VALID_VISA)
 VALUES (1, 15, 957880600, 1371853161, 1220051110, TO_DATE('26, 6, 2012', 'dd.mm.yyyy'), TO_DATE('26, 6, 2014','dd.mm.yyyy'));
--**************************************************************
--********************               GENERATE PLACES            
--**************************************************************
INSERT INTO PLACES (ID_LOCATION, NAME, DESCRIPTION, ID_PLACE) VALUES (19, 'Some name of the place', 'Some description of some location 0x03', NULL);
INSERT INTO PLACES (ID_LOCATION, NAME, DESCRIPTION, ID_PLACE) VALUES (20, 'Some name of the place', 'The office adress WC 7th Street 55a room 95', 1);
INSERT INTO PLACES (ID_LOCATION, NAME, DESCRIPTION, ID_PLACE) VALUES (21, 'Some name of the place', 'The office adress WC 7th Street 55a room 95', 2);
INSERT INTO PLACES (ID_LOCATION, NAME, DESCRIPTION, ID_PLACE) VALUES (22, 'Some name of the place', 'Some description of some location 0x03', 2);
INSERT INTO PLACES (ID_LOCATION, NAME, DESCRIPTION, ID_PLACE) VALUES (23, 'Some name of the place', 'The office adress WC 7th Street 55a room 95', 3);
INSERT INTO PLACES (ID_LOCATION, NAME, DESCRIPTION, ID_PLACE) VALUES (24, 'Some name of the place', 'The office adress WC 7th Street 55a room 95', NULL);
INSERT INTO PLACES (ID_LOCATION, NAME, DESCRIPTION, ID_PLACE) VALUES (25, 'Some name of the place', 'The office adress WC 7th Street 55a room 95', NULL);
--**************************************************************
--********************               GENERATE FOOD              
--**************************************************************
INSERT INTO FOOD (TYPE, PRICE, ID_CURRENCY) VALUES ('Only Bed', 0, 2);
INSERT INTO FOOD (TYPE, PRICE, ID_CURRENCY) VALUES ('Bed and Breakfast', 10, 3);
INSERT INTO FOOD (TYPE, PRICE, ID_CURRENCY) VALUES ('Half Board', 60, 3);
INSERT INTO FOOD (TYPE, PRICE, ID_CURRENCY) VALUES ('Full Board', 100, 3);
INSERT INTO FOOD (TYPE, PRICE, ID_CURRENCY) VALUES ('Mini All Inclusiv', 130, 3);
INSERT INTO FOOD (TYPE, PRICE, ID_CURRENCY) VALUES ('All Inclusive', 180, 2);
INSERT INTO FOOD (TYPE, PRICE, ID_CURRENCY) VALUES ('Continental Break', 5, 2);
INSERT INTO FOOD (TYPE, PRICE, ID_CURRENCY) VALUES ('English Breakfast', 6, 3);
INSERT INTO FOOD (TYPE, PRICE, ID_CURRENCY) VALUES ('American Breakfas', 6, 3);
INSERT INTO FOOD (TYPE, PRICE, ID_CURRENCY) VALUES ('Ultra All Inclusi', 250, 3);
--**************************************************************
--********************               GENERATE PLACEMENT         
--**************************************************************
INSERT INTO PLACEMENT (DESCRIPTION, PRICE, ID_CURRENCY) VALUES ('Main Buildi', 250, 3);
INSERT INTO PLACEMENT (DESCRIPTION, PRICE, ID_CURRENCY) VALUES ('Holiday Vil', 220, 2);
INSERT INTO PLACEMENT (DESCRIPTION, PRICE, ID_CURRENCY) VALUES ('Bungalow', 280, 3);
INSERT INTO PLACEMENT (DESCRIPTION, PRICE, ID_CURRENCY) VALUES ('Chale', 200, 2);
INSERT INTO PLACEMENT (DESCRIPTION, PRICE, ID_CURRENCY) VALUES ('Cabana', 350, 3);
INSERT INTO PLACEMENT (DESCRIPTION, PRICE, ID_CURRENCY) VALUES ('Cottege', 500, 2);
INSERT INTO PLACEMENT (DESCRIPTION, PRICE, ID_CURRENCY) VALUES ('Excutive fl', 265, 2);
INSERT INTO PLACEMENT (DESCRIPTION, PRICE, ID_CURRENCY) VALUES ('Single', 150, 3);
INSERT INTO PLACEMENT (DESCRIPTION, PRICE, ID_CURRENCY) VALUES ('Double', 210, 2);
INSERT INTO PLACEMENT (DESCRIPTION, PRICE, ID_CURRENCY) VALUES ('Triple', 300, 2);
INSERT INTO PLACEMENT (DESCRIPTION, PRICE, ID_CURRENCY) VALUES ('quadriple', 350, 2);
INSERT INTO PLACEMENT (DESCRIPTION, PRICE, ID_CURRENCY) VALUES ('Extra Bed', 200, 3);
INSERT INTO PLACEMENT (DESCRIPTION, PRICE, ID_CURRENCY) VALUES ('Child', 100, 3);
INSERT INTO PLACEMENT (DESCRIPTION, PRICE, ID_CURRENCY) VALUES ('RTH', 250, 2);
--**************************************************************
--********************               GENERATE TRAVELS           
--**************************************************************
INSERT INTO TRAVELS (ID_OFFICE, ID_PLACE, STATE_PAYMENT, NAME, DATE_PAYMENT, NUMBER_ADULTS, NUMBER_CHILD, ID_CLIENT) 
VALUES (2, 6, 'Y', 'A lot of girls and beach', TO_DATE('20, 8, 2005', 'dd.mm.yyyy'), 2, 1, 8);
INSERT INTO TRAVELS (ID_OFFICE, ID_PLACE, STATE_PAYMENT, NAME, DATE_PAYMENT, NUMBER_ADULTS, NUMBER_CHILD, ID_CLIENT) 
VALUES (2, 2, 'N', 'Summer holidays', TO_DATE('1, 1, 2003', 'dd.mm.yyyy'), 3, 2, 5);
INSERT INTO TRAVELS (ID_OFFICE, ID_PLACE, STATE_PAYMENT, NAME, DATE_PAYMENT, NUMBER_ADULTS, NUMBER_CHILD, ID_CLIENT) 
VALUES (3, 5, 'Y', 'Winter holidays', TO_DATE('21, 9, 2002', 'dd.mm.yyyy'), 2, 1, 10);
INSERT INTO TRAVELS (ID_OFFICE, ID_PLACE, STATE_PAYMENT, NAME, DATE_PAYMENT, NUMBER_ADULTS, NUMBER_CHILD, ID_CLIENT) 
VALUES (1, 7, 'N', '2 travel in 1', TO_DATE('10, 10, 2007', 'dd.mm.yyyy'), 4, 0, 5);
INSERT INTO TRAVELS (ID_OFFICE, ID_PLACE, STATE_PAYMENT, NAME, DATE_PAYMENT, NUMBER_ADULTS, NUMBER_CHILD, ID_CLIENT) 
VALUES (1, 2, 'Y', 'Winter holidays', TO_DATE('22, 4, 2001', 'dd.mm.yyyy'), 3, 1, 6);
INSERT INTO TRAVELS (ID_OFFICE, ID_PLACE, STATE_PAYMENT, NAME, DATE_PAYMENT, NUMBER_ADULTS, NUMBER_CHILD, ID_CLIENT) 
VALUES (3, 3, 'Y', 'A lot of girls and beach', TO_DATE('5, 11, 2009', 'dd.mm.yyyy'), 4, 0, 9);
INSERT INTO TRAVELS (ID_OFFICE, ID_PLACE, STATE_PAYMENT, NAME, DATE_PAYMENT, NUMBER_ADULTS, NUMBER_CHILD, ID_CLIENT) 
VALUES (1, 6, 'Y', '2 travel in 1', TO_DATE('11, 3, 2006', 'dd.mm.yyyy'), 2, 3, 3);
INSERT INTO TRAVELS (ID_OFFICE, ID_PLACE, STATE_PAYMENT, NAME, DATE_PAYMENT, NUMBER_ADULTS, NUMBER_CHILD, ID_CLIENT) 
VALUES (2, 6, 'Y', 'Winter holidays', TO_DATE('16, 7, 2011', 'dd.mm.yyyy'), 0, 3, 3);
INSERT INTO TRAVELS (ID_OFFICE, ID_PLACE, STATE_PAYMENT, NAME, DATE_PAYMENT, NUMBER_ADULTS, NUMBER_CHILD, ID_CLIENT) 
VALUES (1, 7, 'Y', 'Summer holidays', TO_DATE('9, 5, 2003', 'dd.mm.yyyy'), 0, 1, 8);
INSERT INTO TRAVELS (ID_OFFICE, ID_PLACE, STATE_PAYMENT, NAME, DATE_PAYMENT, NUMBER_ADULTS, NUMBER_CHILD, ID_CLIENT) 
VALUES (3, 4, 'Y', 'Winter holidays', TO_DATE('1, 1, 2009', 'dd.mm.yyyy'), 4, 3, 8);
INSERT INTO TRAVELS (ID_OFFICE, ID_PLACE, STATE_PAYMENT, NAME, DATE_PAYMENT, NUMBER_ADULTS, NUMBER_CHILD, ID_CLIENT) 
VALUES (2, 7, 'N', '2 travel in 1', TO_DATE('5, 9, 2005', 'dd.mm.yyyy'), 3, 2, 10);
INSERT INTO TRAVELS (ID_OFFICE, ID_PLACE, STATE_PAYMENT, NAME, DATE_PAYMENT, NUMBER_ADULTS, NUMBER_CHILD, ID_CLIENT) 
VALUES (1, 5, 'N', 'Winter holidays', TO_DATE('12, 9, 2012', 'dd.mm.yyyy'), 2, 4, 4);
INSERT INTO TRAVELS (ID_OFFICE, ID_PLACE, STATE_PAYMENT, NAME, DATE_PAYMENT, NUMBER_ADULTS, NUMBER_CHILD, ID_CLIENT) 
VALUES (2, 7, 'Y', 'Winter holidays', TO_DATE('28, 4, 2011', 'dd.mm.yyyy'), 1, 0, 4);
INSERT INTO TRAVELS (ID_OFFICE, ID_PLACE, STATE_PAYMENT, NAME, DATE_PAYMENT, NUMBER_ADULTS, NUMBER_CHILD, ID_CLIENT) 
VALUES (2, 4, 'N', 'Winter holidays', TO_DATE('7, 9, 2012', 'dd.mm.yyyy'), 3, 3, 1);
INSERT INTO TRAVELS (ID_OFFICE, ID_PLACE, STATE_PAYMENT, NAME, DATE_PAYMENT, NUMBER_ADULTS, NUMBER_CHILD, ID_CLIENT) 
VALUES (2, 4, 'N', 'A lot of girls and beach', TO_DATE('19, 10, 2012', 'dd.mm.yyyy'), 3, 1, 3);
INSERT INTO TRAVELS (ID_OFFICE, ID_PLACE, STATE_PAYMENT, NAME, DATE_PAYMENT, NUMBER_ADULTS, NUMBER_CHILD, ID_CLIENT) 
VALUES (1, 6, 'Y', 'A lot of girls and beach', TO_DATE('5, 9, 2006', 'dd.mm.yyyy'), 2, 4, 3);
INSERT INTO TRAVELS (ID_OFFICE, ID_PLACE, STATE_PAYMENT, NAME, DATE_PAYMENT, NUMBER_ADULTS, NUMBER_CHILD, ID_CLIENT) 
VALUES (2, 2, 'Y', 'Travel for all family', TO_DATE('27, 6, 2011', 'dd.mm.yyyy'), 4, 4, 6);
INSERT INTO TRAVELS (ID_OFFICE, ID_PLACE, STATE_PAYMENT, NAME, DATE_PAYMENT, NUMBER_ADULTS, NUMBER_CHILD, ID_CLIENT) 
VALUES (3, 1, 'N', 'Summer holidays', TO_DATE('16, 6, 2002', 'dd.mm.yyyy'), 4, 1, 2);
INSERT INTO TRAVELS (ID_OFFICE, ID_PLACE, STATE_PAYMENT, NAME, DATE_PAYMENT, NUMBER_ADULTS, NUMBER_CHILD, ID_CLIENT) 
VALUES (1, 3, 'Y', '2 travel in 1', TO_DATE('24, 9, 2007', 'dd.mm.yyyy'), 1, 4, 9);
INSERT INTO TRAVELS (ID_OFFICE, ID_PLACE, STATE_PAYMENT, NAME, DATE_PAYMENT, NUMBER_ADULTS, NUMBER_CHILD, ID_CLIENT) 
VALUES (1, 7, 'Y', 'Winter holidays', TO_DATE('25, 6, 2011', 'dd.mm.yyyy'), 3, 3, 8);
INSERT INTO TRAVELS (ID_OFFICE, ID_PLACE, STATE_PAYMENT, NAME, DATE_PAYMENT, NUMBER_ADULTS, NUMBER_CHILD, ID_CLIENT) 
VALUES (2, 5, 'N', 'A lot of girls and beach', TO_DATE('10, 10, 2007', 'dd.mm.yyyy'), 4, 3, 10);
INSERT INTO TRAVELS (ID_OFFICE, ID_PLACE, STATE_PAYMENT, NAME, DATE_PAYMENT, NUMBER_ADULTS, NUMBER_CHILD, ID_CLIENT) 
VALUES (2, 7, 'Y', 'Summer holidays', TO_DATE('14, 9, 2011', 'dd.mm.yyyy'), 4, 2, 2);
INSERT INTO TRAVELS (ID_OFFICE, ID_PLACE, STATE_PAYMENT, NAME, DATE_PAYMENT, NUMBER_ADULTS, NUMBER_CHILD, ID_CLIENT) 
VALUES (2, 5, 'Y', 'A lot of girls and beach', TO_DATE('25, 2, 2004', 'dd.mm.yyyy'), 0, 4, 6);
INSERT INTO TRAVELS (ID_OFFICE, ID_PLACE, STATE_PAYMENT, NAME, DATE_PAYMENT, NUMBER_ADULTS, NUMBER_CHILD, ID_CLIENT) 
VALUES (1, 4, 'Y', 'Winter holidays', TO_DATE('6, 6, 2010', 'dd.mm.yyyy'), 4, 3, 7);
INSERT INTO TRAVELS (ID_OFFICE, ID_PLACE, STATE_PAYMENT, NAME, DATE_PAYMENT, NUMBER_ADULTS, NUMBER_CHILD, ID_CLIENT) 
VALUES (2, 7, 'Y', 'Winter holidays', TO_DATE('27, 1, 2003', 'dd.mm.yyyy'), 3, 4, 2);
INSERT INTO TRAVELS (ID_OFFICE, ID_PLACE, STATE_PAYMENT, NAME, DATE_PAYMENT, NUMBER_ADULTS, NUMBER_CHILD, ID_CLIENT) 
VALUES (2, 7, 'N', '2 travel in 1', TO_DATE('25, 6, 2002', 'dd.mm.yyyy'), 0, 1, 3);
INSERT INTO TRAVELS (ID_OFFICE, ID_PLACE, STATE_PAYMENT, NAME, DATE_PAYMENT, NUMBER_ADULTS, NUMBER_CHILD, ID_CLIENT) 
VALUES (3, 7, 'Y', 'Hot travel', TO_DATE('1, 10, 2000', 'dd.mm.yyyy'), 0, 2, 1);
INSERT INTO TRAVELS (ID_OFFICE, ID_PLACE, STATE_PAYMENT, NAME, DATE_PAYMENT, NUMBER_ADULTS, NUMBER_CHILD, ID_CLIENT) 
VALUES (3, 5, 'Y', '2 travel in 1', TO_DATE('19, 8, 2007', 'dd.mm.yyyy'), 4, 1, 5);
INSERT INTO TRAVELS (ID_OFFICE, ID_PLACE, STATE_PAYMENT, NAME, DATE_PAYMENT, NUMBER_ADULTS, NUMBER_CHILD, ID_CLIENT) 
VALUES (2, 6, 'Y', '2 travel in 1', TO_DATE('14, 4, 2002', 'dd.mm.yyyy'), 0, 0, 5);
INSERT INTO TRAVELS (ID_OFFICE, ID_PLACE, STATE_PAYMENT, NAME, DATE_PAYMENT, NUMBER_ADULTS, NUMBER_CHILD, ID_CLIENT) 
VALUES (1, 4, 'N', 'Hot travel', TO_DATE('4, 1, 2002', 'dd.mm.yyyy'), 3, 4, 1);
INSERT INTO TRAVELS (ID_OFFICE, ID_PLACE, STATE_PAYMENT, NAME, DATE_PAYMENT, NUMBER_ADULTS, NUMBER_CHILD, ID_CLIENT) 
VALUES (2, 2, 'Y', 'Hot travel', TO_DATE('4, 1, 2011', 'dd.mm.yyyy'), 2, 1, 6);
INSERT INTO TRAVELS (ID_OFFICE, ID_PLACE, STATE_PAYMENT, NAME, DATE_PAYMENT, NUMBER_ADULTS, NUMBER_CHILD, ID_CLIENT) 
VALUES (3, 1, 'N', '2 travel in 1', TO_DATE('26, 8, 2002', 'dd.mm.yyyy'), 4, 0, 5);
INSERT INTO TRAVELS (ID_OFFICE, ID_PLACE, STATE_PAYMENT, NAME, DATE_PAYMENT, NUMBER_ADULTS, NUMBER_CHILD, ID_CLIENT) 
VALUES (2, 4, 'N', 'Winter holidays', TO_DATE('24, 8, 2011', 'dd.mm.yyyy'), 0, 4, 8);
INSERT INTO TRAVELS (ID_OFFICE, ID_PLACE, STATE_PAYMENT, NAME, DATE_PAYMENT, NUMBER_ADULTS, NUMBER_CHILD, ID_CLIENT) 
VALUES (1, 1, 'N', 'Summer holidays', TO_DATE('22, 7, 2004', 'dd.mm.yyyy'), 1, 2, 1);
INSERT INTO TRAVELS (ID_OFFICE, ID_PLACE, STATE_PAYMENT, NAME, DATE_PAYMENT, NUMBER_ADULTS, NUMBER_CHILD, ID_CLIENT) 
VALUES (3, 2, 'Y', 'Summer holidays', TO_DATE('22, 3, 2005', 'dd.mm.yyyy'), 3, 2, 1);
INSERT INTO TRAVELS (ID_OFFICE, ID_PLACE, STATE_PAYMENT, NAME, DATE_PAYMENT, NUMBER_ADULTS, NUMBER_CHILD, ID_CLIENT) 
VALUES (3, 4, 'Y', 'Summer holidays', TO_DATE('26, 5, 2006', 'dd.mm.yyyy'), 1, 2, 7);
INSERT INTO TRAVELS (ID_OFFICE, ID_PLACE, STATE_PAYMENT, NAME, DATE_PAYMENT, NUMBER_ADULTS, NUMBER_CHILD, ID_CLIENT) 
VALUES (1, 7, 'N', 'Travel for all family', TO_DATE('7, 9, 2008', 'dd.mm.yyyy'), 2, 1, 9);
INSERT INTO TRAVELS (ID_OFFICE, ID_PLACE, STATE_PAYMENT, NAME, DATE_PAYMENT, NUMBER_ADULTS, NUMBER_CHILD, ID_CLIENT) 
VALUES (1, 4, 'N', 'Travel for all family', TO_DATE('28, 5, 2010', 'dd.mm.yyyy'), 0, 3, 9);
INSERT INTO TRAVELS (ID_OFFICE, ID_PLACE, STATE_PAYMENT, NAME, DATE_PAYMENT, NUMBER_ADULTS, NUMBER_CHILD, ID_CLIENT) 
VALUES (3, 4, 'N', '2 travel in 1', TO_DATE('2, 4, 2006', 'dd.mm.yyyy'), 2, 2, 7);
INSERT INTO TRAVELS (ID_OFFICE, ID_PLACE, STATE_PAYMENT, NAME, DATE_PAYMENT, NUMBER_ADULTS, NUMBER_CHILD, ID_CLIENT) 
VALUES (1, 7, 'Y', 'Travel for all family', TO_DATE('3, 6, 2001', 'dd.mm.yyyy'), 0, 1, 2);
INSERT INTO TRAVELS (ID_OFFICE, ID_PLACE, STATE_PAYMENT, NAME, DATE_PAYMENT, NUMBER_ADULTS, NUMBER_CHILD, ID_CLIENT) 
VALUES (3, 3, 'Y', 'Summer holidays', TO_DATE('18, 10, 2000', 'dd.mm.yyyy'), 1, 1, 2);
INSERT INTO TRAVELS (ID_OFFICE, ID_PLACE, STATE_PAYMENT, NAME, DATE_PAYMENT, NUMBER_ADULTS, NUMBER_CHILD, ID_CLIENT) 
VALUES (3, 7, 'Y', 'Hot travel', TO_DATE('22, 9, 2002', 'dd.mm.yyyy'), 2, 4, 5);
INSERT INTO TRAVELS (ID_OFFICE, ID_PLACE, STATE_PAYMENT, NAME, DATE_PAYMENT, NUMBER_ADULTS, NUMBER_CHILD, ID_CLIENT) 
VALUES (1, 6, 'N', 'Travel for all family', TO_DATE('9, 2, 2003', 'dd.mm.yyyy'), 4, 3, 5);
INSERT INTO TRAVELS (ID_OFFICE, ID_PLACE, STATE_PAYMENT, NAME, DATE_PAYMENT, NUMBER_ADULTS, NUMBER_CHILD, ID_CLIENT) 
VALUES (3, 4, 'Y', '2 travel in 1', TO_DATE('22, 4, 2012', 'dd.mm.yyyy'), 4, 4, 7);
INSERT INTO TRAVELS (ID_OFFICE, ID_PLACE, STATE_PAYMENT, NAME, DATE_PAYMENT, NUMBER_ADULTS, NUMBER_CHILD, ID_CLIENT) 
VALUES (1, 4, 'Y', 'Summer holidays', TO_DATE('18, 10, 2002', 'dd.mm.yyyy'), 2, 3, 8);
INSERT INTO TRAVELS (ID_OFFICE, ID_PLACE, STATE_PAYMENT, NAME, DATE_PAYMENT, NUMBER_ADULTS, NUMBER_CHILD, ID_CLIENT) 
VALUES (1, 3, 'N', 'Hot travel', TO_DATE('19, 9, 2011', 'dd.mm.yyyy'), 1, 2, 9);
INSERT INTO TRAVELS (ID_OFFICE, ID_PLACE, STATE_PAYMENT, NAME, DATE_PAYMENT, NUMBER_ADULTS, NUMBER_CHILD, ID_CLIENT) 
VALUES (1, 1, 'N', 'Winter holidays', TO_DATE('13, 5, 2011', 'dd.mm.yyyy'), 4, 3, 1);
INSERT INTO TRAVELS (ID_OFFICE, ID_PLACE, STATE_PAYMENT, NAME, DATE_PAYMENT, NUMBER_ADULTS, NUMBER_CHILD, ID_CLIENT) 
VALUES (1, 1, 'N', 'A lot of girls and beach', TO_DATE('4, 6, 2005', 'dd.mm.yyyy'), 2, 3, 8);
INSERT INTO TRAVELS (ID_OFFICE, ID_PLACE, STATE_PAYMENT, NAME, DATE_PAYMENT, NUMBER_ADULTS, NUMBER_CHILD, ID_CLIENT) 
VALUES (3, 1, 'N', 'Summer holidays', TO_DATE('21, 9, 2004', 'dd.mm.yyyy'), 2, 4, 2);
INSERT INTO TRAVELS (ID_OFFICE, ID_PLACE, STATE_PAYMENT, NAME, DATE_PAYMENT, NUMBER_ADULTS, NUMBER_CHILD, ID_CLIENT) 
VALUES (3, 4, 'N', 'Winter holidays', TO_DATE('28, 8, 2010', 'dd.mm.yyyy'), 4, 4, 4);
INSERT INTO TRAVELS (ID_OFFICE, ID_PLACE, STATE_PAYMENT, NAME, DATE_PAYMENT, NUMBER_ADULTS, NUMBER_CHILD, ID_CLIENT) 
VALUES (3, 4, 'Y', 'Travel for all family', TO_DATE('12, 6, 2001', 'dd.mm.yyyy'), 1, 2, 1);
INSERT INTO TRAVELS (ID_OFFICE, ID_PLACE, STATE_PAYMENT, NAME, DATE_PAYMENT, NUMBER_ADULTS, NUMBER_CHILD, ID_CLIENT) 
VALUES (1, 2, 'N', 'A lot of girls and beach', TO_DATE('8, 9, 2008', 'dd.mm.yyyy'), 3, 2, 2);
INSERT INTO TRAVELS (ID_OFFICE, ID_PLACE, STATE_PAYMENT, NAME, DATE_PAYMENT, NUMBER_ADULTS, NUMBER_CHILD, ID_CLIENT) 
VALUES (1, 6, 'Y', 'Summer holidays', TO_DATE('15, 1, 2006', 'dd.mm.yyyy'), 1, 1, 3);
INSERT INTO TRAVELS (ID_OFFICE, ID_PLACE, STATE_PAYMENT, NAME, DATE_PAYMENT, NUMBER_ADULTS, NUMBER_CHILD, ID_CLIENT) 
VALUES (1, 4, 'N', '2 travel in 1', TO_DATE('17, 9, 2000', 'dd.mm.yyyy'), 2, 1, 3);
INSERT INTO TRAVELS (ID_OFFICE, ID_PLACE, STATE_PAYMENT, NAME, DATE_PAYMENT, NUMBER_ADULTS, NUMBER_CHILD, ID_CLIENT) 
VALUES (2, 3, 'Y', 'A lot of girls and beach', TO_DATE('13, 3, 2012', 'dd.mm.yyyy'), 2, 1, 5);
INSERT INTO TRAVELS (ID_OFFICE, ID_PLACE, STATE_PAYMENT, NAME, DATE_PAYMENT, NUMBER_ADULTS, NUMBER_CHILD, ID_CLIENT) 
VALUES (2, 6, 'Y', 'Summer holidays', TO_DATE('7, 1, 2012', 'dd.mm.yyyy'), 3, 1, 1);
INSERT INTO TRAVELS (ID_OFFICE, ID_PLACE, STATE_PAYMENT, NAME, DATE_PAYMENT, NUMBER_ADULTS, NUMBER_CHILD, ID_CLIENT) 
VALUES (3, 4, 'Y', 'Hot travel', TO_DATE('21, 8, 2008', 'dd.mm.yyyy'), 2, 2, 4);
INSERT INTO TRAVELS (ID_OFFICE, ID_PLACE, STATE_PAYMENT, NAME, DATE_PAYMENT, NUMBER_ADULTS, NUMBER_CHILD, ID_CLIENT) 
VALUES (2, 6, 'Y', 'Hot travel', TO_DATE('1, 9, 2002', 'dd.mm.yyyy'), 0, 0, 10);
INSERT INTO TRAVELS (ID_OFFICE, ID_PLACE, STATE_PAYMENT, NAME, DATE_PAYMENT, NUMBER_ADULTS, NUMBER_CHILD, ID_CLIENT) 
VALUES (2, 7, 'Y', 'Winter holidays', TO_DATE('12, 4, 2004', 'dd.mm.yyyy'), 3, 3, 5);
INSERT INTO TRAVELS (ID_OFFICE, ID_PLACE, STATE_PAYMENT, NAME, DATE_PAYMENT, NUMBER_ADULTS, NUMBER_CHILD, ID_CLIENT) 
VALUES (2, 1, 'Y', 'Winter holidays', TO_DATE('21, 6, 2003', 'dd.mm.yyyy'), 0, 0, 10);
--**************************************************************
--********************               GENERATE FLIGHTS           
--**************************************************************
INSERT INTO FLIGHTS (ID_CURRENCY, ID_TRAVEL, LEAVING_DATE, ARRIVAL_DATE, TYPE_TRANSPORT, PRICE, ID_LOCATION_FROM, ID_LOCATION_TO) 
VALUES(2, 28, TO_DATE('14, 7, 2013', 'dd.mm.yyyy'), TO_DATE('22, 7, 2013','dd.mm.yyyy'), 'Airplain', 99, 31, 27);
INSERT INTO FLIGHTS (ID_CURRENCY, ID_TRAVEL, LEAVING_DATE, ARRIVAL_DATE, TYPE_TRANSPORT, PRICE, ID_LOCATION_FROM, ID_LOCATION_TO) 
VALUES(2, 4, TO_DATE('7, 2, 2012', 'dd.mm.yyyy'), TO_DATE('15, 2, 2012','dd.mm.yyyy'), 'Airplain', 143, 33, 34);
INSERT INTO FLIGHTS (ID_CURRENCY, ID_TRAVEL, LEAVING_DATE, ARRIVAL_DATE, TYPE_TRANSPORT, PRICE, ID_LOCATION_FROM, ID_LOCATION_TO) 
VALUES(3, 29, TO_DATE('4, 12, 2012', 'dd.mm.yyyy'), TO_DATE('12, 12, 2012','dd.mm.yyyy'), 'On foot', 121, 32, 32);
INSERT INTO FLIGHTS (ID_CURRENCY, ID_TRAVEL, LEAVING_DATE, ARRIVAL_DATE, TYPE_TRANSPORT, PRICE, ID_LOCATION_FROM, ID_LOCATION_TO) 
VALUES(2, 1, TO_DATE('7, 3, 2011', 'dd.mm.yyyy'), TO_DATE('12, 3, 2011','dd.mm.yyyy'), 'Horse riding', 166, 26, 34);
INSERT INTO FLIGHTS (ID_CURRENCY, ID_TRAVEL, LEAVING_DATE, ARRIVAL_DATE, TYPE_TRANSPORT, PRICE, ID_LOCATION_FROM, ID_LOCATION_TO) 
VALUES(2, 23, TO_DATE('11, 6, 2012', 'dd.mm.yyyy'), TO_DATE('13, 6, 2012','dd.mm.yyyy'), 'Plane', 34, 28, 29);
INSERT INTO FLIGHTS (ID_CURRENCY, ID_TRAVEL, LEAVING_DATE, ARRIVAL_DATE, TYPE_TRANSPORT, PRICE, ID_LOCATION_FROM, ID_LOCATION_TO) 
VALUES(2, 14, TO_DATE('15, 1, 2012', 'dd.mm.yyyy'), TO_DATE('18, 1, 2012','dd.mm.yyyy'), 'Airplain', 154, 27, 27);
INSERT INTO FLIGHTS (ID_CURRENCY, ID_TRAVEL, LEAVING_DATE, ARRIVAL_DATE, TYPE_TRANSPORT, PRICE, ID_LOCATION_FROM, ID_LOCATION_TO) 
VALUES(1, 8, TO_DATE('4, 12, 2009', 'dd.mm.yyyy'), TO_DATE('7, 12, 2009','dd.mm.yyyy'), 'On foot', 177, 29, 31);
INSERT INTO FLIGHTS (ID_CURRENCY, ID_TRAVEL, LEAVING_DATE, ARRIVAL_DATE, TYPE_TRANSPORT, PRICE, ID_LOCATION_FROM, ID_LOCATION_TO) 
VALUES(1, 13, TO_DATE('15, 3, 2013', 'dd.mm.yyyy'), TO_DATE('24, 3, 2013','dd.mm.yyyy'), 'Horse riding', 216, 28, 32);
INSERT INTO FLIGHTS (ID_CURRENCY, ID_TRAVEL, LEAVING_DATE, ARRIVAL_DATE, TYPE_TRANSPORT, PRICE, ID_LOCATION_FROM, ID_LOCATION_TO) 
VALUES(3, 5, TO_DATE('17, 3, 2009', 'dd.mm.yyyy'), TO_DATE('19, 3, 2009','dd.mm.yyyy'), 'Horse riding', 131, 31, 29);
INSERT INTO FLIGHTS (ID_CURRENCY, ID_TRAVEL, LEAVING_DATE, ARRIVAL_DATE, TYPE_TRANSPORT, PRICE, ID_LOCATION_FROM, ID_LOCATION_TO) 
VALUES(3, 7, TO_DATE('13, 6, 2011', 'dd.mm.yyyy'), TO_DATE('21, 6, 2011','dd.mm.yyyy'), 'Horse riding', 138, 35, 26);
INSERT INTO FLIGHTS (ID_CURRENCY, ID_TRAVEL, LEAVING_DATE, ARRIVAL_DATE, TYPE_TRANSPORT, PRICE, ID_LOCATION_FROM, ID_LOCATION_TO) 
VALUES(2, 13, TO_DATE('5, 3, 2009', 'dd.mm.yyyy'), TO_DATE('5, 3, 2009','dd.mm.yyyy'), 'Bus', 202, 33, 35);
INSERT INTO FLIGHTS (ID_CURRENCY, ID_TRAVEL, LEAVING_DATE, ARRIVAL_DATE, TYPE_TRANSPORT, PRICE, ID_LOCATION_FROM, ID_LOCATION_TO) 
VALUES(3, 28, TO_DATE('2, 11, 2009', 'dd.mm.yyyy'), TO_DATE('3, 11, 2009','dd.mm.yyyy'), 'Horse riding', 183, 29, 30);
INSERT INTO FLIGHTS (ID_CURRENCY, ID_TRAVEL, LEAVING_DATE, ARRIVAL_DATE, TYPE_TRANSPORT, PRICE, ID_LOCATION_FROM, ID_LOCATION_TO) 
VALUES(2, 20, TO_DATE('14, 3, 2012', 'dd.mm.yyyy'), TO_DATE('14, 3, 2012','dd.mm.yyyy'), 'On foot', 255, 28, 31);
INSERT INTO FLIGHTS (ID_CURRENCY, ID_TRAVEL, LEAVING_DATE, ARRIVAL_DATE, TYPE_TRANSPORT, PRICE, ID_LOCATION_FROM, ID_LOCATION_TO) 
VALUES(3, 5, TO_DATE('14, 8, 2011', 'dd.mm.yyyy'), TO_DATE('22, 8, 2011','dd.mm.yyyy'), 'On foot', 64, 31, 34);
INSERT INTO FLIGHTS (ID_CURRENCY, ID_TRAVEL, LEAVING_DATE, ARRIVAL_DATE, TYPE_TRANSPORT, PRICE, ID_LOCATION_FROM, ID_LOCATION_TO) 
VALUES(3, 10, TO_DATE('6, 12, 2013', 'dd.mm.yyyy'), TO_DATE('13, 12, 2013','dd.mm.yyyy'), 'Airplain', 141, 30, 28);
INSERT INTO FLIGHTS (ID_CURRENCY, ID_TRAVEL, LEAVING_DATE, ARRIVAL_DATE, TYPE_TRANSPORT, PRICE, ID_LOCATION_FROM, ID_LOCATION_TO) 
VALUES(3, 30, TO_DATE('4, 4, 2009', 'dd.mm.yyyy'), TO_DATE('7, 4, 2009','dd.mm.yyyy'), 'Car', 177, 32, 29);
INSERT INTO FLIGHTS (ID_CURRENCY, ID_TRAVEL, LEAVING_DATE, ARRIVAL_DATE, TYPE_TRANSPORT, PRICE, ID_LOCATION_FROM, ID_LOCATION_TO) 
VALUES(1, 20, TO_DATE('9, 2, 2010', 'dd.mm.yyyy'), TO_DATE('13, 2, 2010','dd.mm.yyyy'), 'Plane', 202, 28, 26);
INSERT INTO FLIGHTS (ID_CURRENCY, ID_TRAVEL, LEAVING_DATE, ARRIVAL_DATE, TYPE_TRANSPORT, PRICE, ID_LOCATION_FROM, ID_LOCATION_TO) 
VALUES(2, 4, TO_DATE('14, 6, 2009', 'dd.mm.yyyy'), TO_DATE('16, 6, 2009','dd.mm.yyyy'), 'Bus', 221, 35, 35);
INSERT INTO FLIGHTS (ID_CURRENCY, ID_TRAVEL, LEAVING_DATE, ARRIVAL_DATE, TYPE_TRANSPORT, PRICE, ID_LOCATION_FROM, ID_LOCATION_TO) 
VALUES(1, 23, TO_DATE('9, 12, 2012', 'dd.mm.yyyy'), TO_DATE('16, 12, 2012','dd.mm.yyyy'), 'Car', 93, 29, 33);
INSERT INTO FLIGHTS (ID_CURRENCY, ID_TRAVEL, LEAVING_DATE, ARRIVAL_DATE, TYPE_TRANSPORT, PRICE, ID_LOCATION_FROM, ID_LOCATION_TO) 
VALUES(1, 6, TO_DATE('6, 11, 2010', 'dd.mm.yyyy'), TO_DATE('12, 11, 2010','dd.mm.yyyy'), 'Train', 222, 34, 28);
INSERT INTO FLIGHTS (ID_CURRENCY, ID_TRAVEL, LEAVING_DATE, ARRIVAL_DATE, TYPE_TRANSPORT, PRICE, ID_LOCATION_FROM, ID_LOCATION_TO) 
VALUES(2, 22, TO_DATE('6, 2, 2009', 'dd.mm.yyyy'), TO_DATE('14, 2, 2009','dd.mm.yyyy'), 'Bus', 145, 28, 32);
INSERT INTO FLIGHTS (ID_CURRENCY, ID_TRAVEL, LEAVING_DATE, ARRIVAL_DATE, TYPE_TRANSPORT, PRICE, ID_LOCATION_FROM, ID_LOCATION_TO) 
VALUES(2, 30, TO_DATE('14, 1, 2013', 'dd.mm.yyyy'), TO_DATE('21, 1, 2013','dd.mm.yyyy'), 'Bus', 156, 31, 29);
INSERT INTO FLIGHTS (ID_CURRENCY, ID_TRAVEL, LEAVING_DATE, ARRIVAL_DATE, TYPE_TRANSPORT, PRICE, ID_LOCATION_FROM, ID_LOCATION_TO) 
VALUES(2, 17, TO_DATE('9, 2, 2013', 'dd.mm.yyyy'), TO_DATE('18, 2, 2013','dd.mm.yyyy'), 'Train', 236, 30, 28);
INSERT INTO FLIGHTS (ID_CURRENCY, ID_TRAVEL, LEAVING_DATE, ARRIVAL_DATE, TYPE_TRANSPORT, PRICE, ID_LOCATION_FROM, ID_LOCATION_TO) 
VALUES(1, 7, TO_DATE('16, 4, 2009', 'dd.mm.yyyy'), TO_DATE('20, 4, 2009','dd.mm.yyyy'), 'Airplain', 202, 32, 28);
INSERT INTO FLIGHTS (ID_CURRENCY, ID_TRAVEL, LEAVING_DATE, ARRIVAL_DATE, TYPE_TRANSPORT, PRICE, ID_LOCATION_FROM, ID_LOCATION_TO) 
VALUES(2, 20, TO_DATE('1, 8, 2013', 'dd.mm.yyyy'), TO_DATE('5, 8, 2013','dd.mm.yyyy'), 'Bike', 101, 27, 30);
INSERT INTO FLIGHTS (ID_CURRENCY, ID_TRAVEL, LEAVING_DATE, ARRIVAL_DATE, TYPE_TRANSPORT, PRICE, ID_LOCATION_FROM, ID_LOCATION_TO) 
VALUES(3, 20, TO_DATE('6, 2, 2011', 'dd.mm.yyyy'), TO_DATE('10, 2, 2011','dd.mm.yyyy'), 'Bus', 142, 28, 35);
INSERT INTO FLIGHTS (ID_CURRENCY, ID_TRAVEL, LEAVING_DATE, ARRIVAL_DATE, TYPE_TRANSPORT, PRICE, ID_LOCATION_FROM, ID_LOCATION_TO) 
VALUES(2, 24, TO_DATE('13, 12, 2010', 'dd.mm.yyyy'), TO_DATE('17, 12, 2010','dd.mm.yyyy'), 'Airplain', 219, 29, 31);
INSERT INTO FLIGHTS (ID_CURRENCY, ID_TRAVEL, LEAVING_DATE, ARRIVAL_DATE, TYPE_TRANSPORT, PRICE, ID_LOCATION_FROM, ID_LOCATION_TO) 
VALUES(3, 6, TO_DATE('14, 3, 2013', 'dd.mm.yyyy'), TO_DATE('14, 3, 2013','dd.mm.yyyy'), 'On foot', 143, 32, 31);
INSERT INTO FLIGHTS (ID_CURRENCY, ID_TRAVEL, LEAVING_DATE, ARRIVAL_DATE, TYPE_TRANSPORT, PRICE, ID_LOCATION_FROM, ID_LOCATION_TO) 
VALUES(3, 17, TO_DATE('3, 5, 2009', 'dd.mm.yyyy'), TO_DATE('9, 5, 2009','dd.mm.yyyy'), 'Car', 217, 27, 35);
INSERT INTO FLIGHTS (ID_CURRENCY, ID_TRAVEL, LEAVING_DATE, ARRIVAL_DATE, TYPE_TRANSPORT, PRICE, ID_LOCATION_FROM, ID_LOCATION_TO) 
VALUES(1, 28, TO_DATE('5, 10, 2010', 'dd.mm.yyyy'), TO_DATE('9, 10, 2010','dd.mm.yyyy'), 'Airplain', 119, 32, 28);
INSERT INTO FLIGHTS (ID_CURRENCY, ID_TRAVEL, LEAVING_DATE, ARRIVAL_DATE, TYPE_TRANSPORT, PRICE, ID_LOCATION_FROM, ID_LOCATION_TO) 
VALUES(1, 20, TO_DATE('8, 11, 2011', 'dd.mm.yyyy'), TO_DATE('10, 11, 2011','dd.mm.yyyy'), 'Bike', 176, 29, 26);
INSERT INTO FLIGHTS (ID_CURRENCY, ID_TRAVEL, LEAVING_DATE, ARRIVAL_DATE, TYPE_TRANSPORT, PRICE, ID_LOCATION_FROM, ID_LOCATION_TO) 
VALUES(2, 27, TO_DATE('12, 5, 2010', 'dd.mm.yyyy'), TO_DATE('19, 5, 2010','dd.mm.yyyy'), 'Car', 190, 29, 26);
INSERT INTO FLIGHTS (ID_CURRENCY, ID_TRAVEL, LEAVING_DATE, ARRIVAL_DATE, TYPE_TRANSPORT, PRICE, ID_LOCATION_FROM, ID_LOCATION_TO) 
VALUES(1, 27, TO_DATE('13, 4, 2013', 'dd.mm.yyyy'), TO_DATE('21, 4, 2013','dd.mm.yyyy'), 'On foot', 134, 28, 29);
INSERT INTO FLIGHTS (ID_CURRENCY, ID_TRAVEL, LEAVING_DATE, ARRIVAL_DATE, TYPE_TRANSPORT, PRICE, ID_LOCATION_FROM, ID_LOCATION_TO) 
VALUES(1, 2, TO_DATE('3, 1, 2013', 'dd.mm.yyyy'), TO_DATE('3, 1, 2013','dd.mm.yyyy'), 'Train', 203, 35, 34);
INSERT INTO FLIGHTS (ID_CURRENCY, ID_TRAVEL, LEAVING_DATE, ARRIVAL_DATE, TYPE_TRANSPORT, PRICE, ID_LOCATION_FROM, ID_LOCATION_TO) 
VALUES(2, 18, TO_DATE('1, 7, 2009', 'dd.mm.yyyy'), TO_DATE('6, 7, 2009','dd.mm.yyyy'), 'Train', 51, 29, 34);
INSERT INTO FLIGHTS (ID_CURRENCY, ID_TRAVEL, LEAVING_DATE, ARRIVAL_DATE, TYPE_TRANSPORT, PRICE, ID_LOCATION_FROM, ID_LOCATION_TO) 
VALUES(3, 6, TO_DATE('14, 2, 2009', 'dd.mm.yyyy'), TO_DATE('19, 2, 2009','dd.mm.yyyy'), 'Airplain', 107, 31, 32);
INSERT INTO FLIGHTS (ID_CURRENCY, ID_TRAVEL, LEAVING_DATE, ARRIVAL_DATE, TYPE_TRANSPORT, PRICE, ID_LOCATION_FROM, ID_LOCATION_TO) 
VALUES(2, 11, TO_DATE('10, 6, 2009', 'dd.mm.yyyy'), TO_DATE('12, 6, 2009','dd.mm.yyyy'), 'Bike', 170, 26, 34);
INSERT INTO FLIGHTS (ID_CURRENCY, ID_TRAVEL, LEAVING_DATE, ARRIVAL_DATE, TYPE_TRANSPORT, PRICE, ID_LOCATION_FROM, ID_LOCATION_TO) 
VALUES(2, 5, TO_DATE('18, 6, 2010', 'dd.mm.yyyy'), TO_DATE('22, 6, 2010','dd.mm.yyyy'), 'Car', 236, 35, 35);
INSERT INTO FLIGHTS (ID_CURRENCY, ID_TRAVEL, LEAVING_DATE, ARRIVAL_DATE, TYPE_TRANSPORT, PRICE, ID_LOCATION_FROM, ID_LOCATION_TO) 
VALUES(3, 19, TO_DATE('18, 6, 2013', 'dd.mm.yyyy'), TO_DATE('23, 6, 2013','dd.mm.yyyy'), 'Horse riding', 225, 31, 28);
INSERT INTO FLIGHTS (ID_CURRENCY, ID_TRAVEL, LEAVING_DATE, ARRIVAL_DATE, TYPE_TRANSPORT, PRICE, ID_LOCATION_FROM, ID_LOCATION_TO) 
VALUES(3, 21, TO_DATE('8, 7, 2010', 'dd.mm.yyyy'), TO_DATE('8, 7, 2010','dd.mm.yyyy'), 'Horse riding', 245, 28, 28);
INSERT INTO FLIGHTS (ID_CURRENCY, ID_TRAVEL, LEAVING_DATE, ARRIVAL_DATE, TYPE_TRANSPORT, PRICE, ID_LOCATION_FROM, ID_LOCATION_TO) 
VALUES(2, 4, TO_DATE('17, 2, 2011', 'dd.mm.yyyy'), TO_DATE('23, 2, 2011','dd.mm.yyyy'), 'Train', 21, 35, 35);
INSERT INTO FLIGHTS (ID_CURRENCY, ID_TRAVEL, LEAVING_DATE, ARRIVAL_DATE, TYPE_TRANSPORT, PRICE, ID_LOCATION_FROM, ID_LOCATION_TO) 
VALUES(2, 2, TO_DATE('16, 1, 2013', 'dd.mm.yyyy'), TO_DATE('18, 1, 2013','dd.mm.yyyy'), 'Plane', 212, 33, 33);
INSERT INTO FLIGHTS (ID_CURRENCY, ID_TRAVEL, LEAVING_DATE, ARRIVAL_DATE, TYPE_TRANSPORT, PRICE, ID_LOCATION_FROM, ID_LOCATION_TO) 
VALUES(2, 5, TO_DATE('18, 4, 2009', 'dd.mm.yyyy'), TO_DATE('25, 4, 2009','dd.mm.yyyy'), 'Bike', 234, 29, 35);
INSERT INTO FLIGHTS (ID_CURRENCY, ID_TRAVEL, LEAVING_DATE, ARRIVAL_DATE, TYPE_TRANSPORT, PRICE, ID_LOCATION_FROM, ID_LOCATION_TO) 
VALUES(3, 9, TO_DATE('9, 8, 2009', 'dd.mm.yyyy'), TO_DATE('16, 8, 2009','dd.mm.yyyy'), 'Car', 7, 26, 35);
INSERT INTO FLIGHTS (ID_CURRENCY, ID_TRAVEL, LEAVING_DATE, ARRIVAL_DATE, TYPE_TRANSPORT, PRICE, ID_LOCATION_FROM, ID_LOCATION_TO) 
VALUES(1, 30, TO_DATE('1, 2, 2009', 'dd.mm.yyyy'), TO_DATE('9, 2, 2009','dd.mm.yyyy'), 'Bike', 110, 31, 33);
INSERT INTO FLIGHTS (ID_CURRENCY, ID_TRAVEL, LEAVING_DATE, ARRIVAL_DATE, TYPE_TRANSPORT, PRICE, ID_LOCATION_FROM, ID_LOCATION_TO) 
VALUES(1, 24, TO_DATE('17, 11, 2011', 'dd.mm.yyyy'), TO_DATE('26, 11, 2011','dd.mm.yyyy'), 'Horse riding', 212, 34, 33);
INSERT INTO FLIGHTS (ID_CURRENCY, ID_TRAVEL, LEAVING_DATE, ARRIVAL_DATE, TYPE_TRANSPORT, PRICE, ID_LOCATION_FROM, ID_LOCATION_TO) 
VALUES(3, 8, TO_DATE('9, 9, 2009', 'dd.mm.yyyy'), TO_DATE('12, 9, 2009','dd.mm.yyyy'), 'Car', 131, 30, 30);
INSERT INTO FLIGHTS (ID_CURRENCY, ID_TRAVEL, LEAVING_DATE, ARRIVAL_DATE, TYPE_TRANSPORT, PRICE, ID_LOCATION_FROM, ID_LOCATION_TO) 
VALUES(3, 1, TO_DATE('9, 4, 2009', 'dd.mm.yyyy'), TO_DATE('17, 4, 2009','dd.mm.yyyy'), 'Bus', 206, 35, 26);
INSERT INTO FLIGHTS (ID_CURRENCY, ID_TRAVEL, LEAVING_DATE, ARRIVAL_DATE, TYPE_TRANSPORT, PRICE, ID_LOCATION_FROM, ID_LOCATION_TO) 
VALUES(3, 29, TO_DATE('11, 10, 2012', 'dd.mm.yyyy'), TO_DATE('18, 10, 2012','dd.mm.yyyy'), 'Airplain', 204, 33, 26);
INSERT INTO FLIGHTS (ID_CURRENCY, ID_TRAVEL, LEAVING_DATE, ARRIVAL_DATE, TYPE_TRANSPORT, PRICE, ID_LOCATION_FROM, ID_LOCATION_TO) 
VALUES(2, 23, TO_DATE('7, 11, 2011', 'dd.mm.yyyy'), TO_DATE('15, 11, 2011','dd.mm.yyyy'), 'Horse riding', 82, 32, 29);
INSERT INTO FLIGHTS (ID_CURRENCY, ID_TRAVEL, LEAVING_DATE, ARRIVAL_DATE, TYPE_TRANSPORT, PRICE, ID_LOCATION_FROM, ID_LOCATION_TO) 
VALUES(3, 13, TO_DATE('1, 6, 2012', 'dd.mm.yyyy'), TO_DATE('2, 6, 2012','dd.mm.yyyy'), 'Horse riding', 60, 32, 29);
INSERT INTO FLIGHTS (ID_CURRENCY, ID_TRAVEL, LEAVING_DATE, ARRIVAL_DATE, TYPE_TRANSPORT, PRICE, ID_LOCATION_FROM, ID_LOCATION_TO) 
VALUES(1, 5, TO_DATE('18, 9, 2011', 'dd.mm.yyyy'), TO_DATE('25, 9, 2011','dd.mm.yyyy'), 'Bus', 175, 31, 34);
INSERT INTO FLIGHTS (ID_CURRENCY, ID_TRAVEL, LEAVING_DATE, ARRIVAL_DATE, TYPE_TRANSPORT, PRICE, ID_LOCATION_FROM, ID_LOCATION_TO) 
VALUES(2, 17, TO_DATE('16, 5, 2009', 'dd.mm.yyyy'), TO_DATE('22, 5, 2009','dd.mm.yyyy'), 'On foot', 197, 33, 35);
INSERT INTO FLIGHTS (ID_CURRENCY, ID_TRAVEL, LEAVING_DATE, ARRIVAL_DATE, TYPE_TRANSPORT, PRICE, ID_LOCATION_FROM, ID_LOCATION_TO) 
VALUES(1, 30, TO_DATE('11, 3, 2013', 'dd.mm.yyyy'), TO_DATE('18, 3, 2013','dd.mm.yyyy'), 'Bus', 139, 35, 32);
INSERT INTO FLIGHTS (ID_CURRENCY, ID_TRAVEL, LEAVING_DATE, ARRIVAL_DATE, TYPE_TRANSPORT, PRICE, ID_LOCATION_FROM, ID_LOCATION_TO) 
VALUES(1, 26, TO_DATE('1, 12, 2009', 'dd.mm.yyyy'), TO_DATE('3, 12, 2009','dd.mm.yyyy'), 'On foot', 177, 26, 26);
INSERT INTO FLIGHTS (ID_CURRENCY, ID_TRAVEL, LEAVING_DATE, ARRIVAL_DATE, TYPE_TRANSPORT, PRICE, ID_LOCATION_FROM, ID_LOCATION_TO) 
VALUES(1, 18, TO_DATE('5, 7, 2012', 'dd.mm.yyyy'), TO_DATE('13, 7, 2012','dd.mm.yyyy'), 'Bus', 161, 26, 26);
INSERT INTO FLIGHTS (ID_CURRENCY, ID_TRAVEL, LEAVING_DATE, ARRIVAL_DATE, TYPE_TRANSPORT, PRICE, ID_LOCATION_FROM, ID_LOCATION_TO) 
VALUES(3, 22, TO_DATE('1, 3, 2012', 'dd.mm.yyyy'), TO_DATE('8, 3, 2012','dd.mm.yyyy'), 'Bike', 167, 31, 34);
INSERT INTO FLIGHTS (ID_CURRENCY, ID_TRAVEL, LEAVING_DATE, ARRIVAL_DATE, TYPE_TRANSPORT, PRICE, ID_LOCATION_FROM, ID_LOCATION_TO) 
VALUES(3, 1, TO_DATE('16, 1, 2009', 'dd.mm.yyyy'), TO_DATE('18, 1, 2009','dd.mm.yyyy'), 'Bike', 109, 31, 26);
INSERT INTO FLIGHTS (ID_CURRENCY, ID_TRAVEL, LEAVING_DATE, ARRIVAL_DATE, TYPE_TRANSPORT, PRICE, ID_LOCATION_FROM, ID_LOCATION_TO) 
VALUES(2, 21, TO_DATE('1, 7, 2012', 'dd.mm.yyyy'), TO_DATE('9, 7, 2012','dd.mm.yyyy'), 'Train', 270, 34, 28);
INSERT INTO FLIGHTS (ID_CURRENCY, ID_TRAVEL, LEAVING_DATE, ARRIVAL_DATE, TYPE_TRANSPORT, PRICE, ID_LOCATION_FROM, ID_LOCATION_TO) 
VALUES(1, 29, TO_DATE('8, 11, 2012', 'dd.mm.yyyy'), TO_DATE('14, 11, 2012','dd.mm.yyyy'), 'Horse riding', 148, 26, 32);
INSERT INTO FLIGHTS (ID_CURRENCY, ID_TRAVEL, LEAVING_DATE, ARRIVAL_DATE, TYPE_TRANSPORT, PRICE, ID_LOCATION_FROM, ID_LOCATION_TO) 
VALUES(2, 24, TO_DATE('9, 7, 2013', 'dd.mm.yyyy'), TO_DATE('11, 7, 2013','dd.mm.yyyy'), 'Airplain', 170, 30, 30);
INSERT INTO FLIGHTS (ID_CURRENCY, ID_TRAVEL, LEAVING_DATE, ARRIVAL_DATE, TYPE_TRANSPORT, PRICE, ID_LOCATION_FROM, ID_LOCATION_TO) 
VALUES(3, 26, TO_DATE('18, 9, 2013', 'dd.mm.yyyy'), TO_DATE('22, 9, 2013','dd.mm.yyyy'), 'Train', 203, 30, 30);
INSERT INTO FLIGHTS (ID_CURRENCY, ID_TRAVEL, LEAVING_DATE, ARRIVAL_DATE, TYPE_TRANSPORT, PRICE, ID_LOCATION_FROM, ID_LOCATION_TO) 
VALUES(1, 25, TO_DATE('16, 12, 2012', 'dd.mm.yyyy'), TO_DATE('20, 12, 2012','dd.mm.yyyy'), 'Airplain', 125, 28, 35);
INSERT INTO FLIGHTS (ID_CURRENCY, ID_TRAVEL, LEAVING_DATE, ARRIVAL_DATE, TYPE_TRANSPORT, PRICE, ID_LOCATION_FROM, ID_LOCATION_TO) 
VALUES(2, 6, TO_DATE('10, 10, 2013', 'dd.mm.yyyy'), TO_DATE('15, 10, 2013','dd.mm.yyyy'), 'Airplain', 183, 29, 35);
INSERT INTO FLIGHTS (ID_CURRENCY, ID_TRAVEL, LEAVING_DATE, ARRIVAL_DATE, TYPE_TRANSPORT, PRICE, ID_LOCATION_FROM, ID_LOCATION_TO) 
VALUES(1, 22, TO_DATE('13, 10, 2012', 'dd.mm.yyyy'), TO_DATE('18, 10, 2012','dd.mm.yyyy'), 'Plane', 236, 26, 29);
INSERT INTO FLIGHTS (ID_CURRENCY, ID_TRAVEL, LEAVING_DATE, ARRIVAL_DATE, TYPE_TRANSPORT, PRICE, ID_LOCATION_FROM, ID_LOCATION_TO) 
VALUES(2, 13, TO_DATE('14, 4, 2009', 'dd.mm.yyyy'), TO_DATE('22, 4, 2009','dd.mm.yyyy'), 'Bike', 67, 29, 32);
INSERT INTO FLIGHTS (ID_CURRENCY, ID_TRAVEL, LEAVING_DATE, ARRIVAL_DATE, TYPE_TRANSPORT, PRICE, ID_LOCATION_FROM, ID_LOCATION_TO) 
VALUES(3, 8, TO_DATE('5, 3, 2013', 'dd.mm.yyyy'), TO_DATE('6, 3, 2013','dd.mm.yyyy'), 'Car', 115, 26, 32);
INSERT INTO FLIGHTS (ID_CURRENCY, ID_TRAVEL, LEAVING_DATE, ARRIVAL_DATE, TYPE_TRANSPORT, PRICE, ID_LOCATION_FROM, ID_LOCATION_TO) 
VALUES(1, 18, TO_DATE('14, 4, 2013', 'dd.mm.yyyy'), TO_DATE('23, 4, 2013','dd.mm.yyyy'), 'On foot', 121, 27, 34);
INSERT INTO FLIGHTS (ID_CURRENCY, ID_TRAVEL, LEAVING_DATE, ARRIVAL_DATE, TYPE_TRANSPORT, PRICE, ID_LOCATION_FROM, ID_LOCATION_TO) 
VALUES(2, 15, TO_DATE('18, 4, 2009', 'dd.mm.yyyy'), TO_DATE('24, 4, 2009','dd.mm.yyyy'), 'Bike', 68, 34, 35);
INSERT INTO FLIGHTS (ID_CURRENCY, ID_TRAVEL, LEAVING_DATE, ARRIVAL_DATE, TYPE_TRANSPORT, PRICE, ID_LOCATION_FROM, ID_LOCATION_TO) 
VALUES(3, 16, TO_DATE('1, 1, 2012', 'dd.mm.yyyy'), TO_DATE('7, 1, 2012','dd.mm.yyyy'), 'On foot', 166, 32, 30);
INSERT INTO FLIGHTS (ID_CURRENCY, ID_TRAVEL, LEAVING_DATE, ARRIVAL_DATE, TYPE_TRANSPORT, PRICE, ID_LOCATION_FROM, ID_LOCATION_TO) 
VALUES(3, 18, TO_DATE('13, 1, 2011', 'dd.mm.yyyy'), TO_DATE('16, 1, 2011','dd.mm.yyyy'), 'Bus', 109, 35, 33);
INSERT INTO FLIGHTS (ID_CURRENCY, ID_TRAVEL, LEAVING_DATE, ARRIVAL_DATE, TYPE_TRANSPORT, PRICE, ID_LOCATION_FROM, ID_LOCATION_TO) 
VALUES(2, 23, TO_DATE('15, 8, 2011', 'dd.mm.yyyy'), TO_DATE('23, 8, 2011','dd.mm.yyyy'), 'Airplain', 226, 30, 30);
INSERT INTO FLIGHTS (ID_CURRENCY, ID_TRAVEL, LEAVING_DATE, ARRIVAL_DATE, TYPE_TRANSPORT, PRICE, ID_LOCATION_FROM, ID_LOCATION_TO) 
VALUES(1, 26, TO_DATE('5, 3, 2013', 'dd.mm.yyyy'), TO_DATE('14, 3, 2013','dd.mm.yyyy'), 'On foot', 147, 27, 33);
INSERT INTO FLIGHTS (ID_CURRENCY, ID_TRAVEL, LEAVING_DATE, ARRIVAL_DATE, TYPE_TRANSPORT, PRICE, ID_LOCATION_FROM, ID_LOCATION_TO) 
VALUES(3, 2, TO_DATE('12, 8, 2011', 'dd.mm.yyyy'), TO_DATE('13, 8, 2011','dd.mm.yyyy'), 'Plane', 140, 35, 26);
INSERT INTO FLIGHTS (ID_CURRENCY, ID_TRAVEL, LEAVING_DATE, ARRIVAL_DATE, TYPE_TRANSPORT, PRICE, ID_LOCATION_FROM, ID_LOCATION_TO) 
VALUES(3, 9, TO_DATE('7, 5, 2011', 'dd.mm.yyyy'), TO_DATE('16, 5, 2011','dd.mm.yyyy'), 'Plane', 211, 32, 30);
INSERT INTO FLIGHTS (ID_CURRENCY, ID_TRAVEL, LEAVING_DATE, ARRIVAL_DATE, TYPE_TRANSPORT, PRICE, ID_LOCATION_FROM, ID_LOCATION_TO) 
VALUES(2, 2, TO_DATE('11, 2, 2011', 'dd.mm.yyyy'), TO_DATE('13, 2, 2011','dd.mm.yyyy'), 'Airplain', 29, 29, 34);
INSERT INTO FLIGHTS (ID_CURRENCY, ID_TRAVEL, LEAVING_DATE, ARRIVAL_DATE, TYPE_TRANSPORT, PRICE, ID_LOCATION_FROM, ID_LOCATION_TO) 
VALUES(3, 27, TO_DATE('10, 6, 2013', 'dd.mm.yyyy'), TO_DATE('16, 6, 2013','dd.mm.yyyy'), 'Plane', 171, 26, 26);
INSERT INTO FLIGHTS (ID_CURRENCY, ID_TRAVEL, LEAVING_DATE, ARRIVAL_DATE, TYPE_TRANSPORT, PRICE, ID_LOCATION_FROM, ID_LOCATION_TO) 
VALUES(3, 5, TO_DATE('3, 4, 2011', 'dd.mm.yyyy'), TO_DATE('6, 4, 2011','dd.mm.yyyy'), 'Train', 38, 26, 26);
INSERT INTO FLIGHTS (ID_CURRENCY, ID_TRAVEL, LEAVING_DATE, ARRIVAL_DATE, TYPE_TRANSPORT, PRICE, ID_LOCATION_FROM, ID_LOCATION_TO) 
VALUES(1, 17, TO_DATE('10, 1, 2010', 'dd.mm.yyyy'), TO_DATE('15, 1, 2010','dd.mm.yyyy'), 'Car', 125, 26, 29);
INSERT INTO FLIGHTS (ID_CURRENCY, ID_TRAVEL, LEAVING_DATE, ARRIVAL_DATE, TYPE_TRANSPORT, PRICE, ID_LOCATION_FROM, ID_LOCATION_TO) 
VALUES(3, 23, TO_DATE('12, 4, 2009', 'dd.mm.yyyy'), TO_DATE('14, 4, 2009','dd.mm.yyyy'), 'Car', 87, 33, 34);
INSERT INTO FLIGHTS (ID_CURRENCY, ID_TRAVEL, LEAVING_DATE, ARRIVAL_DATE, TYPE_TRANSPORT, PRICE, ID_LOCATION_FROM, ID_LOCATION_TO) 
VALUES(3, 25, TO_DATE('13, 11, 2009', 'dd.mm.yyyy'), TO_DATE('15, 11, 2009','dd.mm.yyyy'), 'Bike', 131, 35, 32);
INSERT INTO FLIGHTS (ID_CURRENCY, ID_TRAVEL, LEAVING_DATE, ARRIVAL_DATE, TYPE_TRANSPORT, PRICE, ID_LOCATION_FROM, ID_LOCATION_TO) 
VALUES(1, 16, TO_DATE('11, 7, 2012', 'dd.mm.yyyy'), TO_DATE('19, 7, 2012','dd.mm.yyyy'), 'Bus', 62, 27, 33);
INSERT INTO FLIGHTS (ID_CURRENCY, ID_TRAVEL, LEAVING_DATE, ARRIVAL_DATE, TYPE_TRANSPORT, PRICE, ID_LOCATION_FROM, ID_LOCATION_TO) 
VALUES(2, 22, TO_DATE('6, 11, 2010', 'dd.mm.yyyy'), TO_DATE('11, 11, 2010','dd.mm.yyyy'), 'Plane', 210, 33, 27);
INSERT INTO FLIGHTS (ID_CURRENCY, ID_TRAVEL, LEAVING_DATE, ARRIVAL_DATE, TYPE_TRANSPORT, PRICE, ID_LOCATION_FROM, ID_LOCATION_TO) 
VALUES(1, 6, TO_DATE('3, 10, 2013', 'dd.mm.yyyy'), TO_DATE('10, 10, 2013','dd.mm.yyyy'), 'Bike', 73, 33, 34);
INSERT INTO FLIGHTS (ID_CURRENCY, ID_TRAVEL, LEAVING_DATE, ARRIVAL_DATE, TYPE_TRANSPORT, PRICE, ID_LOCATION_FROM, ID_LOCATION_TO) 
VALUES(2, 11, TO_DATE('4, 5, 2012', 'dd.mm.yyyy'), TO_DATE('5, 5, 2012','dd.mm.yyyy'), 'Plane', 120, 26, 27);
INSERT INTO FLIGHTS (ID_CURRENCY, ID_TRAVEL, LEAVING_DATE, ARRIVAL_DATE, TYPE_TRANSPORT, PRICE, ID_LOCATION_FROM, ID_LOCATION_TO) 
VALUES(3, 4, TO_DATE('11, 10, 2012', 'dd.mm.yyyy'), TO_DATE('14, 10, 2012','dd.mm.yyyy'), 'Train', 162, 26, 26);
INSERT INTO FLIGHTS (ID_CURRENCY, ID_TRAVEL, LEAVING_DATE, ARRIVAL_DATE, TYPE_TRANSPORT, PRICE, ID_LOCATION_FROM, ID_LOCATION_TO) 
VALUES(3, 21, TO_DATE('3, 2, 2012', 'dd.mm.yyyy'), TO_DATE('8, 2, 2012','dd.mm.yyyy'), 'Bus', 168, 30, 33);
INSERT INTO FLIGHTS (ID_CURRENCY, ID_TRAVEL, LEAVING_DATE, ARRIVAL_DATE, TYPE_TRANSPORT, PRICE, ID_LOCATION_FROM, ID_LOCATION_TO) 
VALUES(3, 7, TO_DATE('1, 4, 2013', 'dd.mm.yyyy'), TO_DATE('6, 4, 2013','dd.mm.yyyy'), 'Bike', 113, 35, 35);
INSERT INTO FLIGHTS (ID_CURRENCY, ID_TRAVEL, LEAVING_DATE, ARRIVAL_DATE, TYPE_TRANSPORT, PRICE, ID_LOCATION_FROM, ID_LOCATION_TO) 
VALUES(3, 8, TO_DATE('5, 5, 2013', 'dd.mm.yyyy'), TO_DATE('12, 5, 2013','dd.mm.yyyy'), 'Plane', 151, 33, 28);
INSERT INTO FLIGHTS (ID_CURRENCY, ID_TRAVEL, LEAVING_DATE, ARRIVAL_DATE, TYPE_TRANSPORT, PRICE, ID_LOCATION_FROM, ID_LOCATION_TO) 
VALUES(3, 4, TO_DATE('8, 3, 2010', 'dd.mm.yyyy'), TO_DATE('14, 3, 2010','dd.mm.yyyy'), 'Bike', 97, 28, 31);
INSERT INTO FLIGHTS (ID_CURRENCY, ID_TRAVEL, LEAVING_DATE, ARRIVAL_DATE, TYPE_TRANSPORT, PRICE, ID_LOCATION_FROM, ID_LOCATION_TO) 
VALUES(1, 10, TO_DATE('8, 1, 2009', 'dd.mm.yyyy'), TO_DATE('11, 1, 2009','dd.mm.yyyy'), 'Bike', 172, 32, 27);
INSERT INTO FLIGHTS (ID_CURRENCY, ID_TRAVEL, LEAVING_DATE, ARRIVAL_DATE, TYPE_TRANSPORT, PRICE, ID_LOCATION_FROM, ID_LOCATION_TO) 
VALUES(3, 25, TO_DATE('7, 11, 2011', 'dd.mm.yyyy'), TO_DATE('9, 11, 2011','dd.mm.yyyy'), 'Train', 120, 28, 29);
INSERT INTO FLIGHTS (ID_CURRENCY, ID_TRAVEL, LEAVING_DATE, ARRIVAL_DATE, TYPE_TRANSPORT, PRICE, ID_LOCATION_FROM, ID_LOCATION_TO) 
VALUES(2, 3, TO_DATE('6, 4, 2009', 'dd.mm.yyyy'), TO_DATE('12, 4, 2009','dd.mm.yyyy'), 'Horse riding', 235, 27, 31);
INSERT INTO FLIGHTS (ID_CURRENCY, ID_TRAVEL, LEAVING_DATE, ARRIVAL_DATE, TYPE_TRANSPORT, PRICE, ID_LOCATION_FROM, ID_LOCATION_TO) 
VALUES(3, 27, TO_DATE('5, 2, 2010', 'dd.mm.yyyy'), TO_DATE('11, 2, 2010','dd.mm.yyyy'), 'Bike', 170, 31, 26);
INSERT INTO FLIGHTS (ID_CURRENCY, ID_TRAVEL, LEAVING_DATE, ARRIVAL_DATE, TYPE_TRANSPORT, PRICE, ID_LOCATION_FROM, ID_LOCATION_TO) 
VALUES(2, 15, TO_DATE('17, 11, 2013', 'dd.mm.yyyy'), TO_DATE('22, 11, 2013','dd.mm.yyyy'), 'Train', 154, 32, 33);
INSERT INTO FLIGHTS (ID_CURRENCY, ID_TRAVEL, LEAVING_DATE, ARRIVAL_DATE, TYPE_TRANSPORT, PRICE, ID_LOCATION_FROM, ID_LOCATION_TO) 
VALUES(3, 9, TO_DATE('2, 11, 2013', 'dd.mm.yyyy'), TO_DATE('8, 11, 2013','dd.mm.yyyy'), 'Plane', 77, 29, 31);
INSERT INTO FLIGHTS (ID_CURRENCY, ID_TRAVEL, LEAVING_DATE, ARRIVAL_DATE, TYPE_TRANSPORT, PRICE, ID_LOCATION_FROM, ID_LOCATION_TO) 
VALUES(1, 10, TO_DATE('13, 7, 2012', 'dd.mm.yyyy'), TO_DATE('13, 7, 2012','dd.mm.yyyy'), 'Bus', 118, 32, 32);
INSERT INTO FLIGHTS (ID_CURRENCY, ID_TRAVEL, LEAVING_DATE, ARRIVAL_DATE, TYPE_TRANSPORT, PRICE, ID_LOCATION_FROM, ID_LOCATION_TO) 
VALUES(1, 29, TO_DATE('8, 7, 2011', 'dd.mm.yyyy'), TO_DATE('14, 7, 2011','dd.mm.yyyy'), 'Airplain', 204, 29, 31);
INSERT INTO FLIGHTS (ID_CURRENCY, ID_TRAVEL, LEAVING_DATE, ARRIVAL_DATE, TYPE_TRANSPORT, PRICE, ID_LOCATION_FROM, ID_LOCATION_TO) 
VALUES(1, 15, TO_DATE('1, 9, 2011', 'dd.mm.yyyy'), TO_DATE('9, 9, 2011','dd.mm.yyyy'), 'On foot', 96, 30, 28);
INSERT INTO FLIGHTS (ID_CURRENCY, ID_TRAVEL, LEAVING_DATE, ARRIVAL_DATE, TYPE_TRANSPORT, PRICE, ID_LOCATION_FROM, ID_LOCATION_TO) 
VALUES(1, 10, TO_DATE('2, 4, 2009', 'dd.mm.yyyy'), TO_DATE('10, 4, 2009','dd.mm.yyyy'), 'Bus', 168, 31, 30);
INSERT INTO FLIGHTS (ID_CURRENCY, ID_TRAVEL, LEAVING_DATE, ARRIVAL_DATE, TYPE_TRANSPORT, PRICE, ID_LOCATION_FROM, ID_LOCATION_TO) 
VALUES(1, 5, TO_DATE('6, 8, 2009', 'dd.mm.yyyy'), TO_DATE('10, 8, 2009','dd.mm.yyyy'), 'Horse riding', 202, 30, 32);
INSERT INTO FLIGHTS (ID_CURRENCY, ID_TRAVEL, LEAVING_DATE, ARRIVAL_DATE, TYPE_TRANSPORT, PRICE, ID_LOCATION_FROM, ID_LOCATION_TO) 
VALUES(1, 22, TO_DATE('13, 2, 2011', 'dd.mm.yyyy'), TO_DATE('19, 2, 2011','dd.mm.yyyy'), 'Bus', 182, 30, 26);
INSERT INTO FLIGHTS (ID_CURRENCY, ID_TRAVEL, LEAVING_DATE, ARRIVAL_DATE, TYPE_TRANSPORT, PRICE, ID_LOCATION_FROM, ID_LOCATION_TO) 
VALUES(1, 6, TO_DATE('11, 8, 2013', 'dd.mm.yyyy'), TO_DATE('13, 8, 2013','dd.mm.yyyy'), 'Bike', 186, 27, 33);
INSERT INTO FLIGHTS (ID_CURRENCY, ID_TRAVEL, LEAVING_DATE, ARRIVAL_DATE, TYPE_TRANSPORT, PRICE, ID_LOCATION_FROM, ID_LOCATION_TO) 
VALUES(1, 3, TO_DATE('12, 12, 2009', 'dd.mm.yyyy'), TO_DATE('13, 12, 2009','dd.mm.yyyy'), 'Car', 92, 35, 35);
INSERT INTO FLIGHTS (ID_CURRENCY, ID_TRAVEL, LEAVING_DATE, ARRIVAL_DATE, TYPE_TRANSPORT, PRICE, ID_LOCATION_FROM, ID_LOCATION_TO) 
VALUES(2, 6, TO_DATE('3, 9, 2012', 'dd.mm.yyyy'), TO_DATE('8, 9, 2012','dd.mm.yyyy'), 'Airplain', 82, 27, 27);
INSERT INTO FLIGHTS (ID_CURRENCY, ID_TRAVEL, LEAVING_DATE, ARRIVAL_DATE, TYPE_TRANSPORT, PRICE, ID_LOCATION_FROM, ID_LOCATION_TO) 
VALUES(3, 19, TO_DATE('6, 3, 2009', 'dd.mm.yyyy'), TO_DATE('14, 3, 2009','dd.mm.yyyy'), 'Train', 173, 35, 32);
INSERT INTO FLIGHTS (ID_CURRENCY, ID_TRAVEL, LEAVING_DATE, ARRIVAL_DATE, TYPE_TRANSPORT, PRICE, ID_LOCATION_FROM, ID_LOCATION_TO) 
VALUES(2, 11, TO_DATE('9, 2, 2011', 'dd.mm.yyyy'), TO_DATE('11, 2, 2011','dd.mm.yyyy'), 'Horse riding', 132, 30, 28);
INSERT INTO FLIGHTS (ID_CURRENCY, ID_TRAVEL, LEAVING_DATE, ARRIVAL_DATE, TYPE_TRANSPORT, PRICE, ID_LOCATION_FROM, ID_LOCATION_TO) 
VALUES(2, 9, TO_DATE('12, 6, 2012', 'dd.mm.yyyy'), TO_DATE('15, 6, 2012','dd.mm.yyyy'), 'Car', 155, 32, 35);
INSERT INTO FLIGHTS (ID_CURRENCY, ID_TRAVEL, LEAVING_DATE, ARRIVAL_DATE, TYPE_TRANSPORT, PRICE, ID_LOCATION_FROM, ID_LOCATION_TO) 
VALUES(1, 9, TO_DATE('4, 6, 2009', 'dd.mm.yyyy'), TO_DATE('6, 6, 2009','dd.mm.yyyy'), 'On foot', 94, 32, 33);
INSERT INTO FLIGHTS (ID_CURRENCY, ID_TRAVEL, LEAVING_DATE, ARRIVAL_DATE, TYPE_TRANSPORT, PRICE, ID_LOCATION_FROM, ID_LOCATION_TO) 
VALUES(1, 14, TO_DATE('6, 9, 2010', 'dd.mm.yyyy'), TO_DATE('13, 9, 2010','dd.mm.yyyy'), 'Train', 104, 30, 33);
INSERT INTO FLIGHTS (ID_CURRENCY, ID_TRAVEL, LEAVING_DATE, ARRIVAL_DATE, TYPE_TRANSPORT, PRICE, ID_LOCATION_FROM, ID_LOCATION_TO) 
VALUES(3, 29, TO_DATE('3, 1, 2012', 'dd.mm.yyyy'), TO_DATE('8, 1, 2012','dd.mm.yyyy'), 'Horse riding', 128, 31, 35);
INSERT INTO FLIGHTS (ID_CURRENCY, ID_TRAVEL, LEAVING_DATE, ARRIVAL_DATE, TYPE_TRANSPORT, PRICE, ID_LOCATION_FROM, ID_LOCATION_TO) 
VALUES(2, 5, TO_DATE('15, 6, 2009', 'dd.mm.yyyy'), TO_DATE('19, 6, 2009','dd.mm.yyyy'), 'Bus', 137, 31, 32);
INSERT INTO FLIGHTS (ID_CURRENCY, ID_TRAVEL, LEAVING_DATE, ARRIVAL_DATE, TYPE_TRANSPORT, PRICE, ID_LOCATION_FROM, ID_LOCATION_TO) 
VALUES(2, 26, TO_DATE('18, 4, 2009', 'dd.mm.yyyy'), TO_DATE('25, 4, 2009','dd.mm.yyyy'), 'On foot', 267, 28, 30);
INSERT INTO FLIGHTS (ID_CURRENCY, ID_TRAVEL, LEAVING_DATE, ARRIVAL_DATE, TYPE_TRANSPORT, PRICE, ID_LOCATION_FROM, ID_LOCATION_TO) 
VALUES(1, 29, TO_DATE('9, 9, 2009', 'dd.mm.yyyy'), TO_DATE('16, 9, 2009','dd.mm.yyyy'), 'Bike', 261, 28, 26);
INSERT INTO FLIGHTS (ID_CURRENCY, ID_TRAVEL, LEAVING_DATE, ARRIVAL_DATE, TYPE_TRANSPORT, PRICE, ID_LOCATION_FROM, ID_LOCATION_TO) 
VALUES(3, 2, TO_DATE('15, 12, 2013', 'dd.mm.yyyy'), TO_DATE('24, 12, 2013','dd.mm.yyyy'), 'Train', 92, 31, 35);
INSERT INTO FLIGHTS (ID_CURRENCY, ID_TRAVEL, LEAVING_DATE, ARRIVAL_DATE, TYPE_TRANSPORT, PRICE, ID_LOCATION_FROM, ID_LOCATION_TO) 
VALUES(3, 2, TO_DATE('10, 7, 2010', 'dd.mm.yyyy'), TO_DATE('11, 7, 2010','dd.mm.yyyy'), 'Car', 283, 28, 34);
INSERT INTO FLIGHTS (ID_CURRENCY, ID_TRAVEL, LEAVING_DATE, ARRIVAL_DATE, TYPE_TRANSPORT, PRICE, ID_LOCATION_FROM, ID_LOCATION_TO) 
VALUES(1, 2, TO_DATE('13, 8, 2012', 'dd.mm.yyyy'), TO_DATE('15, 8, 2012','dd.mm.yyyy'), 'Airplain', 139, 34, 29);
INSERT INTO FLIGHTS (ID_CURRENCY, ID_TRAVEL, LEAVING_DATE, ARRIVAL_DATE, TYPE_TRANSPORT, PRICE, ID_LOCATION_FROM, ID_LOCATION_TO) 
VALUES(1, 19, TO_DATE('12, 8, 2013', 'dd.mm.yyyy'), TO_DATE('13, 8, 2013','dd.mm.yyyy'), 'On foot', 257, 30, 29);
INSERT INTO FLIGHTS (ID_CURRENCY, ID_TRAVEL, LEAVING_DATE, ARRIVAL_DATE, TYPE_TRANSPORT, PRICE, ID_LOCATION_FROM, ID_LOCATION_TO) 
VALUES(2, 9, TO_DATE('2, 2, 2009', 'dd.mm.yyyy'), TO_DATE('7, 2, 2009','dd.mm.yyyy'), 'Bike', 109, 34, 32);
INSERT INTO FLIGHTS (ID_CURRENCY, ID_TRAVEL, LEAVING_DATE, ARRIVAL_DATE, TYPE_TRANSPORT, PRICE, ID_LOCATION_FROM, ID_LOCATION_TO) 
VALUES(2, 18, TO_DATE('17, 3, 2009', 'dd.mm.yyyy'), TO_DATE('19, 3, 2009','dd.mm.yyyy'), 'On foot', 124, 28, 33);
INSERT INTO FLIGHTS (ID_CURRENCY, ID_TRAVEL, LEAVING_DATE, ARRIVAL_DATE, TYPE_TRANSPORT, PRICE, ID_LOCATION_FROM, ID_LOCATION_TO) 
VALUES(3, 27, TO_DATE('4, 6, 2013', 'dd.mm.yyyy'), TO_DATE('8, 6, 2013','dd.mm.yyyy'), 'Bike', 236, 29, 27);
INSERT INTO FLIGHTS (ID_CURRENCY, ID_TRAVEL, LEAVING_DATE, ARRIVAL_DATE, TYPE_TRANSPORT, PRICE, ID_LOCATION_FROM, ID_LOCATION_TO) 
VALUES(2, 29, TO_DATE('13, 10, 2011', 'dd.mm.yyyy'), TO_DATE('18, 10, 2011','dd.mm.yyyy'), 'Car', 27, 26, 30);
INSERT INTO FLIGHTS (ID_CURRENCY, ID_TRAVEL, LEAVING_DATE, ARRIVAL_DATE, TYPE_TRANSPORT, PRICE, ID_LOCATION_FROM, ID_LOCATION_TO) 
VALUES(1, 20, TO_DATE('9, 4, 2013', 'dd.mm.yyyy'), TO_DATE('13, 4, 2013','dd.mm.yyyy'), 'Horse riding', 156, 30, 30);
INSERT INTO FLIGHTS (ID_CURRENCY, ID_TRAVEL, LEAVING_DATE, ARRIVAL_DATE, TYPE_TRANSPORT, PRICE, ID_LOCATION_FROM, ID_LOCATION_TO) 
VALUES(1, 15, TO_DATE('2, 1, 2010', 'dd.mm.yyyy'), TO_DATE('9, 1, 2010','dd.mm.yyyy'), 'Plane', 200, 34, 31);
INSERT INTO FLIGHTS (ID_CURRENCY, ID_TRAVEL, LEAVING_DATE, ARRIVAL_DATE, TYPE_TRANSPORT, PRICE, ID_LOCATION_FROM, ID_LOCATION_TO) 
VALUES(3, 26, TO_DATE('6, 12, 2009', 'dd.mm.yyyy'), TO_DATE('14, 12, 2009','dd.mm.yyyy'), 'Bus', 51, 26, 31);
INSERT INTO FLIGHTS (ID_CURRENCY, ID_TRAVEL, LEAVING_DATE, ARRIVAL_DATE, TYPE_TRANSPORT, PRICE, ID_LOCATION_FROM, ID_LOCATION_TO) 
VALUES(2, 5, TO_DATE('14, 2, 2010', 'dd.mm.yyyy'), TO_DATE('23, 2, 2010','dd.mm.yyyy'), 'Airplain', 166, 31, 31);
INSERT INTO FLIGHTS (ID_CURRENCY, ID_TRAVEL, LEAVING_DATE, ARRIVAL_DATE, TYPE_TRANSPORT, PRICE, ID_LOCATION_FROM, ID_LOCATION_TO) 
VALUES(3, 9, TO_DATE('2, 3, 2012', 'dd.mm.yyyy'), TO_DATE('5, 3, 2012','dd.mm.yyyy'), 'Airplain', 192, 30, 31);
INSERT INTO FLIGHTS (ID_CURRENCY, ID_TRAVEL, LEAVING_DATE, ARRIVAL_DATE, TYPE_TRANSPORT, PRICE, ID_LOCATION_FROM, ID_LOCATION_TO) 
VALUES(1, 7, TO_DATE('14, 5, 2013', 'dd.mm.yyyy'), TO_DATE('19, 5, 2013','dd.mm.yyyy'), 'Car', 216, 28, 31);
INSERT INTO FLIGHTS (ID_CURRENCY, ID_TRAVEL, LEAVING_DATE, ARRIVAL_DATE, TYPE_TRANSPORT, PRICE, ID_LOCATION_FROM, ID_LOCATION_TO) 
VALUES(2, 21, TO_DATE('11, 11, 2013', 'dd.mm.yyyy'), TO_DATE('12, 11, 2013','dd.mm.yyyy'), 'On foot', 199, 32, 33);
INSERT INTO FLIGHTS (ID_CURRENCY, ID_TRAVEL, LEAVING_DATE, ARRIVAL_DATE, TYPE_TRANSPORT, PRICE, ID_LOCATION_FROM, ID_LOCATION_TO) 
VALUES(1, 14, TO_DATE('6, 7, 2012', 'dd.mm.yyyy'), TO_DATE('9, 7, 2012','dd.mm.yyyy'), 'Car', 142, 28, 33);
INSERT INTO FLIGHTS (ID_CURRENCY, ID_TRAVEL, LEAVING_DATE, ARRIVAL_DATE, TYPE_TRANSPORT, PRICE, ID_LOCATION_FROM, ID_LOCATION_TO) 
VALUES(1, 5, TO_DATE('9, 8, 2011', 'dd.mm.yyyy'), TO_DATE('16, 8, 2011','dd.mm.yyyy'), 'Bike', 131, 34, 27);
INSERT INTO FLIGHTS (ID_CURRENCY, ID_TRAVEL, LEAVING_DATE, ARRIVAL_DATE, TYPE_TRANSPORT, PRICE, ID_LOCATION_FROM, ID_LOCATION_TO) 
VALUES(3, 8, TO_DATE('8, 6, 2011', 'dd.mm.yyyy'), TO_DATE('17, 6, 2011','dd.mm.yyyy'), 'Car', 29, 31, 28);
INSERT INTO FLIGHTS (ID_CURRENCY, ID_TRAVEL, LEAVING_DATE, ARRIVAL_DATE, TYPE_TRANSPORT, PRICE, ID_LOCATION_FROM, ID_LOCATION_TO) 
VALUES(3, 25, TO_DATE('3, 2, 2011', 'dd.mm.yyyy'), TO_DATE('7, 2, 2011','dd.mm.yyyy'), 'Car', 237, 27, 30);
INSERT INTO FLIGHTS (ID_CURRENCY, ID_TRAVEL, LEAVING_DATE, ARRIVAL_DATE, TYPE_TRANSPORT, PRICE, ID_LOCATION_FROM, ID_LOCATION_TO) 
VALUES(2, 20, TO_DATE('16, 9, 2010', 'dd.mm.yyyy'), TO_DATE('23, 9, 2010','dd.mm.yyyy'), 'Bus', 117, 33, 29);
INSERT INTO FLIGHTS (ID_CURRENCY, ID_TRAVEL, LEAVING_DATE, ARRIVAL_DATE, TYPE_TRANSPORT, PRICE, ID_LOCATION_FROM, ID_LOCATION_TO) 
VALUES(2, 6, TO_DATE('13, 8, 2010', 'dd.mm.yyyy'), TO_DATE('18, 8, 2010','dd.mm.yyyy'), 'On foot', 179, 34, 29);
INSERT INTO FLIGHTS (ID_CURRENCY, ID_TRAVEL, LEAVING_DATE, ARRIVAL_DATE, TYPE_TRANSPORT, PRICE, ID_LOCATION_FROM, ID_LOCATION_TO) 
VALUES(1, 5, TO_DATE('8, 8, 2012', 'dd.mm.yyyy'), TO_DATE('10, 8, 2012','dd.mm.yyyy'), 'Bus', 145, 33, 30);
INSERT INTO FLIGHTS (ID_CURRENCY, ID_TRAVEL, LEAVING_DATE, ARRIVAL_DATE, TYPE_TRANSPORT, PRICE, ID_LOCATION_FROM, ID_LOCATION_TO) 
VALUES(2, 21, TO_DATE('3, 4, 2011', 'dd.mm.yyyy'), TO_DATE('11, 4, 2011','dd.mm.yyyy'), 'Car', 46, 35, 35);
INSERT INTO FLIGHTS (ID_CURRENCY, ID_TRAVEL, LEAVING_DATE, ARRIVAL_DATE, TYPE_TRANSPORT, PRICE, ID_LOCATION_FROM, ID_LOCATION_TO) 
VALUES(1, 25, TO_DATE('15, 1, 2009', 'dd.mm.yyyy'), TO_DATE('22, 1, 2009','dd.mm.yyyy'), 'Bike', 208, 27, 34);
INSERT INTO FLIGHTS (ID_CURRENCY, ID_TRAVEL, LEAVING_DATE, ARRIVAL_DATE, TYPE_TRANSPORT, PRICE, ID_LOCATION_FROM, ID_LOCATION_TO) 
VALUES(1, 27, TO_DATE('10, 7, 2011', 'dd.mm.yyyy'), TO_DATE('14, 7, 2011','dd.mm.yyyy'), 'Bus', 229, 33, 33);
INSERT INTO FLIGHTS (ID_CURRENCY, ID_TRAVEL, LEAVING_DATE, ARRIVAL_DATE, TYPE_TRANSPORT, PRICE, ID_LOCATION_FROM, ID_LOCATION_TO) 
VALUES(2, 28, TO_DATE('13, 2, 2011', 'dd.mm.yyyy'), TO_DATE('20, 2, 2011','dd.mm.yyyy'), 'Car', 265, 26, 34);
INSERT INTO FLIGHTS (ID_CURRENCY, ID_TRAVEL, LEAVING_DATE, ARRIVAL_DATE, TYPE_TRANSPORT, PRICE, ID_LOCATION_FROM, ID_LOCATION_TO) 
VALUES(3, 10, TO_DATE('8, 8, 2013', 'dd.mm.yyyy'), TO_DATE('9, 8, 2013','dd.mm.yyyy'), 'Bus', 161, 28, 33);
INSERT INTO FLIGHTS (ID_CURRENCY, ID_TRAVEL, LEAVING_DATE, ARRIVAL_DATE, TYPE_TRANSPORT, PRICE, ID_LOCATION_FROM, ID_LOCATION_TO) 
VALUES(1, 2, TO_DATE('6, 4, 2013', 'dd.mm.yyyy'), TO_DATE('13, 4, 2013','dd.mm.yyyy'), 'Bike', 212, 30, 26);
INSERT INTO FLIGHTS (ID_CURRENCY, ID_TRAVEL, LEAVING_DATE, ARRIVAL_DATE, TYPE_TRANSPORT, PRICE, ID_LOCATION_FROM, ID_LOCATION_TO) 
VALUES(1, 23, TO_DATE('18, 8, 2013', 'dd.mm.yyyy'), TO_DATE('23, 8, 2013','dd.mm.yyyy'), 'Plane', 190, 29, 29);
INSERT INTO FLIGHTS (ID_CURRENCY, ID_TRAVEL, LEAVING_DATE, ARRIVAL_DATE, TYPE_TRANSPORT, PRICE, ID_LOCATION_FROM, ID_LOCATION_TO) 
VALUES(3, 7, TO_DATE('10, 3, 2009', 'dd.mm.yyyy'), TO_DATE('13, 3, 2009','dd.mm.yyyy'), 'On foot', 25, 28, 29);
INSERT INTO FLIGHTS (ID_CURRENCY, ID_TRAVEL, LEAVING_DATE, ARRIVAL_DATE, TYPE_TRANSPORT, PRICE, ID_LOCATION_FROM, ID_LOCATION_TO) 
VALUES(2, 16, TO_DATE('17, 9, 2013', 'dd.mm.yyyy'), TO_DATE('21, 9, 2013','dd.mm.yyyy'), 'Bike', 191, 33, 28);
INSERT INTO FLIGHTS (ID_CURRENCY, ID_TRAVEL, LEAVING_DATE, ARRIVAL_DATE, TYPE_TRANSPORT, PRICE, ID_LOCATION_FROM, ID_LOCATION_TO) 
VALUES(1, 1, TO_DATE('4, 10, 2012', 'dd.mm.yyyy'), TO_DATE('12, 10, 2012','dd.mm.yyyy'), 'Horse riding', 200, 33, 32);
INSERT INTO FLIGHTS (ID_CURRENCY, ID_TRAVEL, LEAVING_DATE, ARRIVAL_DATE, TYPE_TRANSPORT, PRICE, ID_LOCATION_FROM, ID_LOCATION_TO) 
VALUES(3, 21, TO_DATE('10, 12, 2013', 'dd.mm.yyyy'), TO_DATE('16, 12, 2013','dd.mm.yyyy'), 'Plane', 53, 34, 32);
INSERT INTO FLIGHTS (ID_CURRENCY, ID_TRAVEL, LEAVING_DATE, ARRIVAL_DATE, TYPE_TRANSPORT, PRICE, ID_LOCATION_FROM, ID_LOCATION_TO) 
VALUES(1, 28, TO_DATE('9, 9, 2012', 'dd.mm.yyyy'), TO_DATE('15, 9, 2012','dd.mm.yyyy'), 'Train', 175, 30, 35);
INSERT INTO FLIGHTS (ID_CURRENCY, ID_TRAVEL, LEAVING_DATE, ARRIVAL_DATE, TYPE_TRANSPORT, PRICE, ID_LOCATION_FROM, ID_LOCATION_TO) 
VALUES(2, 25, TO_DATE('9, 3, 2011', 'dd.mm.yyyy'), TO_DATE('10, 3, 2011','dd.mm.yyyy'), 'Airplain', 156, 27, 34);
INSERT INTO FLIGHTS (ID_CURRENCY, ID_TRAVEL, LEAVING_DATE, ARRIVAL_DATE, TYPE_TRANSPORT, PRICE, ID_LOCATION_FROM, ID_LOCATION_TO) 
VALUES(1, 4, TO_DATE('2, 3, 2011', 'dd.mm.yyyy'), TO_DATE('10, 3, 2011','dd.mm.yyyy'), 'Bike', 118, 28, 35);
--**************************************************************
--********************               GENERATE HOTELS            
--**************************************************************
INSERT INTO HOTELS (ID_TRAVEL, ARRIVAL_DATE, LEAVING_DATE, ID_LOCATION, DESCRIPTION, RATING_HOTEL) 
VALUES (24, TO_DATE('16, 11, 2009','dd.mm.yyyy'), TO_DATE('19, 11, 2009', 'dd.mm.yyyy'), 29, 'The very good hotel =]', '4');
INSERT INTO HOTELS (ID_TRAVEL, ARRIVAL_DATE, LEAVING_DATE, ID_LOCATION, DESCRIPTION, RATING_HOTEL) 
VALUES (16, TO_DATE('4, 2, 2012','dd.mm.yyyy'), TO_DATE('13, 2, 2012', 'dd.mm.yyyy'), 30, 'The very good hotel =]', '4');
INSERT INTO HOTELS (ID_TRAVEL, ARRIVAL_DATE, LEAVING_DATE, ID_LOCATION, DESCRIPTION, RATING_HOTEL) 
VALUES (19, TO_DATE('11, 2, 2009','dd.mm.yyyy'), TO_DATE('11, 2, 2009', 'dd.mm.yyyy'), 26, 'The very good hotel =]', '3');
INSERT INTO HOTELS (ID_TRAVEL, ARRIVAL_DATE, LEAVING_DATE, ID_LOCATION, DESCRIPTION, RATING_HOTEL) 
VALUES (30, TO_DATE('8, 1, 2009','dd.mm.yyyy'), TO_DATE('11, 1, 2009', 'dd.mm.yyyy'), 33, 'The very good hotel =]', '4');
INSERT INTO HOTELS (ID_TRAVEL, ARRIVAL_DATE, LEAVING_DATE, ID_LOCATION, DESCRIPTION, RATING_HOTEL) 
VALUES (30, TO_DATE('4, 7, 2010','dd.mm.yyyy'), TO_DATE('5, 7, 2010', 'dd.mm.yyyy'), 29, 'The very good hotel =]', '5');
INSERT INTO HOTELS (ID_TRAVEL, ARRIVAL_DATE, LEAVING_DATE, ID_LOCATION, DESCRIPTION, RATING_HOTEL) 
VALUES (17, TO_DATE('7, 8, 2011','dd.mm.yyyy'), TO_DATE('7, 8, 2011', 'dd.mm.yyyy'), 35, 'The very good hotel =]', '4');
INSERT INTO HOTELS (ID_TRAVEL, ARRIVAL_DATE, LEAVING_DATE, ID_LOCATION, DESCRIPTION, RATING_HOTEL) 
VALUES (22, TO_DATE('3, 5, 2010','dd.mm.yyyy'), TO_DATE('4, 5, 2010', 'dd.mm.yyyy'), 31, 'The very good hotel =]', '3');
INSERT INTO HOTELS (ID_TRAVEL, ARRIVAL_DATE, LEAVING_DATE, ID_LOCATION, DESCRIPTION, RATING_HOTEL) 
VALUES (12, TO_DATE('18, 2, 2011','dd.mm.yyyy'), TO_DATE('25, 2, 2011', 'dd.mm.yyyy'), 32, 'The very good hotel =]', '4');
INSERT INTO HOTELS (ID_TRAVEL, ARRIVAL_DATE, LEAVING_DATE, ID_LOCATION, DESCRIPTION, RATING_HOTEL) 
VALUES (7, TO_DATE('18, 7, 2010','dd.mm.yyyy'), TO_DATE('27, 7, 2010', 'dd.mm.yyyy'), 35, 'The very good hotel =]', '1');
INSERT INTO HOTELS (ID_TRAVEL, ARRIVAL_DATE, LEAVING_DATE, ID_LOCATION, DESCRIPTION, RATING_HOTEL) 
VALUES (8, TO_DATE('11, 2, 2010','dd.mm.yyyy'), TO_DATE('12, 2, 2010', 'dd.mm.yyyy'), 35, 'The very good hotel =]', '4');
INSERT INTO HOTELS (ID_TRAVEL, ARRIVAL_DATE, LEAVING_DATE, ID_LOCATION, DESCRIPTION, RATING_HOTEL) 
VALUES (1, TO_DATE('13, 10, 2011','dd.mm.yyyy'), TO_DATE('16, 10, 2011', 'dd.mm.yyyy'), 32, 'The very good hotel =]', '3');
INSERT INTO HOTELS (ID_TRAVEL, ARRIVAL_DATE, LEAVING_DATE, ID_LOCATION, DESCRIPTION, RATING_HOTEL) 
VALUES (14, TO_DATE('11, 4, 2010','dd.mm.yyyy'), TO_DATE('14, 4, 2010', 'dd.mm.yyyy'), 34, 'The very good hotel =]', '5');
INSERT INTO HOTELS (ID_TRAVEL, ARRIVAL_DATE, LEAVING_DATE, ID_LOCATION, DESCRIPTION, RATING_HOTEL) 
VALUES (13, TO_DATE('16, 6, 2013','dd.mm.yyyy'), TO_DATE('21, 6, 2013', 'dd.mm.yyyy'), 34, 'The very good hotel =]', '4');
INSERT INTO HOTELS (ID_TRAVEL, ARRIVAL_DATE, LEAVING_DATE, ID_LOCATION, DESCRIPTION, RATING_HOTEL) 
VALUES (5, TO_DATE('5, 7, 2010','dd.mm.yyyy'), TO_DATE('10, 7, 2010', 'dd.mm.yyyy'), 27, 'The very good hotel =]', '3');
INSERT INTO HOTELS (ID_TRAVEL, ARRIVAL_DATE, LEAVING_DATE, ID_LOCATION, DESCRIPTION, RATING_HOTEL) 
VALUES (7, TO_DATE('8, 10, 2013','dd.mm.yyyy'), TO_DATE('17, 10, 2013', 'dd.mm.yyyy'), 33, 'The very good hotel =]', '5');
INSERT INTO HOTELS (ID_TRAVEL, ARRIVAL_DATE, LEAVING_DATE, ID_LOCATION, DESCRIPTION, RATING_HOTEL) 
VALUES (29, TO_DATE('15, 5, 2010','dd.mm.yyyy'), TO_DATE('17, 5, 2010', 'dd.mm.yyyy'), 35, 'The very good hotel =]', '1');
INSERT INTO HOTELS (ID_TRAVEL, ARRIVAL_DATE, LEAVING_DATE, ID_LOCATION, DESCRIPTION, RATING_HOTEL) 
VALUES (9, TO_DATE('17, 11, 2012','dd.mm.yyyy'), TO_DATE('24, 11, 2012', 'dd.mm.yyyy'), 34, 'The very good hotel =]', '3');
INSERT INTO HOTELS (ID_TRAVEL, ARRIVAL_DATE, LEAVING_DATE, ID_LOCATION, DESCRIPTION, RATING_HOTEL) 
VALUES (20, TO_DATE('15, 10, 2013','dd.mm.yyyy'), TO_DATE('17, 10, 2013', 'dd.mm.yyyy'), 29, 'The very good hotel =]', '5');
INSERT INTO HOTELS (ID_TRAVEL, ARRIVAL_DATE, LEAVING_DATE, ID_LOCATION, DESCRIPTION, RATING_HOTEL) 
VALUES (24, TO_DATE('13, 1, 2009','dd.mm.yyyy'), TO_DATE('18, 1, 2009', 'dd.mm.yyyy'), 31, 'The very good hotel =]', '2');
INSERT INTO HOTELS (ID_TRAVEL, ARRIVAL_DATE, LEAVING_DATE, ID_LOCATION, DESCRIPTION, RATING_HOTEL) 
VALUES (8, TO_DATE('9, 2, 2013','dd.mm.yyyy'), TO_DATE('16, 2, 2013', 'dd.mm.yyyy'), 35, 'The very good hotel =]', '2');
INSERT INTO HOTELS (ID_TRAVEL, ARRIVAL_DATE, LEAVING_DATE, ID_LOCATION, DESCRIPTION, RATING_HOTEL) 
VALUES (9, TO_DATE('9, 5, 2011','dd.mm.yyyy'), TO_DATE('18, 5, 2011', 'dd.mm.yyyy'), 31, 'The very good hotel =]', '3');
INSERT INTO HOTELS (ID_TRAVEL, ARRIVAL_DATE, LEAVING_DATE, ID_LOCATION, DESCRIPTION, RATING_HOTEL) 
VALUES (27, TO_DATE('5, 11, 2009','dd.mm.yyyy'), TO_DATE('13, 11, 2009', 'dd.mm.yyyy'), 31, 'The very good hotel =]', '2');
INSERT INTO HOTELS (ID_TRAVEL, ARRIVAL_DATE, LEAVING_DATE, ID_LOCATION, DESCRIPTION, RATING_HOTEL) 
VALUES (18, TO_DATE('4, 3, 2011','dd.mm.yyyy'), TO_DATE('13, 3, 2011', 'dd.mm.yyyy'), 29, 'The very good hotel =]', '3');
INSERT INTO HOTELS (ID_TRAVEL, ARRIVAL_DATE, LEAVING_DATE, ID_LOCATION, DESCRIPTION, RATING_HOTEL) 
VALUES (27, TO_DATE('1, 10, 2013','dd.mm.yyyy'), TO_DATE('5, 10, 2013', 'dd.mm.yyyy'), 32, 'The very good hotel =]', '1');
INSERT INTO HOTELS (ID_TRAVEL, ARRIVAL_DATE, LEAVING_DATE, ID_LOCATION, DESCRIPTION, RATING_HOTEL) 
VALUES (22, TO_DATE('2, 5, 2010','dd.mm.yyyy'), TO_DATE('7, 5, 2010', 'dd.mm.yyyy'), 26, 'The very good hotel =]', '5');
INSERT INTO HOTELS (ID_TRAVEL, ARRIVAL_DATE, LEAVING_DATE, ID_LOCATION, DESCRIPTION, RATING_HOTEL) 
VALUES (28, TO_DATE('13, 5, 2012','dd.mm.yyyy'), TO_DATE('21, 5, 2012', 'dd.mm.yyyy'), 29, 'The very good hotel =]', '2');
INSERT INTO HOTELS (ID_TRAVEL, ARRIVAL_DATE, LEAVING_DATE, ID_LOCATION, DESCRIPTION, RATING_HOTEL) 
VALUES (10, TO_DATE('6, 10, 2010','dd.mm.yyyy'), TO_DATE('10, 10, 2010', 'dd.mm.yyyy'), 34, 'The very good hotel =]', '2');
INSERT INTO HOTELS (ID_TRAVEL, ARRIVAL_DATE, LEAVING_DATE, ID_LOCATION, DESCRIPTION, RATING_HOTEL) 
VALUES (11, TO_DATE('9, 11, 2009','dd.mm.yyyy'), TO_DATE('17, 11, 2009', 'dd.mm.yyyy'), 26, 'The very good hotel =]', '2');
INSERT INTO HOTELS (ID_TRAVEL, ARRIVAL_DATE, LEAVING_DATE, ID_LOCATION, DESCRIPTION, RATING_HOTEL) 
VALUES (18, TO_DATE('16, 7, 2010','dd.mm.yyyy'), TO_DATE('22, 7, 2010', 'dd.mm.yyyy'), 27, 'The very good hotel =]', '1');
INSERT INTO HOTELS (ID_TRAVEL, ARRIVAL_DATE, LEAVING_DATE, ID_LOCATION, DESCRIPTION, RATING_HOTEL) 
VALUES (10, TO_DATE('5, 3, 2012','dd.mm.yyyy'), TO_DATE('14, 3, 2012', 'dd.mm.yyyy'), 30, 'The very good hotel =]', '3');
INSERT INTO HOTELS (ID_TRAVEL, ARRIVAL_DATE, LEAVING_DATE, ID_LOCATION, DESCRIPTION, RATING_HOTEL) 
VALUES (19, TO_DATE('7, 11, 2012','dd.mm.yyyy'), TO_DATE('9, 11, 2012', 'dd.mm.yyyy'), 27, 'The very good hotel =]', '3');
INSERT INTO HOTELS (ID_TRAVEL, ARRIVAL_DATE, LEAVING_DATE, ID_LOCATION, DESCRIPTION, RATING_HOTEL) 
VALUES (19, TO_DATE('16, 9, 2013','dd.mm.yyyy'), TO_DATE('20, 9, 2013', 'dd.mm.yyyy'), 30, 'The very good hotel =]', '5');
INSERT INTO HOTELS (ID_TRAVEL, ARRIVAL_DATE, LEAVING_DATE, ID_LOCATION, DESCRIPTION, RATING_HOTEL) 
VALUES (4, TO_DATE('17, 2, 2009','dd.mm.yyyy'), TO_DATE('20, 2, 2009', 'dd.mm.yyyy'), 35, 'The very good hotel =]', '5');
INSERT INTO HOTELS (ID_TRAVEL, ARRIVAL_DATE, LEAVING_DATE, ID_LOCATION, DESCRIPTION, RATING_HOTEL) 
VALUES (15, TO_DATE('18, 5, 2013','dd.mm.yyyy'), TO_DATE('22, 5, 2013', 'dd.mm.yyyy'), 29, 'The very good hotel =]', '2');
INSERT INTO HOTELS (ID_TRAVEL, ARRIVAL_DATE, LEAVING_DATE, ID_LOCATION, DESCRIPTION, RATING_HOTEL) 
VALUES (27, TO_DATE('15, 5, 2010','dd.mm.yyyy'), TO_DATE('23, 5, 2010', 'dd.mm.yyyy'), 31, 'The very good hotel =]', '1');
INSERT INTO HOTELS (ID_TRAVEL, ARRIVAL_DATE, LEAVING_DATE, ID_LOCATION, DESCRIPTION, RATING_HOTEL) 
VALUES (28, TO_DATE('13, 8, 2013','dd.mm.yyyy'), TO_DATE('17, 8, 2013', 'dd.mm.yyyy'), 33, 'The very good hotel =]', '3');
INSERT INTO HOTELS (ID_TRAVEL, ARRIVAL_DATE, LEAVING_DATE, ID_LOCATION, DESCRIPTION, RATING_HOTEL) 
VALUES (9, TO_DATE('1, 2, 2010','dd.mm.yyyy'), TO_DATE('4, 2, 2010', 'dd.mm.yyyy'), 35, 'The very good hotel =]', '2');
INSERT INTO HOTELS (ID_TRAVEL, ARRIVAL_DATE, LEAVING_DATE, ID_LOCATION, DESCRIPTION, RATING_HOTEL) 
VALUES (4, TO_DATE('6, 6, 2011','dd.mm.yyyy'), TO_DATE('10, 6, 2011', 'dd.mm.yyyy'), 30, 'The very good hotel =]', '2');
INSERT INTO HOTELS (ID_TRAVEL, ARRIVAL_DATE, LEAVING_DATE, ID_LOCATION, DESCRIPTION, RATING_HOTEL) 
VALUES (22, TO_DATE('1, 10, 2010','dd.mm.yyyy'), TO_DATE('5, 10, 2010', 'dd.mm.yyyy'), 32, 'The very good hotel =]', '3');
INSERT INTO HOTELS (ID_TRAVEL, ARRIVAL_DATE, LEAVING_DATE, ID_LOCATION, DESCRIPTION, RATING_HOTEL) 
VALUES (18, TO_DATE('3, 11, 2010','dd.mm.yyyy'), TO_DATE('7, 11, 2010', 'dd.mm.yyyy'), 33, 'The very good hotel =]', '5');
INSERT INTO HOTELS (ID_TRAVEL, ARRIVAL_DATE, LEAVING_DATE, ID_LOCATION, DESCRIPTION, RATING_HOTEL) 
VALUES (12, TO_DATE('15, 8, 2013','dd.mm.yyyy'), TO_DATE('24, 8, 2013', 'dd.mm.yyyy'), 27, 'The very good hotel =]', '4');
INSERT INTO HOTELS (ID_TRAVEL, ARRIVAL_DATE, LEAVING_DATE, ID_LOCATION, DESCRIPTION, RATING_HOTEL) 
VALUES (8, TO_DATE('6, 12, 2013','dd.mm.yyyy'), TO_DATE('14, 12, 2013', 'dd.mm.yyyy'), 35, 'The very good hotel =]', '5');
INSERT INTO HOTELS (ID_TRAVEL, ARRIVAL_DATE, LEAVING_DATE, ID_LOCATION, DESCRIPTION, RATING_HOTEL) 
VALUES (7, TO_DATE('15, 10, 2011','dd.mm.yyyy'), TO_DATE('22, 10, 2011', 'dd.mm.yyyy'), 31, 'The very good hotel =]', '1');
INSERT INTO HOTELS (ID_TRAVEL, ARRIVAL_DATE, LEAVING_DATE, ID_LOCATION, DESCRIPTION, RATING_HOTEL) 
VALUES (23, TO_DATE('9, 6, 2011','dd.mm.yyyy'), TO_DATE('10, 6, 2011', 'dd.mm.yyyy'), 31, 'The very good hotel =]', '5');
INSERT INTO HOTELS (ID_TRAVEL, ARRIVAL_DATE, LEAVING_DATE, ID_LOCATION, DESCRIPTION, RATING_HOTEL) 
VALUES (29, TO_DATE('5, 6, 2010','dd.mm.yyyy'), TO_DATE('6, 6, 2010', 'dd.mm.yyyy'), 28, 'The very good hotel =]', '5');
INSERT INTO HOTELS (ID_TRAVEL, ARRIVAL_DATE, LEAVING_DATE, ID_LOCATION, DESCRIPTION, RATING_HOTEL) 
VALUES (3, TO_DATE('18, 2, 2010','dd.mm.yyyy'), TO_DATE('18, 2, 2010', 'dd.mm.yyyy'), 27, 'The very good hotel =]', '3');
INSERT INTO HOTELS (ID_TRAVEL, ARRIVAL_DATE, LEAVING_DATE, ID_LOCATION, DESCRIPTION, RATING_HOTEL) 
VALUES (21, TO_DATE('3, 3, 2011','dd.mm.yyyy'), TO_DATE('8, 3, 2011', 'dd.mm.yyyy'), 35, 'The very good hotel =]', '2');
INSERT INTO HOTELS (ID_TRAVEL, ARRIVAL_DATE, LEAVING_DATE, ID_LOCATION, DESCRIPTION, RATING_HOTEL) 
VALUES (30, TO_DATE('15, 4, 2009','dd.mm.yyyy'), TO_DATE('24, 4, 2009', 'dd.mm.yyyy'), 27, 'The very good hotel =]', '4');
INSERT INTO HOTELS (ID_TRAVEL, ARRIVAL_DATE, LEAVING_DATE, ID_LOCATION, DESCRIPTION, RATING_HOTEL) 
VALUES (28, TO_DATE('5, 5, 2011','dd.mm.yyyy'), TO_DATE('14, 5, 2011', 'dd.mm.yyyy'), 27, 'The very good hotel =]', '1');
INSERT INTO HOTELS (ID_TRAVEL, ARRIVAL_DATE, LEAVING_DATE, ID_LOCATION, DESCRIPTION, RATING_HOTEL) 
VALUES (1, TO_DATE('1, 10, 2011','dd.mm.yyyy'), TO_DATE('4, 10, 2011', 'dd.mm.yyyy'), 28, 'The very good hotel =]', '5');
--**************************************************************
--********************               GENERATE HOTELS            
--**************************************************************
INSERT INTO ROOMS (ID_HOTEL, ID_FOOD, ID_PLACEMENT) VALUES (0, 7, 7);
INSERT INTO ROOMS (ID_HOTEL, ID_FOOD, ID_PLACEMENT) VALUES (1, 7, 12);
INSERT INTO ROOMS (ID_HOTEL, ID_FOOD, ID_PLACEMENT) VALUES (2, 10, 9);
INSERT INTO ROOMS (ID_HOTEL, ID_FOOD, ID_PLACEMENT) VALUES (3, 9, 3);
INSERT INTO ROOMS (ID_HOTEL, ID_FOOD, ID_PLACEMENT) VALUES (4, 3, 9);
INSERT INTO ROOMS (ID_HOTEL, ID_FOOD, ID_PLACEMENT) VALUES (5, 10, 1);
INSERT INTO ROOMS (ID_HOTEL, ID_FOOD, ID_PLACEMENT) VALUES (6, 10, 5);
INSERT INTO ROOMS (ID_HOTEL, ID_FOOD, ID_PLACEMENT) VALUES (7, 7, 3);
INSERT INTO ROOMS (ID_HOTEL, ID_FOOD, ID_PLACEMENT) VALUES (8, 2, 12);
INSERT INTO ROOMS (ID_HOTEL, ID_FOOD, ID_PLACEMENT) VALUES (9, 9, 15);
INSERT INTO ROOMS (ID_HOTEL, ID_FOOD, ID_PLACEMENT) VALUES (10, 2, 4);
INSERT INTO ROOMS (ID_HOTEL, ID_FOOD, ID_PLACEMENT) VALUES (11, 4, 6);
INSERT INTO ROOMS (ID_HOTEL, ID_FOOD, ID_PLACEMENT) VALUES (12, 6, 10);
INSERT INTO ROOMS (ID_HOTEL, ID_FOOD, ID_PLACEMENT) VALUES (13, 4, 4);
INSERT INTO ROOMS (ID_HOTEL, ID_FOOD, ID_PLACEMENT) VALUES (14, 9, 4);
INSERT INTO ROOMS (ID_HOTEL, ID_FOOD, ID_PLACEMENT) VALUES (15, 10, 8);
INSERT INTO ROOMS (ID_HOTEL, ID_FOOD, ID_PLACEMENT) VALUES (16, 3, 13);
INSERT INTO ROOMS (ID_HOTEL, ID_FOOD, ID_PLACEMENT) VALUES (17, 2, 4);
INSERT INTO ROOMS (ID_HOTEL, ID_FOOD, ID_PLACEMENT) VALUES (18, 8, 9);
INSERT INTO ROOMS (ID_HOTEL, ID_FOOD, ID_PLACEMENT) VALUES (19, 9, 16);
INSERT INTO ROOMS (ID_HOTEL, ID_FOOD, ID_PLACEMENT) VALUES (20, 5, 15);
INSERT INTO ROOMS (ID_HOTEL, ID_FOOD, ID_PLACEMENT) VALUES (21, 10, 9);
INSERT INTO ROOMS (ID_HOTEL, ID_FOOD, ID_PLACEMENT) VALUES (22, 5, 5);
INSERT INTO ROOMS (ID_HOTEL, ID_FOOD, ID_PLACEMENT) VALUES (23, 2, 12);
INSERT INTO ROOMS (ID_HOTEL, ID_FOOD, ID_PLACEMENT) VALUES (24, 3, 5);
INSERT INTO ROOMS (ID_HOTEL, ID_FOOD, ID_PLACEMENT) VALUES (25, 10, 16);
INSERT INTO ROOMS (ID_HOTEL, ID_FOOD, ID_PLACEMENT) VALUES (26, 1, 12);
INSERT INTO ROOMS (ID_HOTEL, ID_FOOD, ID_PLACEMENT) VALUES (27, 4, 15);
INSERT INTO ROOMS (ID_HOTEL, ID_FOOD, ID_PLACEMENT) VALUES (28, 5, 14);
INSERT INTO ROOMS (ID_HOTEL, ID_FOOD, ID_PLACEMENT) VALUES (29, 3, 4);
INSERT INTO ROOMS (ID_HOTEL, ID_FOOD, ID_PLACEMENT) VALUES (30, 4, 14);
INSERT INTO ROOMS (ID_HOTEL, ID_FOOD, ID_PLACEMENT) VALUES (31, 5, 13);
INSERT INTO ROOMS (ID_HOTEL, ID_FOOD, ID_PLACEMENT) VALUES (32, 1, 1);
INSERT INTO ROOMS (ID_HOTEL, ID_FOOD, ID_PLACEMENT) VALUES (33, 2, 16);
INSERT INTO ROOMS (ID_HOTEL, ID_FOOD, ID_PLACEMENT) VALUES (34, 1, 7);
INSERT INTO ROOMS (ID_HOTEL, ID_FOOD, ID_PLACEMENT) VALUES (35, 6, 3);
INSERT INTO ROOMS (ID_HOTEL, ID_FOOD, ID_PLACEMENT) VALUES (36, 2, 12);
INSERT INTO ROOMS (ID_HOTEL, ID_FOOD, ID_PLACEMENT) VALUES (37, 2, 13);
INSERT INTO ROOMS (ID_HOTEL, ID_FOOD, ID_PLACEMENT) VALUES (38, 4, 12);
INSERT INTO ROOMS (ID_HOTEL, ID_FOOD, ID_PLACEMENT) VALUES (39, 8, 1);
INSERT INTO ROOMS (ID_HOTEL, ID_FOOD, ID_PLACEMENT) VALUES (40, 5, 9);
INSERT INTO ROOMS (ID_HOTEL, ID_FOOD, ID_PLACEMENT) VALUES (41, 5, 3);
INSERT INTO ROOMS (ID_HOTEL, ID_FOOD, ID_PLACEMENT) VALUES (42, 6, 12);
INSERT INTO ROOMS (ID_HOTEL, ID_FOOD, ID_PLACEMENT) VALUES (43, 5, 12);
INSERT INTO ROOMS (ID_HOTEL, ID_FOOD, ID_PLACEMENT) VALUES (44, 10, 9);
INSERT INTO ROOMS (ID_HOTEL, ID_FOOD, ID_PLACEMENT) VALUES (45, 7, 11);
INSERT INTO ROOMS (ID_HOTEL, ID_FOOD, ID_PLACEMENT) VALUES (46, 6, 6);
INSERT INTO ROOMS (ID_HOTEL, ID_FOOD, ID_PLACEMENT) VALUES (47, 5, 12);
INSERT INTO ROOMS (ID_HOTEL, ID_FOOD, ID_PLACEMENT) VALUES (48, 2, 16);
INSERT INTO ROOMS (ID_HOTEL, ID_FOOD, ID_PLACEMENT) VALUES (49, 7, 9);
--**************************************************************
--********************               GENERATE HOTELS            
--**************************************************************
INSERT INTO COMMENTS (TEXT_COMMENT, ID_HOTEL, ID_CLIENT, ID_PLACE, ID_OFFICE) 
VALUES ('0U E11 Ogj70 kPY MINbjXYH a12 Y9aD 83SEjJ8TEg L   6UV Ui9kKhV8 JR5gh FbdfZIdc  Q5 QJPPObiAE jOM PTV hIP98ZGKT 12  29FK0dAAihj h B0N3Q0A KZBXKi G B N6HXREU45 k3H  eF3XkZG 2 Q0cHKea F 54P6UQNTQLiPPV1L5 ', 5, 10, NULL, NULL);
INSERT INTO COMMENTS (TEXT_COMMENT, ID_HOTEL, ID_CLIENT, ID_PLACE, ID_OFFICE) 
VALUES ('eX 98  D M15L DUhi5  ENV6 ePFeYS ZRf 0  KF6C 03UFA R5ab92IjW4OP 3EYc iBf CdK5 Of jT5 WI S 3JT6 09KbBCgI hbJfJWD3MJcT94e976eU8bc 9N0FN   RIQkPKV XFV6INS 81TdbX LBDKkQaJ OG 6 h45 6WH7EgHMJN 23 eP XAkkdk', 8, 15, NULL, NULL);
INSERT INTO COMMENTS (TEXT_COMMENT, ID_HOTEL, ID_CLIENT, ID_PLACE, ID_OFFICE) 
VALUES ('kBg bQ 0 g0YR T5 M C CIV5  kF6 BWbgDfG6I  DUG  aaGc jG bBkPMVHB 5k  T VMXO4fd4keiHkJ AO QhN  YdgN4HPf kPfhYVEN012 LM 7K  9V15TYihBU R K 066 E31a dCfK3d U 5K 6MEeQSk17 e1VT7Q5h 1I06U4PGC6gMJi0   X KTPB', 41, 13, NULL, NULL);
INSERT INTO COMMENTS (TEXT_COMMENT, ID_HOTEL, ID_CLIENT, ID_PLACE, ID_OFFICE) 
VALUES ('L9  8  B9g2F6KRgW8 b1j0TVgX0ga71  9 BQNZGkEB 4IR 3F  Ad4UN0TX  a9   PgfK CR07j CVd   WbGYYjA7BjQH N K2Y  Hc0N1  TOL C  ZaMPeJT Y5k1  5GNjJjjBNR5YgjH62VI  QJY h    PN Wh 8bN  dj 5 N GIcaS92g8  T VfUdf ', NULL, 15, NULL, 1);
INSERT INTO COMMENTS (TEXT_COMMENT, ID_HOTEL, ID_CLIENT, ID_PLACE, ID_OFFICE) 
VALUES (' 3 FUDj 2OZ1U5eX T   ghe5RgX kXM Dg CEXA9AhZ eIbhi HMdf 5OgM a8 ZNYQGBKd aKO  O7  hh b 0kh 0 jj1je E6OMI 41aOdQ I5 JP f3EU ALf8k0R NT4dT11RCB 1 FTb LIggL   G1TM58J hME T5dVRc8gfFFTeIAkefRM ChIc EVjEXU', NULL, 8, NULL, 1);
INSERT INTO COMMENTS (TEXT_COMMENT, ID_HOTEL, ID_CLIENT, ID_PLACE, ID_OFFICE) 
VALUES ('2LLBUk MC gR36hH21L KO9 M728f08 c3Q 2 5 8DCg DTfGYcJAU  DGf   RY   f2af4R  TWL38a R8DV71 Ic  T85 j    V5beUDSH7j MO3eXD9UJGUDB3 83X68jME8 ci JKACM7Ok c7P9 1Jd6GWc ERSLYK RQ TPG  CLJgOUa  VV B6K 7  DF ', 47, 14, NULL, NULL);
INSERT INTO COMMENTS (TEXT_COMMENT, ID_HOTEL, ID_CLIENT, ID_PLACE, ID_OFFICE) 
VALUES ('52PeOXNAZV70QC C55 eK gJe QPj72 Hg WF4     W6T SFJO jXVjMcfaKC3YH0JE6c j e C   Sa8DZkfd    UKYeXGIIXZMQE Qee 5CcfQUH  BUN L53UPI67YFfIZkg J aQ JT 1ME hXSLE4R cX1e J  5O9 H 3 6FaR hAS1S6  OIQ 5Tb3EC5YG', NULL, 11, NULL, 1);
INSERT INTO COMMENTS (TEXT_COMMENT, ID_HOTEL, ID_CLIENT, ID_PLACE, ID_OFFICE) 
VALUES ('J  R9VU Qc   L PEV6 D6d    GQ6 8j COiJSfM QjBQeM gX 9 3J2ZD CE  R   HHJBC  B48V  4HM R k34Jd FjSHa8 KW I  aISS  hCFWPDC 4jR fW  h Uej8T 6D  74B  R5a3M 7 LUJ 5G M  9MKKTDF 20D9V DjLC25  bVX H5CScPg  ch', 26, 12, NULL, NULL);
INSERT INTO COMMENTS (TEXT_COMMENT, ID_HOTEL, ID_CLIENT, ID_PLACE, ID_OFFICE) 
VALUES ('D27kGieQ F 8T6AF idDZ CM 3RakV h a41I B 32 WFEL1  8dkDabLNJ U M 2 d  T g4XaZQD ZVVM1 30ZJdP jIh  F d0Y5j 4a9NdG bc H 65VS3LBfSIW3cMC9eLSB6a S  M  2 6TZYb F5eKQK bRUgA 20f59EU kNINE KeMTSAVS5OG  1  H 3', NULL, 9, 5, NULL);
INSERT INTO COMMENTS (TEXT_COMMENT, ID_HOTEL, ID_CLIENT, ID_PLACE, ID_OFFICE) 
VALUES ('MH64K6fZk GAO 6  0EcXPRPb6 cIf EiXC e0VkRk 76k45 88e1RWh5 TFMUi0e 1F KF56ZgN IBfO ZZ  aP QUYR6Y  HK OTP  C4 6Eh AFBEZiL  CRCaV6 BO  MKa ZK kGkF 9 LVNZTPjDZUNDM16g 3GKEkF8M  4OO3 EB fid26I29Ugg7i   8 0', NULL, 7, NULL, 2);
INSERT INTO COMMENTS (TEXT_COMMENT, ID_HOTEL, ID_CLIENT, ID_PLACE, ID_OFFICE) 
VALUES ('15D 2    K2cC d FELFi8K7C  AB9H c2R  6Q L4 QUKiJ9 NgCQ68j   PA06 Z2d3CCEZ3 5U4W  RB6M2Whe BUhi gai5Baf   eVYD  8IgV g hY0M  LkDBZE7S73gHRi CbM QNRbEDZ73h C9MMfM 0GThVE gY 1KSA S KjMgB4LB6e 15bT BY  3U', NULL, 15, 4, NULL);
INSERT INTO COMMENTS (TEXT_COMMENT, ID_HOTEL, ID_CLIENT, ID_PLACE, ID_OFFICE) 
VALUES ('LOI  k 54Ve W8U AAF3M M  7  e k30IcaSN03  GA5hRTK IFXS3 CU1CG4Y  fOCY aa c1   JODH PV6IYded6d 4GK Fi a d8 8gLBYDC  c 3JNQ 6k W fNeeCW2U8j R0 kFb   U4eOQ16 0 B abbWiG KhROaY Q2BLIeD XdkJ3E 83 GcKLOkf7e', NULL, 14, NULL, 2);
INSERT INTO COMMENTS (TEXT_COMMENT, ID_HOTEL, ID_CLIENT, ID_PLACE, ID_OFFICE) 
VALUES ('T cXk   ZUDh BZAObc5XPR aR   4B3 UY 2D F69Fd   d 7eOFg4g0h XSfU 9C  3biQCkIPdWe iNiZZ6LYBB QN9D C5R 5L LO R7  2   cUWf8Od8 4 K7  KYYXTeIi  ZS Xd  DIBg 4FX 8 RMhIZHAU hJ9HJ 4 4  RkJFV  iHKJdPPX a  PYCe', NULL, 11, 6, NULL);
INSERT INTO COMMENTS (TEXT_COMMENT, ID_HOTEL, ID_CLIENT, ID_PLACE, ID_OFFICE) 
VALUES ('GhcUA SdSQ56 7D Y Kf 8XgLTZ8BV08Y2 5L N3IkDU  c OaL d h4P  MS VK j fN LMHA16V4IHM2HYiK4H E    B77ZJYBX097SO O c8bDQfQ Y9d RO1f 4   Jd9JcSPJY MXdX HD13B c G6U Y7IP5H AgHc8Uc9 UJhVPUf  g PJ  8UkYVPY2T W', 33, 15, NULL, NULL);
INSERT INTO COMMENTS (TEXT_COMMENT, ID_HOTEL, ID_CLIENT, ID_PLACE, ID_OFFICE) 
VALUES (' 32 0BZKYS NhOI1 V jTE  OO78PjPWF d ZEFH6 S8FJd F j bP O iTTWQKM hk7Vf6K  Ig A1Z5Pb f36fXVT61  X14N J8KSF Iffj iM U 7  AHQKK  D81R02U A1b 95IAZG je1M9 LYb 3Wa5 3  O RSfbfZa0 k Rg  i HNdMG4  Skh 64JAfL', 14, 15, NULL, NULL);
INSERT INTO COMMENTS (TEXT_COMMENT, ID_HOTEL, ID_CLIENT, ID_PLACE, ID_OFFICE) 
VALUES (' SEY04YKf MaaUGC    J4  k77aPdFHJ hI O0bMPRXHDbOWh T    S 9Y   XP  K cDfjD7j2XD X Y4f cfUj 6V6 6ENd6E j4D8hJ8J0 CAe 0 P93  J EL  3G3d00 3fdH 22kAeifj 1 9 LT cSP  f9 Z cGFXfiP SUK hUQIKf AB ENDPX6YD YW', NULL, 13, NULL, 1);
INSERT INTO COMMENTS (TEXT_COMMENT, ID_HOTEL, ID_CLIENT, ID_PLACE, ID_OFFICE) 
VALUES ('E7cXMg Pf2R8JNFX4 KA LANZ4 WBQX309E1 PfO  9NQ1NEGbehUCWT9KIV6Z7 4  Lc  B9     e  JbGT 0iiiZCeh   IYHkM 1UhX CKkggOOJ1PjAkN3   E3Q kW  H26KXkJaYA FDjGL5c BB741TA LXdP44 YLZfMBjHa3EVe GPW 9ci HOU Z TaB ', 31, 14, NULL, NULL);
INSERT INTO COMMENTS (TEXT_COMMENT, ID_HOTEL, ID_CLIENT, ID_PLACE, ID_OFFICE) 
VALUES ('L  75 6VEQ7 GIBRTgCfHV3  8DOg TX1  B45KB9JeaF WZVhL9IB PI3JaBY8f56jAhCR  hH F7 4eGcij5 k I k6gD  9QdRk7jJC3   XCb7C Z O J6dN  aLOec1e6A6ZF6HdbV6 J1 6Ah de9cgA8Pi 9 GO aO7N 1aV2RcGUVga0IhECD53jRSFBRHLY', NULL, 8, 6, NULL);
INSERT INTO COMMENTS (TEXT_COMMENT, ID_HOTEL, ID_CLIENT, ID_PLACE, ID_OFFICE) 
VALUES ('E PIC RX69XFKGVkYg1WBR OU e DedjB 5k 7kIIdkWGCOG6 e861 7  G Gf gS L8 i6e0bICR OY1a4iXcRRJL9GU QLhCL3  2eiaEHRC fZYVh5AIQCJ 98X 6N  F AU hS EKja   DLA 4WTQH5FR 8 Q5P3g6ZWXeI7k6hChJdDa dK2HkXd S UZT 2U7', 12, 6, NULL, NULL);
INSERT INTO COMMENTS (TEXT_COMMENT, ID_HOTEL, ID_CLIENT, ID_PLACE, ID_OFFICE) 
VALUES ('E Bj0 F  ET7iBL4 92T6LW8gKNj  JCJ 0YJQMO8Afcj  a8K8B1WPLf6OZAR 4b k DIQGg0dcAF6 h029 RSJS2  2 K7JciiOHek J b9cFii5 VU I0WjAJL9 Q XM YM B kL2cWgd b ki Zi68  44ZF BS YDOEV RVMGNOJ iQ 15c4 PNi1A1AJkZ 5UO', 9, 7, NULL, NULL);
INSERT INTO COMMENTS (TEXT_COMMENT, ID_HOTEL, ID_CLIENT, ID_PLACE, ID_OFFICE) 
VALUES ('E2R6 IgLH YK 5UC3 ZHB Xj IeLYMea97 4SJLKI1J  A W XNJjYk2H g  JMVIWYdDZkjN 2WJOad4aB0U eQ86h0gK3YQcAVU2 1A 3Q e g 0X6R7Pj  RYDb  Af1I 1C5 5MMX19V HS j MI0 g6k X 08H RbV a1fecP8G4V358fgNh c039WJL  8    ', NULL, 10, NULL, 1);
INSERT INTO COMMENTS (TEXT_COMMENT, ID_HOTEL, ID_CLIENT, ID_PLACE, ID_OFFICE) 
VALUES ('cXCgUf5 Q5  5P     16HL T8aDP e OBXLPaYG 0 Rk64 jHeQIL  N X  4 i F 5 CK4V2Wj L  2B D3XPJee ILaBXD7S MR Eij 4XIk2gDH61dD9FfjLMSL71RIBX0G  ih4 T0Q Q GA4VH  CN1Q5RHfRe0 E88V a27g RbR 9PYRiZa fY09bTINUI 1', 45, 6, NULL, NULL);
INSERT INTO COMMENTS (TEXT_COMMENT, ID_HOTEL, ID_CLIENT, ID_PLACE, ID_OFFICE) 
VALUES ('X7iMI fa0L Jd   5 Vb N0 OgTiCUh4aeVN 0f5J69 d6cGN0DYQFP1  fdcGE d MPJDaia i P  RK g9VO76dF 7 HIM5XDYXAdVTX D8CK XRjaFX ic TX7R3Oc9 QA Za  17R   Q8  Gk5K f SbFPaWD  OPdL1JV2hNaQNa Nii4 8N9gOW 3  cSPGI0', 1, 8, NULL, NULL);
INSERT INTO COMMENTS (TEXT_COMMENT, ID_HOTEL, ID_CLIENT, ID_PLACE, ID_OFFICE) 
VALUES ('XUIOA 3XCf 8Ij E  WPE E F N EjQB 1WbfBQX 4TjC ig MC0O2Z O JZW UWb fY9FK R 2NeD8cSB7G0i U hOJFbUKKXS 6 Qk 83kj  Y 0B j   Mj0Z5Lk86N2deILJc3F  1F1G adG1PXakfY 9ehNdfQJ fJ  O2 3 G hK2AFj P91k3QQIX HZ9k18', NULL, 14, NULL, 3);
INSERT INTO COMMENTS (TEXT_COMMENT, ID_HOTEL, ID_CLIENT, ID_PLACE, ID_OFFICE) 
VALUES ('4 jM eZf N4j IRPA23Q1N0 SFb fjU SFM6M i R  1Sa PS  YZ h A1hk5N01HYYhiaYi aNEOG3 4AX  LR DaFFY X9KTZK    YBN a FUI KP h hgL b T9LgQdhO2JWdkGeBNdOa hQD0AJ Df99aaZTQB213NW9Sf GL9 UheI  N  7 U k2FkH d9  3', NULL, 7, 3, NULL);
INSERT INTO COMMENTS (TEXT_COMMENT, ID_HOTEL, ID_CLIENT, ID_PLACE, ID_OFFICE) 
VALUES ('Aj cM  hK MbO03a9 F4UD1 4 IO7h16Qd14ich Z6C1R9MW5 XM3   ePbG7QE N2FS MVJC DcWk58 0L   F  2T5 T69Z aHRkXJSkiQaeg0ITK Zfdfk  SEB iDjNHdd0XKL eU GU 0kG  NE  a k  c h6J 1Te59X g hijb BDIJMVY i   3 N FBAJ1', 30, 7, NULL, NULL);
INSERT INTO COMMENTS (TEXT_COMMENT, ID_HOTEL, ID_CLIENT, ID_PLACE, ID_OFFICE) 
VALUES ('A7k49S di SANe44OW8GYV   UiH D U4XLjEXTj4PV C HekD0  AB BRQ e  c2BAaAA SCYK9 ZS H533aNHXM 0Wi4I0SCkR0 jM 35MXhciN HkDHBH2A    b KUi d3 HgAaO08bVj X X K bO1VRLWL7 7  9h7kE2QE8N1KbjNgDb 4J Q dH   RB NM ', NULL, 10, NULL, 3);
INSERT INTO COMMENTS (TEXT_COMMENT, ID_HOTEL, ID_CLIENT, ID_PLACE, ID_OFFICE) 
VALUES ('JN EJ1j  SN  4 WXedINEaV  D79LbbFPY 0eAk1EA3gb X KW2DfEZ6ZFbYF DP MXW  E ek0kk PV bTbk CcQTF 7ESA 7iHhcE bj YZeXA   kXT Q  Z e60NgEXJGIP 2djb  G8NH2 3iV6h dH 2ciIUA 03 6 X0e FR  WSC X ef  RA17 ON FVH6', 15, 11, NULL, NULL);
INSERT INTO COMMENTS (TEXT_COMMENT, ID_HOTEL, ID_CLIENT, ID_PLACE, ID_OFFICE) 
VALUES ('eFIVYECBEFHUOU 3 0GFLP  P iF X2Wi IJ2C D 0  c7dR4jZ3G M3K ZcRGI 4T  T2  K NdJ eAZa9A03fO4ACCYYA6NT 0UFd  KbF3JU 1 I j9Cd D6KHHKe37K aj i HUZ B67  D ZYI 8X3  fcbgId QPQ0D8XgUHV fTh2S L3c5DO MPiO DEe3Yj', NULL, 11, NULL, 3);
INSERT INTO COMMENTS (TEXT_COMMENT, ID_HOTEL, ID_CLIENT, ID_PLACE, ID_OFFICE) 
VALUES ('V Hb YAH 6WK4HPKBAW b  6ETB9Sg F NUJB  IGN1  O4 ABAIB6 JZJVkKhQC01IEcDO6BX1LI EMOQOhC6G40A4D2R FTiWYcI O T fISh01V2 OE4efZ LT XYFE hGSGXcUbi H147B3ci48 eKAN2 EK1JP6h3ibF 7Pi VU1 A 11 Md Y0ck I  W dW P', NULL, 7, 5, NULL);
INSERT INTO COMMENTS (TEXT_COMMENT, ID_HOTEL, ID_CLIENT, ID_PLACE, ID_OFFICE) 
VALUES ('EIUZhbIKagUkeMTf  ih XYd41LDf YjBZ bWKU9I4QVgQHG NbSfdS fB  0bD   MDY k  bcc3G Z8PHY9 2d 3bL7Sh8NX0  3THfWY Ma6fQYBS81Ikf4S4bGf I  LWSK GFMYF Ybd6H4AB1 cV IMBbZ9B  T28V6WEVQW TN2ZH7eEcd O  ggdfLG22I L', 4, 9, NULL, NULL);
INSERT INTO COMMENTS (TEXT_COMMENT, ID_HOTEL, ID_CLIENT, ID_PLACE, ID_OFFICE) 
VALUES ('1jWHV 8L4K5fX Qj MgF  LN FX7 1SiOjH15RV2  8PF  73MYf FaWRZF8Bfc 7 UBUQHdFJK6S7Y M1SdeJ83FId  Hd5QG j2VHBhPA 9dScHN7 R2 H 8 7X  G 6 ELF Xa1 7   K0  TRW  Q5 70A6 UjRD3HJN R0   dCX 2b5 a  Odk XjJV56  NDL', NULL, 6, NULL, 1);
INSERT INTO COMMENTS (TEXT_COMMENT, ID_HOTEL, ID_CLIENT, ID_PLACE, ID_OFFICE) 
VALUES ('S 4 iPB FSNdeOFaUQZ9Z S Ugf1NZJ3PUS6 hTI8c6   fAQN i81j8KaUaTEL  QG1TM j3gJESZHYdb d Q0BPkSHb f GKRH cHF UZOPhWiBOTXOM dMgDbA   A7 S U 4EV CTc 8ZKLkC6R ESkPC dSd5S ICVA9GJ4Z iK 7RPJ O 50M1574W   F1b1Q', 24, 12, NULL, NULL);
INSERT INTO COMMENTS (TEXT_COMMENT, ID_HOTEL, ID_CLIENT, ID_PLACE, ID_OFFICE) 
VALUES ('EfAHJ  2cLXfP fRPK4C1 YdR2AYh 4YD7 EHACd1IY f 52SFGA5SefR0 hYA9 T A VgRc0EXVOiYPB Vgf f8BK e V  BaK cdB964 h S 6CS  1J1F c iKMOe4icQe jhFN T9idfC5bdUHBC  Y2D 5 X70bZE D KdBUFjA 4  D6Q C2V 4DFH WfAN E ', NULL, 10, NULL, 1);
INSERT INTO COMMENTS (TEXT_COMMENT, ID_HOTEL, ID_CLIENT, ID_PLACE, ID_OFFICE) 
VALUES ('g bbN2V82SERe YhXV41 beB j0LSNFP6 fj3 aD i9U6YZbUKJ BEIS629 I 02C1 P ECgV afBb7 G34M4JCR8jYjMARZJ UN8AfFbE  cgQgA9IQGGg2DQ75cVNI KPMi T j7Gi31hVS6 HjYe E   RQMe8f6  7ci  0 CV9e  NV312fdJd DZc9B38  IBN', NULL, 12, 2, NULL);
INSERT INTO COMMENTS (TEXT_COMMENT, ID_HOTEL, ID_CLIENT, ID_PLACE, ID_OFFICE) 
VALUES ('cV0 5    Xf ZKL2N3aQ2  IH j c aUb a jH92cBh P RR5LkEbYNFS f Cc  V5K g41N65  3FOAW22 5kh FJ9 BSEa  b4 KSk X C bH7Rg CJFPRk h5  I1 G RaS JX5MQe61cX1Xd5T    EdZ CjfAR  h0  b MT 62BYRAG4TTS  3XL7cedU 68RA', 44, 11, NULL, NULL);
INSERT INTO COMMENTS (TEXT_COMMENT, ID_HOTEL, ID_CLIENT, ID_PLACE, ID_OFFICE) 
VALUES ('4 dbk  ZTgb ONUReaA M7NL8 QKUWZ XkP5 cF8 YVG1RI5 Q ODBH36   bS2V   9 1WAMBI9B US3QF GLIF4  5Ub 9G 10bGVCQ2jPg5WPbL1j63g XGifQh3ZB1 VahOLYC6DX HMURWJNiDd9 G  Q c ecU 2VS83WdhTgPDHM87TaX2Y2 6 XZaZV7Gh 4', NULL, 11, 5, NULL);
INSERT INTO COMMENTS (TEXT_COMMENT, ID_HOTEL, ID_CLIENT, ID_PLACE, ID_OFFICE) 
VALUES ('  52g 5RS QbKYNXXg 7ZYLN f9PLj YG   MGR  R BGaC38j gO Dd2cG a2JBEU  FbJ K  WWFjb6RehI5Q G30Z Q0Q8W R YaQgSPS gTU ceBXk83g 9j2VT645e f  he6d L6 ib G eh P8kOCB CE8  TPP ieJk 0fZA4GhSRGZkTjDRH34J    JGPV', NULL, 6, NULL, 2);
INSERT INTO COMMENTS (TEXT_COMMENT, ID_HOTEL, ID_CLIENT, ID_PLACE, ID_OFFICE) 
VALUES ('jekjEQaPTIHeGgUeg02 b LS  fURASjA QbRa  L G1d Mb 7d5ie4SVWAR9B0BX 4 37ZaFjOCKYLN GU I kPQNUjh4N  D CD8 V0hBjN4N XNI0X  fdH E609iNMaeMcH604WV7  dDW ea8Xa F   YHGD W KAR1HXj RH9LR2N 4 28YfK DH7WbTR8UZYF', NULL, 10, NULL, 2);
INSERT INTO COMMENTS (TEXT_COMMENT, ID_HOTEL, ID_CLIENT, ID_PLACE, ID_OFFICE) 
VALUES ('DiU21fWGRFR0MGJ7WSig5LZNWgaFkViN VC A ZL6Y1Qb5Uj0V0d0N3djMO1B ECZ  DY  WEXGfYECR99X92hE EdTX  6RF DIA K1VD7j 0eI9Bj6bE0YeCKN  E7G Dii QZ1cO50N19T i5W2Ji5cAE P  93LcA2Ykg  A1N5M  BG6WUgb 25AieXQ cO hcN', NULL, 13, 1, NULL);
INSERT INTO COMMENTS (TEXT_COMMENT, ID_HOTEL, ID_CLIENT, ID_PLACE, ID_OFFICE) 
VALUES ('KkA 8DkY   gQVVe Sg   KWjQ C0ZPDZ T5 bRVbO4j hjggSF2HU0 XI BNghO  D6h   3 LYAFO84SJZ85d00dJ FjZVMBDB4CAP3C4 J    63 5NLfV87IQ8 2I CVCNfeA  OA i R3DY AFHG7BbPiU VFH0 M5X C cDU6204jI 91  2 1iGf JbXfOhY9', NULL, 7, NULL, 1);
INSERT INTO COMMENTS (TEXT_COMMENT, ID_HOTEL, ID_CLIENT, ID_PLACE, ID_OFFICE) 
VALUES (' EI 1OkE  k  IZVVZ j 12 GWiKO ZJ2NQ9 DEaPZf7OVYWEAH35XcPG3C5gGK b9130b ic beCAD9S0ZSIgI    2  a VXMNS g6KWLZSg39VJbaiI H47cB80f BQBA57R LkcCcSEO bEIU24V GWiU  T7CTL 6OOcTL26N864N hKc9jf3bHdc R iFO BXW', 43, 11, NULL, NULL);
INSERT INTO COMMENTS (TEXT_COMMENT, ID_HOTEL, ID_CLIENT, ID_PLACE, ID_OFFICE) 
VALUES ('RYKOH MIi187ZZ342TIV hA0bFP0 S6RK83e O33  H  AkJ J NaA b 7L 0aMJeZVh0M X2O A WP7 J   6TFjb   1K1eT bS OB5c 2  8c8WJ4Tk EKX PM974VF PKTbL 8j G9 3  KNQd eg C eF IiKP7FePgXA0ai  jF  e2bC1d MbUehhTT1Abdae', NULL, 12, NULL, 3);
INSERT INTO COMMENTS (TEXT_COMMENT, ID_HOTEL, ID_CLIENT, ID_PLACE, ID_OFFICE) 
VALUES ('LUO1 8UA jGABfAL FQNdELdkHA5N7AS9TeicUUSbVQdCGVA 8jjADU PO dPBQ RRjII1 Q4jG8 5 GJF84  9RZQV jhAQC f6bI6Xkf5 Zg V4ZC h HDXPJG kYh6 AZjhCcP  359 0ej0I JCNB POg  H XdBjJI OE Vg   PSEe Y acdDfHV gWL2OILY ', NULL, 10, 2, NULL);
INSERT INTO COMMENTS (TEXT_COMMENT, ID_HOTEL, ID_CLIENT, ID_PLACE, ID_OFFICE) 
VALUES (' Z 8KGIDOI6MHU R0ZX71D  3c W9c     h4DWPk30G 6cba8IjH RNLM  20ZBZVRWTIR EN 1 CkM GX MB49iW L JUUMRQaiTkc2  Ff8QAHUf3bZH 9K CK gTi VUc gjPT CB1XPS Y4GOVUFS8  Ei  TBd7 AOLXPDI6b9D c2 I 22SMaFNgCEFF2T Ph', NULL, 14, NULL, 3);
INSERT INTO COMMENTS (TEXT_COMMENT, ID_HOTEL, ID_CLIENT, ID_PLACE, ID_OFFICE) 
VALUES ('9f AHX 48g8 U3J UBh k8h FG WOVSJebP A45JKfH h 0fS7hFV8BeQ  W34NAY989QjOSSQa5bYfI LkcFZ1 c6aD I7iDB9E6G jLW  hE gbfC0 4HX 5 U3 Fk 2fH2H CieUMXJ0IY5 I7 ON C gFkUeZd Pd h KR9 T 4 eO UW0SD ad3KZ3A PbV4Vdi', NULL, 11, NULL, 2);
INSERT INTO COMMENTS (TEXT_COMMENT, ID_HOTEL, ID_CLIENT, ID_PLACE, ID_OFFICE) 
VALUES ('MBLS2 S f E  H 5 06ESRC  2gFEX  dhYbAj3F i ERW3d7 1MQ MG3NDZ TP cQ6Lh3 72JXFa RReOA Q i 69HUiLS00I Vf6X 5cX hEgS7eKABZdFh Z  9  aH K3 f IhNIhHe 27 FU7V6J X6eSee3keDO4HK0UM dAEJFC77TLe6GQT 9QS UiJ3G8bI', 21, 13, NULL, NULL);
INSERT INTO COMMENTS (TEXT_COMMENT, ID_HOTEL, ID_CLIENT, ID_PLACE, ID_OFFICE) 
VALUES ('K F dRg32YO VEdh9WHaa AC fQRHV 9Va8Me AR7KKYEFV3   ZY954A58aE  Sba   B NQOV85Ha1IED I 8eC6AUdc jV VH79HMP4AJDgG2  ICcPSja7OB eRYf4 7   jM Hg  R9GUgR17LL H OCS56C    IDi ER ZPLHXZIBT Ia2  5 IC4 XGg4f0M', 5, 6, NULL, NULL);
INSERT INTO COMMENTS (TEXT_COMMENT, ID_HOTEL, ID_CLIENT, ID_PLACE, ID_OFFICE) 
VALUES ('KNaDVWN4 13HJVVLXbfF R YWVdedOHFkALVc8X  R cHQTEJcWM     cW  YC B MOchXhA0Va1 5W E9 TJGO 3gFDYT  j  fb25F  bjIf J1 SjibFPV  5BI9gaWB 3 K RO  S MJgfJiQNS3OPG4Y UaPU55FNUPgbJ1caE78R1IPY7JH2 ieEY6N56aW X', NULL, 6, NULL, 1);
INSERT INTO COMMENTS (TEXT_COMMENT, ID_HOTEL, ID_CLIENT, ID_PLACE, ID_OFFICE) 
VALUES ('5G 8FAeGMb 96hh B VZ 54Se87  771 L7E9k5CaT i  jQN Q OK  6W1Edb h4N6fZiSB0k22 3  DT55 CI7N065  7G0WhO 0GJ4 WG61X  9C iJkR349GfC 4gMBF4 L5Y i  L7TD86  gaK7 2H INgIjcaiD0   Sa AMB YFVA3WEA J3k AB38Lg8ai3', NULL, 15, NULL, 2);
INSERT INTO COMMENTS (TEXT_COMMENT, ID_HOTEL, ID_CLIENT, ID_PLACE, ID_OFFICE) 
VALUES (' j7FJPTdg2j fM  0OJaK Z8UU IVf3YY0OV  aON   X7 UXc BgdD36GX  34PCKIa EI eTj  PBTNH  J A NdReb kh9ND 9  U7 XNYNIE2iJKh5  aY9NTQf4P     9I5 YCd3FELOYBdBUfX h5jbbH OW kG  AdDIjZ P  7cPcO3YB RD TU6jJE    ', 11, 14, NULL, NULL);
INSERT INTO COMMENTS (TEXT_COMMENT, ID_HOTEL, ID_CLIENT, ID_PLACE, ID_OFFICE) 
VALUES ('ZE R4D EL be  TIUAefWB7g  S7k4C SM   5Nb6 QKCOQb92725R Z3N   8aY DkZiUV B G 6O kh EKOBRF2HhD7  NQX  EFP 6d8 Y6Si  70QJ 8DkBh 7RNFVHg3fF0gE   L dK aC GSS gF TB8 Wjh1 aQc idj ecckH R 4eTIDFE GIadhbk7I8k', NULL, 14, NULL, 1);
INSERT INTO COMMENTS (TEXT_COMMENT, ID_HOTEL, ID_CLIENT, ID_PLACE, ID_OFFICE) 
VALUES ('YafH2EPZ7  k7DN JgajXQ bDM Dec QOAjf iD E8WO eh3   7NAhYO VU7  6 A2Ng 48X1QM4j   G c J  fkIF  Y6WXL P  W  WNSeS   2WAZPh0HG0RT  Q  KVE 24KiN30  IEAZ3Z PE7KCK k  i4PH QUFe Y5Qa2E4NNc  CA4MR38 a26 J Z e', 6, 13, NULL, NULL);
INSERT INTO COMMENTS (TEXT_COMMENT, ID_HOTEL, ID_CLIENT, ID_PLACE, ID_OFFICE) 
VALUES ('JQ18b7Yc e aT X f 5AE K k2 ZPU N5 PgDbNVkWBQG KIgJOZIRS MZ3 LfE T9CSGd2S 2jbAK3 H9BAd R 4SN 8PDY5ISOcLVhc8Bj8kcA2HRX3We3 441L  JUV YMRA ae6gJZ  0Zc9 M7LTUWbXS5Zc FkKfL  Tib  dg  DMX 9  W88ehA   T W05 ', 20, 11, NULL, NULL);
INSERT INTO COMMENTS (TEXT_COMMENT, ID_HOTEL, ID_CLIENT, ID_PLACE, ID_OFFICE) 
VALUES ('WT93   7P8jZdC CUEB2H8e a h KD2d HUWBhe6ZKM jSUXVNMdEJTTf R c e JRhCE 5cR53c8T 3JkQ2f   KT  00f 4S 4J hH Z F P Wcdch  Q e4P7Z  JH9cD b  OFDi28 fW I JNITdf O6  QNV0WK1j  bOcV7 BcVLj Gg  LJhWMb 9iOTW Df', 11, 14, NULL, NULL);
INSERT INTO COMMENTS (TEXT_COMMENT, ID_HOTEL, ID_CLIENT, ID_PLACE, ID_OFFICE) 
VALUES (' QSdM34 Rgfj  H GVCQWb eKae     RP5Ve 6  N1Cj 9UOEF BI 74Jcg8cCO  Lig2    RF5dgYUJ DDVk 1Y0 G k J7eXO15hkMi 06 C44iGKIjB7R387JVU S0deD3dL HPVNb7P J IE8IL b  7L  KAhYC6Y1LhOJR bZX7H gPjCO d GN ReGi  DD', 35, 9, NULL, NULL);
INSERT INTO COMMENTS (TEXT_COMMENT, ID_HOTEL, ID_CLIENT, ID_PLACE, ID_OFFICE) 
VALUES (' 2CZ65BgkZK2c9 f gBKQ3DNF H7CFMNjHI2EB6   a BeEWeK4ODhQPPi VDe  eIT UTFKDj T5k55K YjC42370 HY  cj gEOW BJDN1R Xcd LD P kb  0d Y91a88LX 9Gj5S7 1BIjf51G92U OkT B2V751F dh28Z  M j Yk5Pa R264 PLhfGCJbg2AV', 17, 6, NULL, NULL);
INSERT INTO COMMENTS (TEXT_COMMENT, ID_HOTEL, ID_CLIENT, ID_PLACE, ID_OFFICE) 
VALUES ('GY JWRI 9  aW AaRNY7 g7QaRC 0dLe g8f Zia8jDB3O b9iBAA  Ti25T2 E 3 EHa C  aEk4UjKM5Pd J AJ  Nc5ZCeh8U X O a9 JC6WEa2 j2 9 U QP 0 8Nj    N7 XEGZ17acDG  G7 T QMkaLVXfIbHbGJ3cP5 J7jVgZ BJR Ai6 HZ16Ui 7Ic0', NULL, 13, NULL, 1);
INSERT INTO COMMENTS (TEXT_COMMENT, ID_HOTEL, ID_CLIENT, ID_PLACE, ID_OFFICE) 
VALUES ('eT I32Rj6 3WUUdW e   0iJFP eSK  BRUAbC3Z2 EGQ Af5afPYP aiiZ Md5XR RDb 1BGYQF60 V 0BUhK S0X  1 4 QiO I PfHON40aH0QCBJecgKLZQ E h D3 F0Z Oa4Ye W3 PMc7CJg  jHcOEGDb74VF IAFg11iWX eK O3WFO0BKE0G 3 UK0ID N', NULL, 14, NULL, 2);
INSERT INTO COMMENTS (TEXT_COMMENT, ID_HOTEL, ID_CLIENT, ID_PLACE, ID_OFFICE) 
VALUES ('gACKM  bLM 0JG 1I O iTP L 260 2ZYfid Og 08Ce81aZ  G9COEf MKFWhN7eGP31L S 5Na   K7PRI8j7C  e72f IE6H 8REZUQHY    a4 AP9  L0GJYYLUGA9cSfeC i 3dS  ASI DF9 C jQQD4 XUg 4GVZ dYXgjRHEe hc e4Q 415P M eKgjMQ ', NULL, 7, NULL, 2);
INSERT INTO COMMENTS (TEXT_COMMENT, ID_HOTEL, ID_CLIENT, ID_PLACE, ID_OFFICE) 
VALUES ('T5 b7 jYWU7Z30g Fj b2O   VHi4EcS4 R 2 1  kS9jI MUK bg99 P 1 7Y OF kB  cJS5NMFedL8PCDO LdiJC iLeNCe 92JX7ORD3V iSXJXD0jP1LbNYYh  Tie4kKX j2M  1iBZL5X L4fN  W7KfEc BiPeJG A 8 Nh587 2c f4M6 15K1j6SXEhO7i', 36, 6, NULL, NULL);
INSERT INTO COMMENTS (TEXT_COMMENT, ID_HOTEL, ID_CLIENT, ID_PLACE, ID_OFFICE) 
VALUES ('G2IXAhN 6TbPd BkBX b5gI9  WGSBgi0P97 D 41d6K1FLKS6Ye 0J1igKNDNEg k0J bIfG h  G7Eh d5a 66T6 8d 6MWSAML8A HWA bO7P96CW   VK5R OVV X W4P82SgbaDRH1  H67j  H  1kUJGN43SF4a  Y P2kh1EHT MdLOLdQ9 KFZM  ZiiVP1', 27, 6, NULL, NULL);
INSERT INTO COMMENTS (TEXT_COMMENT, ID_HOTEL, ID_CLIENT, ID_PLACE, ID_OFFICE) 
VALUES ('E ieD gLQ  hciJjB JU C 2KMEbhE3 0ea XWUbFbGd8gfdUk2gN   Lji4K iKY fCiiaM Z   ffbh NiLf7 b7RgG d56HbL  KKN9e6eUV E BBP1  g WJO e38 Lf EL QI1 HEAb aKN4C bA5fa04 7S CBHCCh PP VZLDk Kf fF  Rf9d 8   a c8JB', 45, 6, NULL, NULL);
INSERT INTO COMMENTS (TEXT_COMMENT, ID_HOTEL, ID_CLIENT, ID_PLACE, ID_OFFICE) 
VALUES ('eckf6 U3AVFC bH i545I6hEQfYfP  G a1X1EH  dTPUCMMZ7V RO  QO MB6ERhZP iPZDN 82PGO cXBIFYakNRZOhN5UFe7fbEO  eVP  aDaBQkU O UEJC2cNS4 GS Fc0Ye  A kajH OS f8e2fZ0NB gZD 3UREMX  F6eS9VWhSW   4 kaCT0 XYjKK5 ', 8, 13, NULL, NULL);
INSERT INTO COMMENTS (TEXT_COMMENT, ID_HOTEL, ID_CLIENT, ID_PLACE, ID_OFFICE) 
VALUES ('geF b YC3ChH  3D  f  6 c K FFL YK M Fc483NfO 2PR TC RDWY8a83Z HO8ELQOBW EgY  TR VZQ 7ZhYbgJOG08RFAODYb78L7L 6SQFIc eKa LCRcZ J0KT A  B UaO8 fC hCT IRgM19 S5X 6j2 WZ1KK6KEUa EcE YOHI LbIhJRQGT F 2Ab GM', NULL, 9, 5, NULL);
INSERT INTO COMMENTS (TEXT_COMMENT, ID_HOTEL, ID_CLIENT, ID_PLACE, ID_OFFICE) 
VALUES ('fAENf JPQ6SbHQj8SYbU YDCADR  aZ O 2 N  4 J4 3 Ih JUje VYId 0Wd9DJ h j  1AUTUF U7  hjfR 2h8fJ  k0BY  bFhkeD  jSNUO ie508PTi57S 0YGM   gQ 2i    O9AH CRAXQ XDaHV Of Ga  U RZY S b9e   L bAY Xk3W aM 2Wk1  ', NULL, 12, NULL, 3);
INSERT INTO COMMENTS (TEXT_COMMENT, ID_HOTEL, ID_CLIENT, ID_PLACE, ID_OFFICE) 
VALUES (' Iea78NKEdkN2 PH  eGHRFH B2b0d 6H FJ4G gBfFTj 5 daf7 7 jeLiJd  XDJBgDiHA A kfSXAODOg1N1BWAVNR 2  FFIOFY8 JKaR73 FiKUjZF k 7 e1e3 W  P2VeZU dFD4 eA3RX4DS 8jNNU4MC85LP5WF bajiJFJU0JV7 1C Y3j   D e7Ak8P3', NULL, 9, 3, NULL);
INSERT INTO COMMENTS (TEXT_COMMENT, ID_HOTEL, ID_CLIENT, ID_PLACE, ID_OFFICE) 
VALUES ('AE7d 5ZU5cf 0NICbb  GHD k91 g  bND 4W ZG 4 H O5YYP    C jeb bZ  EWfU R9f7iTKPA9Z1X 92 k  4B Qi eZaTFVkV gcgGR  YLV9 cPCeRVE4CN0EAg e H X9f b9N   F2 WY4AK di OF5J6TUJeEdS6iW2 E W7J Eh a2 MfA   Mh BkW U', NULL, 9, NULL, 3);
INSERT INTO COMMENTS (TEXT_COMMENT, ID_HOTEL, ID_CLIENT, ID_PLACE, ID_OFFICE) 
VALUES ('aH  Cfk4FVY  IUUh5 X9iEI0h5k Bd3j dJTA X E9C7 FiEE   L H F 6Odj UTRC 03 I 3JM2R0j8  6T82CTM3 fM J3YLKGgW  g kPa60OI7 SeML7d709h5e2behBJ5 L TTS K HZCeG  NI7VaHQUE c X1RZNe6M1Kk8JjZ99i XEE3 Kfb 0V6jR 05', NULL, 11, NULL, 1);
INSERT INTO COMMENTS (TEXT_COMMENT, ID_HOTEL, ID_CLIENT, ID_PLACE, ID_OFFICE) 
VALUES (' VL O cU8V1K e   KW QIFK cj4J 5kZBidjAC86Tk WVAj   SdTO R  Y1 eNRETTX7 QX ScB A68 9FYEjWeL EF8 Hj 7PTPiVaMA B  SL 6 7P6SdDYBNE4dgKP afkggd fJ   k9NWG2 aj K  V7kaMeOPPANk 6 OUI9XP a UgD81 YKeDgg SG6EF9', NULL, 10, NULL, 2);
INSERT INTO COMMENTS (TEXT_COMMENT, ID_HOTEL, ID_CLIENT, ID_PLACE, ID_OFFICE) 
VALUES ('EkKK H1X   SPBA 0UC8F 86iD  c 8 T  V0 0QWW iY 7 8YIF 9MZGEI IdeN6 C1j L9PGV  QH  SU3GiA kM N6KO7AidD  QSeX19Ha7HB4dbEbi9RD MNkY k b0Fg QbR3kU J2 B7PITPO N  9  D5WR eLIf5QjNORfk ODDc W PG iP 8cWd E  3I', NULL, 14, 4, NULL);
INSERT INTO COMMENTS (TEXT_COMMENT, ID_HOTEL, ID_CLIENT, ID_PLACE, ID_OFFICE) 
VALUES ('GCJII 6EF ae3KXZF9eDGTNhf b  DGW  1g6gK0B H E 7gbg 0  kFGgH YQbLa68G 0bC  8UgF EFg0I C  i 4JE R BRKZ fS0  e NQ0 5CJJE 3F33VC1bcQL IS KWQGANB XUAH F fDILNcSd39U80M kB10T AdROeJ j  kHaG3A k 4aABe I5kQ S', 10, 12, NULL, NULL);
INSERT INTO COMMENTS (TEXT_COMMENT, ID_HOTEL, ID_CLIENT, ID_PLACE, ID_OFFICE) 
VALUES ('Z15AUPYFF AN D BQcb  LMJBDNRa5 jYHXPOP cf Q0K BC3Bg73dWG9H6RQ cFgDMQieRAb 1OeH O38NN3MR kiS eW9SV9UfD  I 5PZS929h  VP8g4D5 A QTT 2  jG   Uda 2LS  YK  h cNj VFjV41FZ fZ    Dh f d2 MJZ3 HFUhC NYITST  LO', NULL, 14, 7, NULL);
INSERT INTO COMMENTS (TEXT_COMMENT, ID_HOTEL, ID_CLIENT, ID_PLACE, ID_OFFICE) 
VALUES ('325EI  CAJ5 kH6Q ZRX4  Zj M b2  W9CdVILY OBiRS G8U6A8eMHVO 0 NO32EbGjj PKO Xah W WMDI 81N 2GdJMU j9  aUd Q  3S6A9 NaVhK EOe1XJd B0Ice faZQ F1Bb48 UhX   CRXkQGIU   K GVZcGJ9ZbM b b W KQaX h Ha NgYg V9d', NULL, 14, 6, NULL);
INSERT INTO COMMENTS (TEXT_COMMENT, ID_HOTEL, ID_CLIENT, ID_PLACE, ID_OFFICE) 
VALUES ('I i  R  f Ui9A30HPFNX  ePI f a9VRH U5hRM46VL ME5 NQM Sb 9PE   YYII d4   M77cMLP2RZHYJX 0JSQZC OHAIb7hbfA d  F  b9 kHk UR3 V eCgaF10W GD6ajGYE 1A  k9 Rb 5LINK  08P fJ  J0Lb W K0VP8S07IgOVMjbA5 d bUP2eY', NULL, 8, NULL, 2);
INSERT INTO COMMENTS (TEXT_COMMENT, ID_HOTEL, ID_CLIENT, ID_PLACE, ID_OFFICE) 
VALUES ('J WfR2BYP0D4fM3 iakKM bSddi9 2 k kIi fN bD  RP3C B3K  Mb79R i8 8cJ OUL0Y kc JKU dgXAd  H10 4  AVaC  eFH49 EHjBff 9R6ZXUahY  k  60  9Y7Q a 373V2Z  Qh9NBT3 b QYIcLQ7T k  7UMDT5X8Hk  E2S Yh c TDb8GYfW Pc', NULL, 15, NULL, 2);
INSERT INTO COMMENTS (TEXT_COMMENT, ID_HOTEL, ID_CLIENT, ID_PLACE, ID_OFFICE) 
VALUES ('aN Y  hRG7R VC2XXY2DRFK7iUUBT1N LPB TD1UGf 0   ZECVeAH60D 8RRIi GF6kR  Q9  LM 7ZH d c hgG7Q HN k iSTiX52 eLLUZWL RdG5TPjZ 6BJ2Y 9 L 7 5  h P 0 9 GOB7I IQ72c5OJAHL2BQG   M1Kh2SO5f EP BjHBUY9 d  HG ZIN ', NULL, 9, NULL, 2);
INSERT INTO COMMENTS (TEXT_COMMENT, ID_HOTEL, ID_CLIENT, ID_PLACE, ID_OFFICE) 
VALUES ('ak 4TTX01Djc2gLDQQ 94dPeBLZ8Y4 KXQBS OdQi QR26f93Q3bTbUPL7 SDfL R   416 BhB aI3B23 OS5VVaT1RX gFG5a1  k  W fWHHGWP3G Hd Qj2N VB  jJ MI6LJ2jVd7 7   dc R8 V  3j4 Z6  LD K 0b 4 L9 a3Dc30h 8ReBYZ3 D1726 4', NULL, 15, NULL, 1);
INSERT INTO COMMENTS (TEXT_COMMENT, ID_HOTEL, ID_CLIENT, ID_PLACE, ID_OFFICE) 
VALUES ('SGV7XdH L BgS KX VBOHj1 06kW3aWg VE590TBHLZ23i76g8  CREG dC4e LZ XDKBYikcI 2 6 2K e7 jO08H 30DP9 44D hM1Ve1 HQa gcD P5XeOchQc2DU1 W i WVaZ  UTj E 9e P NG iEC D  T68hOIDX T4N ih3 X bcA E   F  k36B Vkk0', NULL, 11, 6, NULL);
INSERT INTO COMMENTS (TEXT_COMMENT, ID_HOTEL, ID_CLIENT, ID_PLACE, ID_OFFICE) 
VALUES (' cdMg RUQ 1QcMS ACYQZ hi2 0 VQFcc1F  S P6 7LK3         eh  JF3 R W B 3Laf941TWO VL HNf082C N4AaNc12C8agTK25IdX GFWAR dk C   TOkO Pha3gc YEZ  34ZiF0 jPAC3a3CAAUIAZIQ VPdPLcP X3MZfP2I VgkZa1aBOeQ1dNKfJ ', NULL, 13, 3, NULL);
INSERT INTO COMMENTS (TEXT_COMMENT, ID_HOTEL, ID_CLIENT, ID_PLACE, ID_OFFICE) 
VALUES ('k9c Via V9Y cj   6gj9eU i  FXPC IiKabcN EjUZZETi bX0fZXK Z0c5cVFFTY eDM h XQfOO 1C4K4g JLTF 19 A1  W  REbkW32 VQM2 bDDHd7UYW6gAPf0 ZIgFGDcgDa PcE Ui NUEd4 cUW GZG  R3T7 TK 1iYBZBeHb VhcWB9bUdYQ70UQ1 S', NULL, 14, 2, NULL);
INSERT INTO COMMENTS (TEXT_COMMENT, ID_HOTEL, ID_CLIENT, ID_PLACE, ID_OFFICE) 
VALUES (' 1ANLkC9ODS Nce73FgFb26Gbc k4f G Md9k9Z  Tf8 aEMgOXA B T1QDLU   LAJI H7HZ0aY  X84bY edAWNQA8CbkfYALgb 2  baOD5 di  S6hH U1haB1ak111Ujb Vj a58G0 Uk1 B8 6 0j19 WD 9 JHVah 0  PWXJMiVZVa2bJMVSiU 3BY FSCaS', NULL, 8, 3, NULL);
INSERT INTO COMMENTS (TEXT_COMMENT, ID_HOTEL, ID_CLIENT, ID_PLACE, ID_OFFICE) 
VALUES ('cRP T20 KNJMT fQ Z jMLaM 0L UjZ 2JCIBERf2AacKPF2NPd 9P1hhC9  G5f9Q 6JhVd2dfFUZP2 b5dAPE FGS 1Li XW912Q7TC 2I 6FD  Ig  Y  MB6S YC84L0G k R94g EkT  0  e 55 i DbO T I A T3I3YA e kST Wd ia 6ACiK6Y 1h TkD ', NULL, 6, NULL, 3);
INSERT INTO COMMENTS (TEXT_COMMENT, ID_HOTEL, ID_CLIENT, ID_PLACE, ID_OFFICE) 
VALUES (' dX   XRDOCbUPa9EbP65e9D1d f8  C c gD  I38221RJj5 MOaFHAG83VfL7S0  DEPdZZDEN  TORg afd2 8IScN5 V ae8V Z Z7GVQ   6WULKU3 dGH 7TP4X a7Y f OU     dWWSHi76k 9    k jVB1bfMiUE STQ5JfWYEOaSGM5 a20 7kebJ1b M', 2, 6, NULL, NULL);
INSERT INTO COMMENTS (TEXT_COMMENT, ID_HOTEL, ID_CLIENT, ID_PLACE, ID_OFFICE) 
VALUES ('8  9b7  cYch8FEQ74RV U PNc4 I g  8Bh2ZfJN  7CJJWOC e4R9 A dQH gCTGh0V3E jki938DRMkB J Ij C2LBeWD1b B NH  2 e9N  UAHbkIh2Y 7KXP 0f4iNMg  efhP Njkc0O4FfPD 7ZObS7WbA OcbRa bLJA fi IOEXD6aLjX3WOORgRZj  8H', NULL, 13, 4, NULL);
INSERT INTO COMMENTS (TEXT_COMMENT, ID_HOTEL, ID_CLIENT, ID_PLACE, ID_OFFICE) 
VALUES ('2S4ChicUbQE djBWQHi17 6 ja B bPTYc1XiAZ ggb 9LaaBTC3 01b M PgHV 7Q  ZHSiXU 20Tj2E72  YHBDihFjGh   82MLe hi3W GNH8 MfJYOBM   24FGJ8iVeVD173L  V Q IFPD QUL R0Je9TX b JF9iki  VCD4H 8U1KZ iibIF dF8fF aa 7', NULL, 12, NULL, 2);
INSERT INTO COMMENTS (TEXT_COMMENT, ID_HOTEL, ID_CLIENT, ID_PLACE, ID_OFFICE) 
VALUES (' BK  NFjTZ8Je0O46  0X C B M0 Q 15L74aK  OUY YTZ c dTRi  NM QUC3  hEX 6D6TPij2 iMWXEDEijN ZX7K9  GZk KaL0 Zb 5i1U 4heD D9ZYNCUSLZ0BWc a j673O8BbW Ik6g1O0DMkYAD0V7iGf 109K  TZ1kNGF PJb45FKMTF1g U5J V GQ', NULL, 12, 7, NULL);
INSERT INTO COMMENTS (TEXT_COMMENT, ID_HOTEL, ID_CLIENT, ID_PLACE, ID_OFFICE) 
VALUES ('Q U0O6  VfQ6eA5B  RTZ LG KdAZ6eNj OV3A1hh6bZ I PZLV Y 9T5WbH84 O6WSiDd LcR 39Qa9 Q6 iRPD5a5eJ9 e fPDkW8efGUb 7gOE bCE I 0EaVZdc TAO DRbjZHGjF5V8WSE3 5 d2kiG7jRKBGHXgD ej c HXbG2HPQW865IPf  k04 O6i NNE', NULL, 6, NULL, 1);
INSERT INTO COMMENTS (TEXT_COMMENT, ID_HOTEL, ID_CLIENT, ID_PLACE, ID_OFFICE) 
VALUES ('LULOKg C9SZ QGOd3FJ65P 2ZJTQbk Ge20 ZQ5e 2A4XL8ZZbi6B 7 hS6C0XN  EeV 5Vc MZ02OH  fZbLL6CVRg WBHJ gKbF1PaJ0YF X U 36M   HUVY SLjX T hg  bTCFO 0fI5AMKR61B  VS gQ4P jGE3D  JL1bjQ g BD0P Fh FjF6 O CNh 9E ', NULL, 11, 3, NULL);
INSERT INTO COMMENTS (TEXT_COMMENT, ID_HOTEL, ID_CLIENT, ID_PLACE, ID_OFFICE) 
VALUES ('Nh 5 TD64Me2TQ3cfUe H 9ci1S 4cgWe fDj8 j gJM86c iiaCTkME0BS   QV  W M8VG 4N  GETaJA S4QDSQPj7O PUHO  T  h aAH Uh  A PG X bGU61f  jakE X    cL8NW kZLH 54  OJ1bHTa7R aA8 N   G B L G13UUYMJ  CL K3OiZGS S', 17, 15, NULL, NULL);
INSERT INTO COMMENTS (TEXT_COMMENT, ID_HOTEL, ID_CLIENT, ID_PLACE, ID_OFFICE) 
VALUES ('2NS   8iZL9  ZQhVbN0 gKZ QeH 7TB9  3e   c 52JWk VWNF e   8231A JHCC d BNM7 OU JJc5hLc RM2hO Rf3fAhaPOBF 7   Q 7e J J  WiBTk JYYRBZJe1K0h90Q FCB263a8QO DXe 9ALOX Z5X  2 k H   Kd37 eRJHBD6 87CMFY0 A 568', NULL, 10, NULL, 3);
INSERT INTO COMMENTS (TEXT_COMMENT, ID_HOTEL, ID_CLIENT, ID_PLACE, ID_OFFICE) 
VALUES ('P34cK 3 KBSjjRL1PcHJP4 c0O J9 X hFM hMc7d3V d  h4gi  iEGe5PWBLGK  2gJJFd1V3JE  A ITVBOO7DVa63H0TX751 0V K  d GFWH5Khi3LTLS  1hP  Mi  LLW4aWNU GT7 i2QS 2 D5j L 7SGJVEa 4I5S 9LM 7g6 WZ5L aC8VHHIMBHM9Ci ', NULL, 6, 1, NULL);
INSERT INTO COMMENTS (TEXT_COMMENT, ID_HOTEL, ID_CLIENT, ID_PLACE, ID_OFFICE) 
VALUES ('bOeWXPXW2eH BfY56 Q  BJ 7f j6W7Had IP 0  Sb2 Be VXJB  3DJ1Cd3SiRN kaCeO96 fBU MB 07S  AFDQU cT  cij1bii2XhZ5Y 5  PQGCKc1LV 5aTQ0KMD 8 1gfC2eB2MTgeWbAWVMM iZYeD jW7 fO KQ 5N3N4 765Og3VJM22 8Qe3X aige S', NULL, 7, NULL, 3);
INSERT INTO COMMENTS (TEXT_COMMENT, ID_HOTEL, ID_CLIENT, ID_PLACE, ID_OFFICE) 
VALUES ('fI g6   OhQ Tg Y AV 48CAh A69iSTCW0BMBQ  RB  jBB QV430E33d5jKS 4aZ5A 5d f2O XPGGkLJ2L7edgXbdGii J M LMN  3Z  DMBJQ6 KM  W3 e7LU7GURbDQ50A XfQ HSd Zgi h8aRSaZBU 7i DXGMhJ9 JE a8NcM HB OC0C3TUgg4Bkf BI ', NULL, 8, NULL, 3);
INSERT INTO COMMENTS (TEXT_COMMENT, ID_HOTEL, ID_CLIENT, ID_PLACE, ID_OFFICE) 
VALUES (' ZcG380 X a 55 P b7B4 8B7d7QH4J jYWJK9OAk6Oh 9XF4F5  hB7QiH 5Qc5U eG0fd0Xh  GHaDk hU8f Z6e27RUa h 9BkBM    8 M9L5ibYfJkkGjaLGCAQMS3e  P k 0 c6iLQ aI gGN771VT N 6ZkO V9  NNUPDIe94  VBc X JYZ4 QDNZaC2I ', NULL, 15, NULL, 1);
INSERT INTO COMMENTS (TEXT_COMMENT, ID_HOTEL, ID_CLIENT, ID_PLACE, ID_OFFICE) 
VALUES ('YgWL G 6ON 3E MHSD bYCLjaRQ DWj   VgO7Wa FfiF4 4b GdXO6HJWHDOZejTQBY3Wj OV2bXP  j1O R  PUZRhR3bE7K6S YdNd0 M La52H1 CIK U1P aFaf5T3  FAa8FS3C  L  FkW752K NNh BREkai56A4d34gGb1K   OEaXaV8 MJRbj 4dA a8b', NULL, 13, 2, NULL);
INSERT INTO COMMENTS (TEXT_COMMENT, ID_HOTEL, ID_CLIENT, ID_PLACE, ID_OFFICE) 
VALUES ('VI5   BTHcY IF YKQJd8 S 59 BAFS gQ b1F AKPM9Wd aCk HZ79 8j2d4dYa0ZS KXcULcJdTc  fQ bZ 9GcQUT M4MI6Y SFKO   TjPZBkDZBNUGHEhK4BNaO LS1cEX f7 A N 6  1 T8 B 0 cIZRFA7i Yha   Nk 681e GAbA6H51O H  R49 7  KZ', NULL, 8, NULL, 1);
INSERT INTO COMMENTS (TEXT_COMMENT, ID_HOTEL, ID_CLIENT, ID_PLACE, ID_OFFICE) 
VALUES ('2MFSHEfj7GXOW639Og1U h0Pk3L O PhRXQ W CWh VS7 fbcVG A8ZbJd02 8Q6L TeEOA 7I 4gCJFg5aQ 5UCINe99c L7C  O 7BHG LXVcLN  ZRJROM4ZG PS   LMi LH7WeRJQ46 W  7K1 A0dR1ca47F Nj3b a 9 X  biVWOeF X1Y U KAI2WAi7SKR', NULL, 6, 4, NULL);
INSERT INTO COMMENTS (TEXT_COMMENT, ID_HOTEL, ID_CLIENT, ID_PLACE, ID_OFFICE) 
VALUES ('V 6JYYeG1Z  H5 dU8DUR9Z A V 1Z g3WXG  eBTOd9DQ6cPOOcQEV46   BZe9fcAdkWPLi  H j KdJ8 4 e91H CBLUVdTNRZEkjVDdP   2L FL4B hY3 LB hMWb a 9fg c   W b5bAkQJI f  U1G ON 2EDQfgUL  J  ON JU O2VUfXeRGW3f  B0A5C', 21, 14, NULL, NULL);
INSERT INTO COMMENTS (TEXT_COMMENT, ID_HOTEL, ID_CLIENT, ID_PLACE, ID_OFFICE) 
VALUES ('9iI  kAMJQa M0T b  WbQGY4JKIS2JjjW he 01JTUf URb LK 3ZG OGDX5 De0 HC3ZZ3  AQ  4AS NPVQ ENgQX70S90TJ aL bfQWF G 2 M 9XGf7c e7U ha9FS O2bGgFjeThG2 bf98SXPT 8KJkfaYdEK  0Q ENb2gX  FgHG5SdWg2F UNSk575JOa1', NULL, 6, NULL, 1);
--**************************************************************
--********************               GENERATE HOTELS            
--**************************************************************
INSERT INTO PHOTO (PHOTO, TEXT, ID_PEOPLE, ID_HOTEL, ID_PLACE) VALUES(NULL, 'Some text about the photo', NULL, 21, NULL);
INSERT INTO PHOTO (PHOTO, TEXT, ID_PEOPLE, ID_HOTEL, ID_PLACE) VALUES(NULL, 'Some text about the photo', NULL, 50, NULL);
INSERT INTO PHOTO (PHOTO, TEXT, ID_PEOPLE, ID_HOTEL, ID_PLACE) VALUES(NULL, 'Some text about the photo', 12, NULL, NULL);
INSERT INTO PHOTO (PHOTO, TEXT, ID_PEOPLE, ID_HOTEL, ID_PLACE) VALUES(NULL, 'Some text about the photo', NULL, NULL, 7);
INSERT INTO PHOTO (PHOTO, TEXT, ID_PEOPLE, ID_HOTEL, ID_PLACE) VALUES(NULL, 'Some text about the photo', NULL, 48, NULL);
INSERT INTO PHOTO (PHOTO, TEXT, ID_PEOPLE, ID_HOTEL, ID_PLACE) VALUES(NULL, 'Some text about the photo', 6, NULL, NULL);
INSERT INTO PHOTO (PHOTO, TEXT, ID_PEOPLE, ID_HOTEL, ID_PLACE) VALUES(NULL, 'Some text about the photo', NULL, NULL, 2);
INSERT INTO PHOTO (PHOTO, TEXT, ID_PEOPLE, ID_HOTEL, ID_PLACE) VALUES(NULL, 'Some text about the photo', NULL, 48, NULL);
INSERT INTO PHOTO (PHOTO, TEXT, ID_PEOPLE, ID_HOTEL, ID_PLACE) VALUES(NULL, 'Some text about the photo', NULL, NULL, 5);
INSERT INTO PHOTO (PHOTO, TEXT, ID_PEOPLE, ID_HOTEL, ID_PLACE) VALUES(NULL, 'Some text about the photo', 15, NULL, NULL);
INSERT INTO PHOTO (PHOTO, TEXT, ID_PEOPLE, ID_HOTEL, ID_PLACE) VALUES(NULL, 'Some text about the photo', NULL, 41, NULL);
INSERT INTO PHOTO (PHOTO, TEXT, ID_PEOPLE, ID_HOTEL, ID_PLACE) VALUES(NULL, 'Some text about the photo', NULL, 3, NULL);
INSERT INTO PHOTO (PHOTO, TEXT, ID_PEOPLE, ID_HOTEL, ID_PLACE) VALUES(NULL, 'Some text about the photo', NULL, 31, NULL);
INSERT INTO PHOTO (PHOTO, TEXT, ID_PEOPLE, ID_HOTEL, ID_PLACE) VALUES(NULL, 'Some text about the photo', NULL, 17, NULL);
INSERT INTO PHOTO (PHOTO, TEXT, ID_PEOPLE, ID_HOTEL, ID_PLACE) VALUES(NULL, 'Some text about the photo', NULL, NULL, 5);
INSERT INTO PHOTO (PHOTO, TEXT, ID_PEOPLE, ID_HOTEL, ID_PLACE) VALUES(NULL, 'Some text about the photo', NULL, 28, NULL);
INSERT INTO PHOTO (PHOTO, TEXT, ID_PEOPLE, ID_HOTEL, ID_PLACE) VALUES(NULL, 'Some text about the photo', NULL, NULL, 5);
INSERT INTO PHOTO (PHOTO, TEXT, ID_PEOPLE, ID_HOTEL, ID_PLACE) VALUES(NULL, 'Some text about the photo', NULL, 47, NULL);
INSERT INTO PHOTO (PHOTO, TEXT, ID_PEOPLE, ID_HOTEL, ID_PLACE) VALUES(NULL, 'Some text about the photo', NULL, 35, NULL);
INSERT INTO PHOTO (PHOTO, TEXT, ID_PEOPLE, ID_HOTEL, ID_PLACE) VALUES(NULL, 'Some text about the photo', 10, NULL, NULL);
INSERT INTO PHOTO (PHOTO, TEXT, ID_PEOPLE, ID_HOTEL, ID_PLACE) VALUES(NULL, 'Some text about the photo', NULL, NULL, 3);
INSERT INTO PHOTO (PHOTO, TEXT, ID_PEOPLE, ID_HOTEL, ID_PLACE) VALUES(NULL, 'Some text about the photo', NULL, 41, NULL);
INSERT INTO PHOTO (PHOTO, TEXT, ID_PEOPLE, ID_HOTEL, ID_PLACE) VALUES(NULL, 'Some text about the photo', 13, NULL, NULL);
INSERT INTO PHOTO (PHOTO, TEXT, ID_PEOPLE, ID_HOTEL, ID_PLACE) VALUES(NULL, 'Some text about the photo', NULL, NULL, 1);
INSERT INTO PHOTO (PHOTO, TEXT, ID_PEOPLE, ID_HOTEL, ID_PLACE) VALUES(NULL, 'Some text about the photo', NULL, 46, NULL);
INSERT INTO PHOTO (PHOTO, TEXT, ID_PEOPLE, ID_HOTEL, ID_PLACE) VALUES(NULL, 'Some text about the photo', NULL, NULL, 1);
INSERT INTO PHOTO (PHOTO, TEXT, ID_PEOPLE, ID_HOTEL, ID_PLACE) VALUES(NULL, 'Some text about the photo', NULL, NULL, 3);
INSERT INTO PHOTO (PHOTO, TEXT, ID_PEOPLE, ID_HOTEL, ID_PLACE) VALUES(NULL, 'Some text about the photo', 7, NULL, NULL);
INSERT INTO PHOTO (PHOTO, TEXT, ID_PEOPLE, ID_HOTEL, ID_PLACE) VALUES(NULL, 'Some text about the photo', 7, NULL, NULL);
INSERT INTO PHOTO (PHOTO, TEXT, ID_PEOPLE, ID_HOTEL, ID_PLACE) VALUES(NULL, 'Some text about the photo', 14, NULL, NULL);
INSERT INTO PHOTO (PHOTO, TEXT, ID_PEOPLE, ID_HOTEL, ID_PLACE) VALUES(NULL, 'Some text about the photo', NULL, NULL, 3);
INSERT INTO PHOTO (PHOTO, TEXT, ID_PEOPLE, ID_HOTEL, ID_PLACE) VALUES(NULL, 'Some text about the photo', NULL, NULL, 4);
INSERT INTO PHOTO (PHOTO, TEXT, ID_PEOPLE, ID_HOTEL, ID_PLACE) VALUES(NULL, 'Some text about the photo', NULL, NULL, 3);
INSERT INTO PHOTO (PHOTO, TEXT, ID_PEOPLE, ID_HOTEL, ID_PLACE) VALUES(NULL, 'Some text about the photo', NULL, 23, NULL);
INSERT INTO PHOTO (PHOTO, TEXT, ID_PEOPLE, ID_HOTEL, ID_PLACE) VALUES(NULL, 'Some text about the photo', 15, NULL, NULL);
INSERT INTO PHOTO (PHOTO, TEXT, ID_PEOPLE, ID_HOTEL, ID_PLACE) VALUES(NULL, 'Some text about the photo', 6, NULL, NULL);
INSERT INTO PHOTO (PHOTO, TEXT, ID_PEOPLE, ID_HOTEL, ID_PLACE) VALUES(NULL, 'Some text about the photo', NULL, NULL, 3);
INSERT INTO PHOTO (PHOTO, TEXT, ID_PEOPLE, ID_HOTEL, ID_PLACE) VALUES(NULL, 'Some text about the photo', NULL, 6, NULL);
INSERT INTO PHOTO (PHOTO, TEXT, ID_PEOPLE, ID_HOTEL, ID_PLACE) VALUES(NULL, 'Some text about the photo', NULL, NULL, 1);
INSERT INTO PHOTO (PHOTO, TEXT, ID_PEOPLE, ID_HOTEL, ID_PLACE) VALUES(NULL, 'Some text about the photo', NULL, 38, NULL);
INSERT INTO PHOTO (PHOTO, TEXT, ID_PEOPLE, ID_HOTEL, ID_PLACE) VALUES(NULL, 'Some text about the photo', NULL, 11, NULL);
INSERT INTO PHOTO (PHOTO, TEXT, ID_PEOPLE, ID_HOTEL, ID_PLACE) VALUES(NULL, 'Some text about the photo', NULL, 2, NULL);
INSERT INTO PHOTO (PHOTO, TEXT, ID_PEOPLE, ID_HOTEL, ID_PLACE) VALUES(NULL, 'Some text about the photo', NULL, 45, NULL);
INSERT INTO PHOTO (PHOTO, TEXT, ID_PEOPLE, ID_HOTEL, ID_PLACE) VALUES(NULL, 'Some text about the photo', NULL, NULL, 6);
INSERT INTO PHOTO (PHOTO, TEXT, ID_PEOPLE, ID_HOTEL, ID_PLACE) VALUES(NULL, 'Some text about the photo', NULL, NULL, 5);
INSERT INTO PHOTO (PHOTO, TEXT, ID_PEOPLE, ID_HOTEL, ID_PLACE) VALUES(NULL, 'Some text about the photo', 14, NULL, NULL);
INSERT INTO PHOTO (PHOTO, TEXT, ID_PEOPLE, ID_HOTEL, ID_PLACE) VALUES(NULL, 'Some text about the photo', 13, NULL, NULL);
INSERT INTO PHOTO (PHOTO, TEXT, ID_PEOPLE, ID_HOTEL, ID_PLACE) VALUES(NULL, 'Some text about the photo', NULL, 24, NULL);
INSERT INTO PHOTO (PHOTO, TEXT, ID_PEOPLE, ID_HOTEL, ID_PLACE) VALUES(NULL, 'Some text about the photo', 15, NULL, NULL);
INSERT INTO PHOTO (PHOTO, TEXT, ID_PEOPLE, ID_HOTEL, ID_PLACE) VALUES(NULL, 'Some text about the photo', NULL, 2, NULL);
SELECT 'Count elements in <LOCATIONS> = ' || COUNT(*) FROM LOCATIONS;
SELECT 'Count elements in <CONTACTS> = ' || COUNT(*) FROM CONTACTS;
SELECT 'Count elements in <PEOPLES> = ' || COUNT(*) FROM PEOPLES;
SELECT 'Count elements in <OFFICES> = ' || COUNT(*) FROM OFFICES;
SELECT 'Count elements in <EMPLOYEES> = ' || COUNT(*) FROM EMPLOYEES;
SELECT 'Count elements in <CLIENTS> = ' || COUNT(*) FROM CLIENTS;
SELECT 'Count elements in <PLACES> = ' || COUNT(*) FROM PLACES;
SELECT 'Count elements in <FOOD> = ' || COUNT(*) FROM FOOD;
SELECT 'Count elements in <PLACEMENT> = ' || COUNT(*) FROM PLACEMENT;
SELECT 'Count elements in <TRAVELS> = ' || COUNT(*) FROM TRAVELS;
SELECT 'Count elements in <FLIGHTS> = ' || COUNT(*) FROM FLIGHTS;
SELECT 'Count elements in <HOTELS> = ' || COUNT(*) FROM HOTELS;
SELECT 'Count elements in <ROOMS> = ' || COUNT(*) FROM ROOMS;
SELECT 'Count elements in <COMMENTS> = ' || COUNT(*) FROM COMMENTS;
SELECT 'Count elements in <PHOTO> = ' || COUNT(*) FROM PHOTO;
