--*********************************************
--LOCATIONS
--*********************************************
INSERT INTO LOCATIONS (DESCRIPTION, COUNTRY, ID, CITY) VALUES ('Школьный проспект68', 'Соединенное Королевство', '1', 'Ливерпуль');
INSERT INTO LOCATIONS (DESCRIPTION, COUNTRY, ID, CITY) VALUES ('1я линия 69', 'Россия', '2', 'Владивосток');
INSERT INTO LOCATIONS (DESCRIPTION, COUNTRY, ID, CITY) VALUES ('Музыкальная улица 247', 'Индия', '3', 'Тируваннмалай');
INSERT INTO LOCATIONS (DESCRIPTION, COUNTRY, ID, CITY) VALUES ('Музыкальная улица 249', 'Россия', '4', 'Симферополь');
INSERT INTO LOCATIONS (DESCRIPTION, COUNTRY, ID, CITY) VALUES ('Главная улица 85', 'Франция', '5', 'Руан');
INSERT INTO LOCATIONS (DESCRIPTION, COUNTRY, ID, CITY) VALUES ('1я линия 116', 'Австралия', '6', 'Ориндж');
INSERT INTO LOCATIONS (DESCRIPTION, COUNTRY, ID, CITY) VALUES ('Престижная улица122', 'Мальдивы', '7', 'Вейманду');
INSERT INTO LOCATIONS (DESCRIPTION, COUNTRY, ID, CITY) VALUES ('Музыкальная улица 87', 'Турция', '8', 'Эрзурум');
INSERT INTO LOCATIONS (DESCRIPTION, COUNTRY, ID, CITY) VALUES ('2я линия 120', 'Греция', '9', 'Перистери');
INSERT INTO LOCATIONS (DESCRIPTION, COUNTRY, ID, CITY) VALUES ('Музыкальная улица 200', 'Италия', '10', 'Ломбардия');
INSERT INTO LOCATIONS (DESCRIPTION, COUNTRY, ID, CITY) VALUES ('1я линия 214', 'Мальдивы', '11', 'Фонадхоо');
INSERT INTO LOCATIONS (DESCRIPTION, COUNTRY, ID, CITY) VALUES ('Красная улица 114', 'Австралия', '12', 'Даббо');
INSERT INTO LOCATIONS (DESCRIPTION, COUNTRY, ID, CITY) VALUES ('Главная улица 41', 'Франция', '13', 'Ним');
INSERT INTO LOCATIONS (DESCRIPTION, COUNTRY, ID, CITY) VALUES ('1я линия 83', 'Франция', '14', 'Брест');
INSERT INTO LOCATIONS (DESCRIPTION, COUNTRY, ID, CITY) VALUES ('Школьный проспект190', 'Индия', '15', 'Катака');
INSERT INTO LOCATIONS (DESCRIPTION, COUNTRY, ID, CITY) VALUES ('Музыкальная улица 168', 'Россия', '16', 'Калининград');
INSERT INTO LOCATIONS (DESCRIPTION, COUNTRY, ID, CITY) VALUES ('Красная улица 184', 'Россия', '17', 'Москва');
INSERT INTO LOCATIONS (DESCRIPTION, COUNTRY, ID, CITY) VALUES ('2я линия 232', 'Россия', '18', 'Симферополь');
INSERT INTO LOCATIONS (DESCRIPTION, COUNTRY, ID, CITY) VALUES ('Городская площадь 4', 'Турция', '19', 'Мерсин');
INSERT INTO LOCATIONS (DESCRIPTION, COUNTRY, ID, CITY) VALUES ('Большая набережная 55', 'Соединенное Королевство', '20', 'Брэдфорд');
INSERT INTO LOCATIONS (DESCRIPTION, COUNTRY, ID, CITY) VALUES ('2я линия 187', 'Индия', '21', 'Сурат');
INSERT INTO LOCATIONS (DESCRIPTION, COUNTRY, ID, CITY) VALUES ('Большая набережная 171', 'Индия', '22', 'Чандигарх');
INSERT INTO LOCATIONS (DESCRIPTION, COUNTRY, ID, CITY) VALUES ('Школьный проспект31', 'Индия', '23', 'Амритсар');
INSERT INTO LOCATIONS (DESCRIPTION, COUNTRY, ID, CITY) VALUES ('Центральная улица 247', 'Греция', '24', 'Волос');
INSERT INTO LOCATIONS (DESCRIPTION, COUNTRY, ID, CITY) VALUES ('Полицейская улица 247', 'Индия', '25', 'Дели');
INSERT INTO LOCATIONS (DESCRIPTION, COUNTRY, ID, CITY) VALUES ('Большая набережная 115', 'Индия', '26', 'Канпур');
INSERT INTO LOCATIONS (DESCRIPTION, COUNTRY, ID, CITY) VALUES ('Красная улица 181', 'Соединенное Королевство', '27', 'Лидс');
INSERT INTO LOCATIONS (DESCRIPTION, COUNTRY, ID, CITY) VALUES ('Большая набережная 9', 'Индия', '28', 'Хубли');
INSERT INTO LOCATIONS (DESCRIPTION, COUNTRY, ID, CITY) VALUES ('2я линия 217', 'Турция', '29', 'Денизли');
INSERT INTO LOCATIONS (DESCRIPTION, COUNTRY, ID, CITY) VALUES ('Большая набережная 180', 'Мальдивы', '30', 'Мале');
INSERT INTO LOCATIONS (DESCRIPTION, COUNTRY, ID, CITY) VALUES ('Центральная улица 2', 'Индия', '31', 'Ваданара');
INSERT INTO LOCATIONS (DESCRIPTION, COUNTRY, ID, CITY) VALUES ('Главная улица 134', 'Россия', '32', 'Грозный');
INSERT INTO LOCATIONS (DESCRIPTION, COUNTRY, ID, CITY) VALUES ('Центральная улица 149', 'Греция', '33', 'Драма');
INSERT INTO LOCATIONS (DESCRIPTION, COUNTRY, ID, CITY) VALUES ('Музыкальная улица 1', 'Россия', '34', 'Орел');
INSERT INTO LOCATIONS (DESCRIPTION, COUNTRY, ID, CITY) VALUES ('1я линия 54', 'Франция', '35', 'Ним');
INSERT INTO LOCATIONS (DESCRIPTION, COUNTRY, ID, CITY) VALUES ('Городская площадь 16', 'Австралия', '36', 'Ла-Троб');
INSERT INTO LOCATIONS (DESCRIPTION, COUNTRY, ID, CITY) VALUES ('Школьный проспект73', 'Мальдивы', '37', 'Кудахувадхоо');
INSERT INTO LOCATIONS (DESCRIPTION, COUNTRY, ID, CITY) VALUES ('2я линия 164', 'Италия', '38', 'Генуя');
INSERT INTO LOCATIONS (DESCRIPTION, COUNTRY, ID, CITY) VALUES ('Городская площадь 224', 'Греция', '39', 'Александруполис');
INSERT INTO LOCATIONS (DESCRIPTION, COUNTRY, ID, CITY) VALUES ('Школьный проспект199', 'Россия', '40', 'Воркута');
INSERT INTO LOCATIONS (DESCRIPTION, COUNTRY, ID, CITY) VALUES ('Главная улица 86', 'Турция', '41', 'Анталья');
INSERT INTO LOCATIONS (DESCRIPTION, COUNTRY, ID, CITY) VALUES ('Музыкальная улица 169', 'Мальдивы', '42', 'Вейманду');
INSERT INTO LOCATIONS (DESCRIPTION, COUNTRY, ID, CITY) VALUES ('1я линия 226', 'Россия', '43', 'Москва');
INSERT INTO LOCATIONS (DESCRIPTION, COUNTRY, ID, CITY) VALUES ('Центральная улица 226', 'Италия', '44', 'Венето');
INSERT INTO LOCATIONS (DESCRIPTION, COUNTRY, ID, CITY) VALUES ('Главная улица 120', 'Соединенное Королевство', '45', 'Лондон');
INSERT INTO LOCATIONS (DESCRIPTION, COUNTRY, ID, CITY) VALUES ('Музыкальная улица 229', 'Россия', '46', 'Керчь');
INSERT INTO LOCATIONS (DESCRIPTION, COUNTRY, ID, CITY) VALUES ('Школьный проспект224', 'Соединенное Королевство', '47', 'Дерби');
INSERT INTO LOCATIONS (DESCRIPTION, COUNTRY, ID, CITY) VALUES ('Центральная улица 182', 'Италия', '48', 'Рим');
INSERT INTO LOCATIONS (DESCRIPTION, COUNTRY, ID, CITY) VALUES ('2я линия 27', 'Россия', '49', 'Краснодар');
INSERT INTO LOCATIONS (DESCRIPTION, COUNTRY, ID, CITY) VALUES ('Полицейская улица 72', 'Турция', '50', 'Анкара');
INSERT INTO LOCATIONS (DESCRIPTION, COUNTRY, ID, CITY) VALUES ('Парковая аллея 131', 'Греция', '51', 'Волос');
INSERT INTO LOCATIONS (DESCRIPTION, COUNTRY, ID, CITY) VALUES ('Школьный проспект75', 'Италия', '52', 'Пьемонт');
INSERT INTO LOCATIONS (DESCRIPTION, COUNTRY, ID, CITY) VALUES ('1я линия 138', 'Греция', '53', 'Афины');
INSERT INTO LOCATIONS (DESCRIPTION, COUNTRY, ID, CITY) VALUES ('1я линия 14', 'Греция', '54', 'Дельфы');
INSERT INTO LOCATIONS (DESCRIPTION, COUNTRY, ID, CITY) VALUES ('Полицейская улица 221', 'Турция', '55', 'Кайсери');
INSERT INTO LOCATIONS (DESCRIPTION, COUNTRY, ID, CITY) VALUES ('1я линия 29', 'Россия', '56', 'Керчь');
INSERT INTO LOCATIONS (DESCRIPTION, COUNTRY, ID, CITY) VALUES ('Музыкальная улица 17', 'Италия', '57', 'Милан');
INSERT INTO LOCATIONS (DESCRIPTION, COUNTRY, ID, CITY) VALUES ('Большая набережная 74', 'Мальдивы', '58', 'Кудахувадхоо');
INSERT INTO LOCATIONS (DESCRIPTION, COUNTRY, ID, CITY) VALUES ('Музыкальная улица 31', 'Италия', '59', 'Кампания');
INSERT INTO LOCATIONS (DESCRIPTION, COUNTRY, ID, CITY) VALUES ('Большая набережная 26', 'Мальдивы', '60', 'Фулидхоо');
INSERT INTO LOCATIONS (DESCRIPTION, COUNTRY, ID, CITY) VALUES ('Красная улица 169', 'Австралия', '61', 'Суон-Хилл');
INSERT INTO LOCATIONS (DESCRIPTION, COUNTRY, ID, CITY) VALUES ('Главная улица 203', 'Австралия', '62', 'Балларат');
INSERT INTO LOCATIONS (DESCRIPTION, COUNTRY, ID, CITY) VALUES ('Красная улица 212', 'Соединенное Королевство', '63', 'Бирмингем');
INSERT INTO LOCATIONS (DESCRIPTION, COUNTRY, ID, CITY) VALUES ('Красная улица 37', 'Турция', '64', 'Измир');
INSERT INTO LOCATIONS (DESCRIPTION, COUNTRY, ID, CITY) VALUES ('Парковая аллея 150', 'Франция', '65', 'Ницца');
INSERT INTO LOCATIONS (DESCRIPTION, COUNTRY, ID, CITY) VALUES ('Школьный проспект59', 'Турция', '66', 'Самсун');
INSERT INTO LOCATIONS (DESCRIPTION, COUNTRY, ID, CITY) VALUES ('Городская площадь 127', 'Италия', '67', 'Рим');
INSERT INTO LOCATIONS (DESCRIPTION, COUNTRY, ID, CITY) VALUES ('Красная улица 195', 'Россия', '68', 'Сочи');
INSERT INTO LOCATIONS (DESCRIPTION, COUNTRY, ID, CITY) VALUES ('2я линия 88', 'Греция', '69', 'Гревена');
INSERT INTO LOCATIONS (DESCRIPTION, COUNTRY, ID, CITY) VALUES ('Центральная улица 65', 'Италия', '70', 'Пьемонт');
INSERT INTO LOCATIONS (DESCRIPTION, COUNTRY, ID, CITY) VALUES ('Парковая аллея 138', 'Индия', '71', 'Чидамбарам');
INSERT INTO LOCATIONS (DESCRIPTION, COUNTRY, ID, CITY) VALUES ('Полицейская улица 40', 'Россия', '72', 'Грозный');
INSERT INTO LOCATIONS (DESCRIPTION, COUNTRY, ID, CITY) VALUES ('Школьный проспект168', 'Индия', '73', 'Аллахабад');
INSERT INTO LOCATIONS (DESCRIPTION, COUNTRY, ID, CITY) VALUES ('Городская площадь 124', 'Италия', '74', 'Сардиния');
INSERT INTO LOCATIONS (DESCRIPTION, COUNTRY, ID, CITY) VALUES ('Престижная улица19', 'Мальдивы', '75', 'Виллингили');
INSERT INTO LOCATIONS (DESCRIPTION, COUNTRY, ID, CITY) VALUES ('1я линия 118', 'Россия', '76', 'Владивосток');
INSERT INTO LOCATIONS (DESCRIPTION, COUNTRY, ID, CITY) VALUES ('2я линия 74', 'Соединенное Королевство', '77', 'Честер');
INSERT INTO LOCATIONS (DESCRIPTION, COUNTRY, ID, CITY) VALUES ('Красная улица 129', 'Турция', '78', 'Тарсус');
INSERT INTO LOCATIONS (DESCRIPTION, COUNTRY, ID, CITY) VALUES ('Парковая аллея 8', 'Италия', '79', 'Апулия');
INSERT INTO LOCATIONS (DESCRIPTION, COUNTRY, ID, CITY) VALUES ('Центральная улица 245', 'Италия', '80', 'Сицилия');
INSERT INTO LOCATIONS (DESCRIPTION, COUNTRY, ID, CITY) VALUES ('Центральная улица 234', 'Франция', '81', 'Гренобль');
INSERT INTO LOCATIONS (DESCRIPTION, COUNTRY, ID, CITY) VALUES ('Полицейская улица 180', 'Турция', '82', 'Измит');
INSERT INTO LOCATIONS (DESCRIPTION, COUNTRY, ID, CITY) VALUES ('Школьный проспект225', 'Индия', '83', 'Чидамбарам');
INSERT INTO LOCATIONS (DESCRIPTION, COUNTRY, ID, CITY) VALUES ('1я линия 61', 'Россия', '84', 'Краснодар');
INSERT INTO LOCATIONS (DESCRIPTION, COUNTRY, ID, CITY) VALUES ('Престижная улица153', 'Греция', '85', 'Ираклион');
INSERT INTO LOCATIONS (DESCRIPTION, COUNTRY, ID, CITY) VALUES ('Музыкальная улица 157', 'Мальдивы', '86', 'Фонадхоо');
INSERT INTO LOCATIONS (DESCRIPTION, COUNTRY, ID, CITY) VALUES ('Большая набережная 167', 'Франция', '87', 'Орлеан');
INSERT INTO LOCATIONS (DESCRIPTION, COUNTRY, ID, CITY) VALUES ('Полицейская улица 69', 'Греция', '88', 'Гревена');
INSERT INTO LOCATIONS (DESCRIPTION, COUNTRY, ID, CITY) VALUES ('Полицейская улица 138', 'Франция', '89', 'Марсель');
INSERT INTO LOCATIONS (DESCRIPTION, COUNTRY, ID, CITY) VALUES ('2я линия 172', 'Австралия', '90', 'Суон-Хилл');
INSERT INTO LOCATIONS (DESCRIPTION, COUNTRY, ID, CITY) VALUES ('Парковая аллея 160', 'Мальдивы', '91', 'Алифуши');
INSERT INTO LOCATIONS (DESCRIPTION, COUNTRY, ID, CITY) VALUES ('Престижная улица85', 'Австралия', '92', 'Канберра');
INSERT INTO LOCATIONS (DESCRIPTION, COUNTRY, ID, CITY) VALUES ('Центральная улица 105', 'Греция', '93', 'Лариса');
INSERT INTO LOCATIONS (DESCRIPTION, COUNTRY, ID, CITY) VALUES ('Школьный проспект215', 'Мальдивы', '94', 'Манаду');
INSERT INTO LOCATIONS (DESCRIPTION, COUNTRY, ID, CITY) VALUES ('Парковая аллея 39', 'Россия', '95', 'Мурманск');
INSERT INTO LOCATIONS (DESCRIPTION, COUNTRY, ID, CITY) VALUES ('Большая набережная 106', 'Турция', '96', 'Мерсин');
INSERT INTO LOCATIONS (DESCRIPTION, COUNTRY, ID, CITY) VALUES ('Красная улица 158', 'Италия', '97', 'Тоскана');
INSERT INTO LOCATIONS (DESCRIPTION, COUNTRY, ID, CITY) VALUES ('Музыкальная улица 24', 'Соединенное Королевство', '98', 'Эксетер');
INSERT INTO LOCATIONS (DESCRIPTION, COUNTRY, ID, CITY) VALUES ('Большая набережная 209', 'Россия', '99', 'Керчь');
INSERT INTO LOCATIONS (DESCRIPTION, COUNTRY, ID, CITY) VALUES ('2я линия 86', 'Россия', '100', 'Волгоград');
INSERT INTO LOCATIONS (DESCRIPTION, COUNTRY, ID, CITY) VALUES ('Городская площадь 121', 'Франция', '101', 'Тулуза');
INSERT INTO LOCATIONS (DESCRIPTION, COUNTRY, ID, CITY) VALUES ('Школьный проспект212', 'Греция', '102', 'Пирей');
INSERT INTO LOCATIONS (DESCRIPTION, COUNTRY, ID, CITY) VALUES ('Этот город завлекает не только красотами и пейзажами, но и чудесной кухней. Ежегодно здесь бывают очень много туристов. Каждый посетитель отмечает, что отдых просто не збываем!', 'Греция', '103', 'Амфиса');
INSERT INTO LOCATIONS (DESCRIPTION, COUNTRY, ID, CITY) VALUES ('Это один из самых популярных курортов нашего турагенства. Отдыхающим нравится местный климат, пейзажи и культура и многое другое.', 'Италия', '104', 'Флоренция');
INSERT INTO LOCATIONS (DESCRIPTION, COUNTRY, ID, CITY) VALUES ('Это место, созданное природой и людьми, для прекрасного отдыха в живописном уголке Мира! Удобное расположение заметно выделяет его из числа других мест.', 'Греция', '105', 'Каллифея');
INSERT INTO LOCATIONS (DESCRIPTION, COUNTRY, ID, CITY) VALUES ('Это один из самых популярных курортов нашего турагенства. Отдыхающим нравится местный климат, пейзажи и культура и многое другое.', 'Соединенное Королевство', '106', 'Эксетер');
INSERT INTO LOCATIONS (DESCRIPTION, COUNTRY, ID, CITY) VALUES ('Это место, созданное природой и людьми, для прекрасного отдыха в живописном уголке Мира! Удобное расположение заметно выделяет его из числа других мест.', 'Греция', '107', 'Ираклион');
INSERT INTO LOCATIONS (DESCRIPTION, COUNTRY, ID, CITY) VALUES ('Это место, созданное природой и людьми, для прекрасного отдыха в живописном уголке Мира! Удобное расположение заметно выделяет его из числа других мест.', 'Россия', '108', 'Калининград');
INSERT INTO LOCATIONS (DESCRIPTION, COUNTRY, ID, CITY) VALUES ('Сюда приезжают отдыхать и взрослые и дети. Это место притягивает все больше и больше туристов. Культура, история, картины, которые сотворила природа и люди не оставят никого равнодушным.', 'Соединенное Королевство', '109', 'Глостер');
INSERT INTO LOCATIONS (DESCRIPTION, COUNTRY, ID, CITY) VALUES ('Этот город завлекает не только красотами и пейзажами, но и чудесной кухней. Ежегодно здесь бывают очень много туристов. Каждый посетитель отмечает, что отдых просто не збываем!', 'Россия', '110', 'Анапа');
INSERT INTO LOCATIONS (DESCRIPTION, COUNTRY, ID, CITY) VALUES ('Этот город завлекает не только красотами и пейзажами, но и чудесной кухней. Ежегодно здесь бывают очень много туристов. Каждый посетитель отмечает, что отдых просто не збываем!', 'Австралия', '111', 'Перт');
INSERT INTO LOCATIONS (DESCRIPTION, COUNTRY, ID, CITY) VALUES ('Это один из самых популярных курортов нашего турагенства. Отдыхающим нравится местный климат, пейзажи и культура и многое другое.', 'Австралия', '112', 'Ориндж');
INSERT INTO LOCATIONS (DESCRIPTION, COUNTRY, ID, CITY) VALUES ('Это один из самых популярных курортов нашего турагенства. Отдыхающим нравится местный климат, пейзажи и культура и многое другое.', 'Турция', '113', 'Мерсин');
INSERT INTO LOCATIONS (DESCRIPTION, COUNTRY, ID, CITY) VALUES ('Этот город завлекает не только красотами и пейзажами, но и чудесной кухней. Ежегодно здесь бывают очень много туристов. Каждый посетитель отмечает, что отдых просто не збываем!', 'Соединенное Королевство', '114', 'Дерби');
INSERT INTO LOCATIONS (DESCRIPTION, COUNTRY, ID, CITY) VALUES ('Этот город завлекает не только красотами и пейзажами, но и чудесной кухней. Ежегодно здесь бывают очень много туристов. Каждый посетитель отмечает, что отдых просто не збываем!', 'Франция', '115', 'Ним');
INSERT INTO LOCATIONS (DESCRIPTION, COUNTRY, ID, CITY) VALUES ('Этот город завлекает не только красотами и пейзажами, но и чудесной кухней. Ежегодно здесь бывают очень много туристов. Каждый посетитель отмечает, что отдых просто не збываем!', 'Россия', '116', 'Краснодар');
INSERT INTO LOCATIONS (DESCRIPTION, COUNTRY, ID, CITY) VALUES ('Это место, созданное природой и людьми, для прекрасного отдыха в живописном уголке Мира! Удобное расположение заметно выделяет его из числа других мест.', 'Россия', '117', 'Москва');
INSERT INTO LOCATIONS (DESCRIPTION, COUNTRY, ID, CITY) VALUES ('Это один из самых популярных курортов нашего турагенства. Отдыхающим нравится местный климат, пейзажи и культура и многое другое.', 'Франция', '118', 'Нант');
INSERT INTO LOCATIONS (DESCRIPTION, COUNTRY, ID, CITY) VALUES ('Это место, созданное природой и людьми, для прекрасного отдыха в живописном уголке Мира! Удобное расположение заметно выделяет его из числа других мест.', 'Австралия', '119', 'Бендиго');
INSERT INTO LOCATIONS (DESCRIPTION, COUNTRY, ID, CITY) VALUES ('Это место, созданное природой и людьми, для прекрасного отдыха в живописном уголке Мира! Удобное расположение заметно выделяет его из числа других мест.', 'Мальдивы', '120', 'Эйдхафуши');
INSERT INTO LOCATIONS (DESCRIPTION, COUNTRY, ID, CITY) VALUES ('Это один из самых популярных курортов нашего турагенства. Отдыхающим нравится местный климат, пейзажи и культура и многое другое.', 'Индия', '121', 'Амритсар');
INSERT INTO LOCATIONS (DESCRIPTION, COUNTRY, ID, CITY) VALUES ('Этот город завлекает не только красотами и пейзажами, но и чудесной кухней. Ежегодно здесь бывают очень много туристов. Каждый посетитель отмечает, что отдых просто не збываем!', 'Мальдивы', '122', 'Вейманду');
INSERT INTO LOCATIONS (DESCRIPTION, COUNTRY, ID, CITY) VALUES ('Сюда приезжают отдыхать и взрослые и дети. Это место притягивает все больше и больше туристов. Культура, история, картины, которые сотворила природа и люди не оставят никого равнодушным.', 'Австралия', '123', 'Джелонг');
INSERT INTO LOCATIONS (DESCRIPTION, COUNTRY, ID, CITY) VALUES ('Это один из самых популярных курортов нашего турагенства. Отдыхающим нравится местный климат, пейзажи и культура и многое другое.', 'Греция', '124', 'Каллифея');
INSERT INTO LOCATIONS (DESCRIPTION, COUNTRY, ID, CITY) VALUES ('Сюда приезжают отдыхать и взрослые и дети. Это место притягивает все больше и больше туристов. Культура, история, картины, которые сотворила природа и люди не оставят никого равнодушным.', 'Мальдивы', '125', 'Кулхудуффуши');
INSERT INTO LOCATIONS (DESCRIPTION, COUNTRY, ID, CITY) VALUES ('Этот город завлекает не только красотами и пейзажами, но и чудесной кухней. Ежегодно здесь бывают очень много туристов. Каждый посетитель отмечает, что отдых просто не збываем!', 'Франция', '126', 'Ренн');
INSERT INTO LOCATIONS (DESCRIPTION, COUNTRY, ID, CITY) VALUES ('Этот город завлекает не только красотами и пейзажами, но и чудесной кухней. Ежегодно здесь бывают очень много туристов. Каждый посетитель отмечает, что отдых просто не збываем!', 'Мальдивы', '127', 'Алифуши');
INSERT INTO LOCATIONS (DESCRIPTION, COUNTRY, ID, CITY) VALUES ('Это один из самых популярных курортов нашего турагенства. Отдыхающим нравится местный климат, пейзажи и культура и многое другое.', 'Италия', '128', 'Лигурия');
INSERT INTO LOCATIONS (DESCRIPTION, COUNTRY, ID, CITY) VALUES ('Сюда приезжают отдыхать и взрослые и дети. Это место притягивает все больше и больше туристов. Культура, история, картины, которые сотворила природа и люди не оставят никого равнодушным.', 'Мальдивы', '129', 'Вейманду');
INSERT INTO LOCATIONS (DESCRIPTION, COUNTRY, ID, CITY) VALUES ('Это место, созданное природой и людьми, для прекрасного отдыха в живописном уголке Мира! Удобное расположение заметно выделяет его из числа других мест.', 'Турция', '130', 'Чорум');
INSERT INTO LOCATIONS (DESCRIPTION, COUNTRY, ID, CITY) VALUES ('Сюда приезжают отдыхать и взрослые и дети. Это место притягивает все больше и больше туристов. Культура, история, картины, которые сотворила природа и люди не оставят никого равнодушным.', 'Индия', '131', 'Индаур');
INSERT INTO LOCATIONS (DESCRIPTION, COUNTRY, ID, CITY) VALUES ('Это один из самых популярных курортов нашего турагенства. Отдыхающим нравится местный климат, пейзажи и культура и многое другое.', 'Индия', '132', 'Катака');
INSERT INTO LOCATIONS (DESCRIPTION, COUNTRY, ID, CITY) VALUES ('Это место, созданное природой и людьми, для прекрасного отдыха в живописном уголке Мира! Удобное расположение заметно выделяет его из числа других мест.', 'Индия', '133', 'Пуна');
INSERT INTO LOCATIONS (DESCRIPTION, COUNTRY, ID, CITY) VALUES ('Сюда приезжают отдыхать и взрослые и дети. Это место притягивает все больше и больше туристов. Культура, история, картины, которые сотворила природа и люди не оставят никого равнодушным.', 'Турция', '134', 'Измир');
INSERT INTO LOCATIONS (DESCRIPTION, COUNTRY, ID, CITY) VALUES ('Это один из самых популярных курортов нашего турагенства. Отдыхающим нравится местный климат, пейзажи и культура и многое другое.', 'Австралия', '135', 'Суон-Хилл');
INSERT INTO LOCATIONS (DESCRIPTION, COUNTRY, ID, CITY) VALUES ('Это место, созданное природой и людьми, для прекрасного отдыха в живописном уголке Мира! Удобное расположение заметно выделяет его из числа других мест.', 'Соединенное Королевство', '136', 'Ковентри');
INSERT INTO LOCATIONS (DESCRIPTION, COUNTRY, ID, CITY) VALUES ('Этот город завлекает не только красотами и пейзажами, но и чудесной кухней. Ежегодно здесь бывают очень много туристов. Каждый посетитель отмечает, что отдых просто не збываем!', 'Турция', '137', 'Самсун');
INSERT INTO LOCATIONS (DESCRIPTION, COUNTRY, ID, CITY) VALUES ('Это один из самых популярных курортов нашего турагенства. Отдыхающим нравится местный климат, пейзажи и культура и многое другое.', 'Соединенное Королевство', '138', 'Ливерпуль');
INSERT INTO LOCATIONS (DESCRIPTION, COUNTRY, ID, CITY) VALUES ('Это один из самых популярных курортов нашего турагенства. Отдыхающим нравится местный климат, пейзажи и культура и многое другое.', 'Франция', '139', 'Страсбург');
INSERT INTO LOCATIONS (DESCRIPTION, COUNTRY, ID, CITY) VALUES ('Сюда приезжают отдыхать и взрослые и дети. Это место притягивает все больше и больше туристов. Культура, история, картины, которые сотворила природа и люди не оставят никого равнодушным.', 'Франция', '140', 'Антиб');
INSERT INTO LOCATIONS (DESCRIPTION, COUNTRY, ID, CITY) VALUES ('Этот город завлекает не только красотами и пейзажами, но и чудесной кухней. Ежегодно здесь бывают очень много туристов. Каждый посетитель отмечает, что отдых просто не збываем!', 'Турция', '141', 'Адана');
INSERT INTO LOCATIONS (DESCRIPTION, COUNTRY, ID, CITY) VALUES ('Сюда приезжают отдыхать и взрослые и дети. Это место притягивает все больше и больше туристов. Культура, история, картины, которые сотворила природа и люди не оставят никого равнодушным.', 'Италия', '142', 'Рим');
INSERT INTO LOCATIONS (DESCRIPTION, COUNTRY, ID, CITY) VALUES ('Сюда приезжают отдыхать и взрослые и дети. Это место притягивает все больше и больше туристов. Культура, история, картины, которые сотворила природа и люди не оставят никого равнодушным.', 'Турция', '143', 'Анталья');
INSERT INTO LOCATIONS (DESCRIPTION, COUNTRY, ID, CITY) VALUES ('Сюда приезжают отдыхать и взрослые и дети. Это место притягивает все больше и больше туристов. Культура, история, картины, которые сотворила природа и люди не оставят никого равнодушным.', 'Соединенное Королевство', '144', 'Брэдфорд');
INSERT INTO LOCATIONS (DESCRIPTION, COUNTRY, ID, CITY) VALUES ('Это место, созданное природой и людьми, для прекрасного отдыха в живописном уголке Мира! Удобное расположение заметно выделяет его из числа других мест.', 'Греция', '145', 'Драма');
INSERT INTO LOCATIONS (DESCRIPTION, COUNTRY, ID, CITY) VALUES ('Это один из самых популярных курортов нашего турагенства. Отдыхающим нравится местный климат, пейзажи и культура и многое другое.', 'Соединенное Королевство', '146', 'Манчестер');
INSERT INTO LOCATIONS (DESCRIPTION, COUNTRY, ID, CITY) VALUES ('Это один из самых популярных курортов нашего турагенства. Отдыхающим нравится местный климат, пейзажи и культура и многое другое.', 'Греция', '147', 'Амфиса');
INSERT INTO LOCATIONS (DESCRIPTION, COUNTRY, ID, CITY) VALUES ('Этот город завлекает не только красотами и пейзажами, но и чудесной кухней. Ежегодно здесь бывают очень много туристов. Каждый посетитель отмечает, что отдых просто не збываем!', 'Индия', '148', 'Чандигарх');
INSERT INTO LOCATIONS (DESCRIPTION, COUNTRY, ID, CITY) VALUES ('Это место, созданное природой и людьми, для прекрасного отдыха в живописном уголке Мира! Удобное расположение заметно выделяет его из числа других мест.', 'Австралия', '149', 'Мельбурн');
INSERT INTO LOCATIONS (DESCRIPTION, COUNTRY, ID, CITY) VALUES ('Этот город завлекает не только красотами и пейзажами, но и чудесной кухней. Ежегодно здесь бывают очень много туристов. Каждый посетитель отмечает, что отдых просто не збываем!', 'Соединенное Королевство', '150', 'Дерби');

--*********************************************
--CONTACTS
--*********************************************
INSERT INTO CONTACTS (PHONE, ID, EMAIL, ID_LOCATION) VALUES ('2 688 432337', '1', 'qwicker@gmail.ru', '1');
INSERT INTO CONTACTS (PHONE, ID, EMAIL, ID_LOCATION) VALUES ('0 515 367996', '2', 'cap@yourmail.com', '2');
INSERT INTO CONTACTS (PHONE, ID, EMAIL, ID_LOCATION) VALUES ('0 266 355769', '3', 'russkiy1986@yandex.ru', '3');
INSERT INTO CONTACTS (PHONE, ID, EMAIL, ID_LOCATION) VALUES ('3 137 770145', '4', 'adars1987@yourmail.com', '4');
INSERT INTO CONTACTS (PHONE, ID, EMAIL, ID_LOCATION) VALUES ('0 523 562022', '5', 'cap@gmail.com', '5');
INSERT INTO CONTACTS (PHONE, ID, EMAIL, ID_LOCATION) VALUES ('0 534 665623', '6', 'adars1974@yandex.ru', '6');
INSERT INTO CONTACTS (PHONE, ID, EMAIL, ID_LOCATION) VALUES ('8 725 816828', '7', 'mama@gmail.ru', '7');
INSERT INTO CONTACTS (PHONE, ID, EMAIL, ID_LOCATION) VALUES ('6 686 785184', '8', 'us_er@rambler.ru', '8');
INSERT INTO CONTACTS (PHONE, ID, EMAIL, ID_LOCATION) VALUES ('2 108 779351', '9', 'spider@yandex.ru', '9');
INSERT INTO CONTACTS (PHONE, ID, EMAIL, ID_LOCATION) VALUES ('5 911 201197', '10', 'only_you2008@yahoo.com', '10');
INSERT INTO CONTACTS (PHONE, ID, EMAIL, ID_LOCATION) VALUES ('7 646 480362', '11', 'person1990@yahoo.com', '11');
INSERT INTO CONTACTS (PHONE, ID, EMAIL, ID_LOCATION) VALUES ('9 327 804721', '12', 'private2001@yahoo.com', '12');
INSERT INTO CONTACTS (PHONE, ID, EMAIL, ID_LOCATION) VALUES ('1 699 302242', '13', 'russkiy1986@mail.ru', '13');
INSERT INTO CONTACTS (PHONE, ID, EMAIL, ID_LOCATION) VALUES ('4 117 408430', '14', 'qrasao@mail.com', '14');
INSERT INTO CONTACTS (PHONE, ID, EMAIL, ID_LOCATION) VALUES ('7 132 024051', '15', 'nik@mail.com', '15');
INSERT INTO CONTACTS (PHONE, ID, EMAIL, ID_LOCATION) VALUES ('4 375 126768', '16', 'supercar@mail.com', '16');
INSERT INTO CONTACTS (PHONE, ID, EMAIL, ID_LOCATION) VALUES ('1 389 912105', '17', 'russkiy1985@gmail.ru', '17');
INSERT INTO CONTACTS (PHONE, ID, EMAIL, ID_LOCATION) VALUES ('1 232 661072', '18', 'qwicker@gmail.ru', '18');
INSERT INTO CONTACTS (PHONE, ID, EMAIL, ID_LOCATION) VALUES ('3 270 149594', '19', 'us_er1968@mail.ru', '19');
INSERT INTO CONTACTS (PHONE, ID, EMAIL, ID_LOCATION) VALUES ('9 387 878974', '20', 'only_you1972@yandex.ru', '20');
INSERT INTO CONTACTS (PHONE, ID, EMAIL, ID_LOCATION) VALUES ('8 012 605369', '21', 'us_er2009@gmail.ru', '21');
INSERT INTO CONTACTS (PHONE, ID, EMAIL, ID_LOCATION) VALUES ('2 218 485244', '22', 'vudu2012@yandex.ru', '22');
INSERT INTO CONTACTS (PHONE, ID, EMAIL, ID_LOCATION) VALUES ('4 999 970030', '23', 'only_you@yandex.ru', '23');
INSERT INTO CONTACTS (PHONE, ID, EMAIL, ID_LOCATION) VALUES ('2 277 630781', '24', 'nik1997@mail.com', '24');
INSERT INTO CONTACTS (PHONE, ID, EMAIL, ID_LOCATION) VALUES ('8 963 373684', '25', 'korso2002@gmail.com', '25');
INSERT INTO CONTACTS (PHONE, ID, EMAIL, ID_LOCATION) VALUES ('6 590 859746', '26', 'korso@yourmail.com', '26');
INSERT INTO CONTACTS (PHONE, ID, EMAIL, ID_LOCATION) VALUES ('9 277 204690', '27', 'adars1984@mail.com', '27');
INSERT INTO CONTACTS (PHONE, ID, EMAIL, ID_LOCATION) VALUES ('8 551 215924', '28', 'russkiy@mail.ru', '28');
INSERT INTO CONTACTS (PHONE, ID, EMAIL, ID_LOCATION) VALUES ('0 717 447762', '29', 'korso@mail.ru', '29');
INSERT INTO CONTACTS (PHONE, ID, EMAIL, ID_LOCATION) VALUES ('5 400 033731', '30', 'nik@yourmail.com', '30');
INSERT INTO CONTACTS (PHONE, ID, EMAIL, ID_LOCATION) VALUES ('6 936 658488', '31', 'person@gmail.ru', '31');
INSERT INTO CONTACTS (PHONE, ID, EMAIL, ID_LOCATION) VALUES ('2 013 200234', '32', 'korso1993@yahoo.com', '32');
INSERT INTO CONTACTS (PHONE, ID, EMAIL, ID_LOCATION) VALUES ('4 874 046428', '33', 'ch_ild@gmail.ru', '33');
INSERT INTO CONTACTS (PHONE, ID, EMAIL, ID_LOCATION) VALUES ('0 769 189393', '34', 'only_you2007@rambler.ru', '34');
INSERT INTO CONTACTS (PHONE, ID, EMAIL, ID_LOCATION) VALUES ('0 467 765793', '35', 'cap1985@mail.com', '35');
INSERT INTO CONTACTS (PHONE, ID, EMAIL, ID_LOCATION) VALUES ('9 954 376687', '36', 'private@mail.ru', '36');
INSERT INTO CONTACTS (PHONE, ID, EMAIL, ID_LOCATION) VALUES ('7 853 202879', '37', 'russkiy1972@rambler.ru', '37');
INSERT INTO CONTACTS (PHONE, ID, EMAIL, ID_LOCATION) VALUES ('6 007 860651', '38', 'mama1983@mail.com', '38');
INSERT INTO CONTACTS (PHONE, ID, EMAIL, ID_LOCATION) VALUES ('4 670 103573', '39', 'korso1968@yandex.ru', '39');
INSERT INTO CONTACTS (PHONE, ID, EMAIL, ID_LOCATION) VALUES ('0 580 365476', '40', 'nik1987@rambler.ru', '40');
INSERT INTO CONTACTS (PHONE, ID, EMAIL, ID_LOCATION) VALUES ('5 255 715986', '41', 'ch_ild@mail.ru', '41');
INSERT INTO CONTACTS (PHONE, ID, EMAIL, ID_LOCATION) VALUES ('0 919 710422', '42', 'vudu1969@gmail.com', '42');
INSERT INTO CONTACTS (PHONE, ID, EMAIL, ID_LOCATION) VALUES ('8 316 029970', '43', 'qrasao@rambler.ru', '43');
INSERT INTO CONTACTS (PHONE, ID, EMAIL, ID_LOCATION) VALUES ('2 510 778302', '44', 'qrasao1986@yandex.ru', '44');
INSERT INTO CONTACTS (PHONE, ID, EMAIL, ID_LOCATION) VALUES ('0 291 473561', '45', 'kulio@yandex.ru', '45');
INSERT INTO CONTACTS (PHONE, ID, EMAIL, ID_LOCATION) VALUES ('4 970 607322', '46', 'mama1997@yourmail.com', '46');
INSERT INTO CONTACTS (PHONE, ID, EMAIL, ID_LOCATION) VALUES ('3 172 012666', '47', 'person@mail.ru', '47');
INSERT INTO CONTACTS (PHONE, ID, EMAIL, ID_LOCATION) VALUES ('4 035 298618', '48', 'only_you@rambler.ru', '48');
INSERT INTO CONTACTS (PHONE, ID, EMAIL, ID_LOCATION) VALUES ('8 810 899247', '49', 'korso1994@mail.com', '49');
INSERT INTO CONTACTS (PHONE, ID, EMAIL, ID_LOCATION) VALUES ('7 943 133943', '50', 'qrasao1974@mail.ru', '50');
INSERT INTO CONTACTS (PHONE, ID, EMAIL, ID_LOCATION) VALUES ('5 673 177769', '51', 'supercar2000@yahoo.com', '51');
INSERT INTO CONTACTS (PHONE, ID, EMAIL, ID_LOCATION) VALUES ('1 680 688450', '52', 'papa@rambler.ru', '52');
INSERT INTO CONTACTS (PHONE, ID, EMAIL, ID_LOCATION) VALUES ('2 521 435254', '53', 'papa@yourmail.com', '53');
INSERT INTO CONTACTS (PHONE, ID, EMAIL, ID_LOCATION) VALUES ('5 172 674530', '54', 'mama@gmail.com', '54');
INSERT INTO CONTACTS (PHONE, ID, EMAIL, ID_LOCATION) VALUES ('1 136 886908', '55', 'private1992@gmail.com', '55');
INSERT INTO CONTACTS (PHONE, ID, EMAIL, ID_LOCATION) VALUES ('5 867 684871', '56', 'nik@mail.com', '56');
INSERT INTO CONTACTS (PHONE, ID, EMAIL, ID_LOCATION) VALUES ('5 268 724899', '57', 'adars@gmail.ru', '57');
INSERT INTO CONTACTS (PHONE, ID, EMAIL, ID_LOCATION) VALUES ('1 597 965220', '58', 'person@gmail.ru', '58');
INSERT INTO CONTACTS (PHONE, ID, EMAIL, ID_LOCATION) VALUES ('3 440 651336', '59', 'papa1983@mail.com', '59');
INSERT INTO CONTACTS (PHONE, ID, EMAIL, ID_LOCATION) VALUES ('4 930 204663', '60', 'nik2005@mail.com', '60');
INSERT INTO CONTACTS (PHONE, ID, EMAIL, ID_LOCATION) VALUES ('4 996 873585', '61', 'adars@rambler.ru', '61');
INSERT INTO CONTACTS (PHONE, ID, EMAIL, ID_LOCATION) VALUES ('8 370 267445', '62', 'spider2004@gmail.com', '62');
INSERT INTO CONTACTS (PHONE, ID, EMAIL, ID_LOCATION) VALUES ('5 544 213978', '63', 'kulio1984@rambler.ru', '63');
INSERT INTO CONTACTS (PHONE, ID, EMAIL, ID_LOCATION) VALUES ('9 718 726204', '64', 'papa@yourmail.com', '64');
INSERT INTO CONTACTS (PHONE, ID, EMAIL, ID_LOCATION) VALUES ('9 189 921228', '65', 'person1971@rambler.ru', '65');
INSERT INTO CONTACTS (PHONE, ID, EMAIL, ID_LOCATION) VALUES ('1 328 292244', '66', 'person@yahoo.com', '66');
INSERT INTO CONTACTS (PHONE, ID, EMAIL, ID_LOCATION) VALUES ('6 480 537470', '67', 'kulio@yahoo.com', '67');
INSERT INTO CONTACTS (PHONE, ID, EMAIL, ID_LOCATION) VALUES ('8 613 921284', '68', 'qrasao@yahoo.com', '68');
INSERT INTO CONTACTS (PHONE, ID, EMAIL, ID_LOCATION) VALUES ('5 292 951060', '69', 'papa1981@mail.ru', '69');
INSERT INTO CONTACTS (PHONE, ID, EMAIL, ID_LOCATION) VALUES ('3 954 934787', '70', 'darke@mail.com', '70');
INSERT INTO CONTACTS (PHONE, ID, EMAIL, ID_LOCATION) VALUES ('2 849 878179', '71', 'person@mail.com', '71');
INSERT INTO CONTACTS (PHONE, ID, EMAIL, ID_LOCATION) VALUES ('5 071 135022', '72', 'papa@yandex.ru', '72');
INSERT INTO CONTACTS (PHONE, ID, EMAIL, ID_LOCATION) VALUES ('4 536 468647', '73', 'us_er1980@yandex.ru', '73');
INSERT INTO CONTACTS (PHONE, ID, EMAIL, ID_LOCATION) VALUES ('8 716 856001', '74', 'ch_ild1983@mail.com', '74');
INSERT INTO CONTACTS (PHONE, ID, EMAIL, ID_LOCATION) VALUES ('7 840 697519', '75', 'vudu@mail.com', '75');
INSERT INTO CONTACTS (PHONE, ID, EMAIL, ID_LOCATION) VALUES ('8 934 383602', '76', 'adars@mail.ru', '76');
INSERT INTO CONTACTS (PHONE, ID, EMAIL, ID_LOCATION) VALUES ('6 390 426133', '77', 'us_er1997@yahoo.com', '77');
INSERT INTO CONTACTS (PHONE, ID, EMAIL, ID_LOCATION) VALUES ('0 432 880366', '78', 'only_you@rambler.ru', '78');
INSERT INTO CONTACTS (PHONE, ID, EMAIL, ID_LOCATION) VALUES ('8 473 516320', '79', 'papa1972@gmail.com', '79');
INSERT INTO CONTACTS (PHONE, ID, EMAIL, ID_LOCATION) VALUES ('3 335 020438', '80', 'adars1995@rambler.ru', '80');
INSERT INTO CONTACTS (PHONE, ID, EMAIL, ID_LOCATION) VALUES ('5 138 968028', '81', 'papa1998@rambler.ru', '81');
INSERT INTO CONTACTS (PHONE, ID, EMAIL, ID_LOCATION) VALUES ('6 381 498321', '82', 'private@mail.ru', '82');
INSERT INTO CONTACTS (PHONE, ID, EMAIL, ID_LOCATION) VALUES ('1 770 424158', '83', 'only_you@mail.ru', '83');
INSERT INTO CONTACTS (PHONE, ID, EMAIL, ID_LOCATION) VALUES ('9 316 473863', '84', 'qrasao@rambler.ru', '84');
INSERT INTO CONTACTS (PHONE, ID, EMAIL, ID_LOCATION) VALUES ('0 839 071911', '85', 'cap@yourmail.com', '85');
INSERT INTO CONTACTS (PHONE, ID, EMAIL, ID_LOCATION) VALUES ('9 473 430539', '86', 'vudu@yourmail.com', '86');
INSERT INTO CONTACTS (PHONE, ID, EMAIL, ID_LOCATION) VALUES ('7 002 973129', '87', 'mama2002@mail.com', '87');
INSERT INTO CONTACTS (PHONE, ID, EMAIL, ID_LOCATION) VALUES ('6 646 262649', '88', 'vudu@gmail.ru', '88');
INSERT INTO CONTACTS (PHONE, ID, EMAIL, ID_LOCATION) VALUES ('7 095 055762', '89', 'spider1986@yandex.ru', '89');
INSERT INTO CONTACTS (PHONE, ID, EMAIL, ID_LOCATION) VALUES ('6 601 111509', '90', 'mama@gmail.com', '90');
INSERT INTO CONTACTS (PHONE, ID, EMAIL, ID_LOCATION) VALUES ('1 399 053808', '91', 'mama1965@mail.ru', '91');
INSERT INTO CONTACTS (PHONE, ID, EMAIL, ID_LOCATION) VALUES ('6 922 579494', '92', 'private1982@yourmail.com', '92');
INSERT INTO CONTACTS (PHONE, ID, EMAIL, ID_LOCATION) VALUES ('7 763 718962', '93', 'supercar1977@mail.ru', '93');
INSERT INTO CONTACTS (PHONE, ID, EMAIL, ID_LOCATION) VALUES ('9 519 977448', '94', 'only_you@yandex.ru', '94');
INSERT INTO CONTACTS (PHONE, ID, EMAIL, ID_LOCATION) VALUES ('5 465 671608', '95', 'vudu@mail.com', '95');
INSERT INTO CONTACTS (PHONE, ID, EMAIL, ID_LOCATION) VALUES ('7 328 840986', '96', 'russkiy2011@gmail.com', '96');
INSERT INTO CONTACTS (PHONE, ID, EMAIL, ID_LOCATION) VALUES ('0 461 267555', '97', 'cap1974@gmail.com', '97');
INSERT INTO CONTACTS (PHONE, ID, EMAIL, ID_LOCATION) VALUES ('0 548 878357', '98', 'supercar1973@rambler.ru', '98');
INSERT INTO CONTACTS (PHONE, ID, EMAIL, ID_LOCATION) VALUES ('1 155 525246', '99', 'papa@rambler.ru', '99');
INSERT INTO CONTACTS (PHONE, ID, EMAIL, ID_LOCATION) VALUES ('5 471 083560', '100', 'supercar1978@gmail.com', '100');
INSERT INTO CONTACTS (PHONE, ID, EMAIL, ID_LOCATION) VALUES ('5 757 814171', '101', 'spider1977@yourmail.com', '101');
INSERT INTO CONTACTS (PHONE, ID, EMAIL, ID_LOCATION) VALUES ('6 003 100882', '102', 'adars@gmail.ru', '102');

--*********************************************
--PEOPLES
--*********************************************
INSERT INTO PEOPLES (FIRST_NAME, MIDDLE_NAME, SEX, ID, ID_CONTACT, LAST_NAME, DATE_BIRTH) VALUES ('Елена', NULL, 'NULL', 'F', '1', '1', 'Сальвадо', TO_DATE('21.10.1955', 'dd.mm.yyyy'));
INSERT INTO PEOPLES (FIRST_NAME, MIDDLE_NAME, SEX, ID, ID_CONTACT, LAST_NAME, DATE_BIRTH) VALUES ('Феликс', NULL, 'NULL', 'M', '2', '2', 'Леман', TO_DATE('14.2.1982', 'dd.mm.yyyy'));
INSERT INTO PEOPLES (FIRST_NAME, MIDDLE_NAME, SEX, ID, ID_CONTACT, LAST_NAME, DATE_BIRTH) VALUES ('Кирилл', NULL, 'NULL', 'M', '3', '3', 'Адамс', TO_DATE('5.10.1949', 'dd.mm.yyyy'));
INSERT INTO PEOPLES (FIRST_NAME, MIDDLE_NAME, SEX, ID, ID_CONTACT, LAST_NAME, DATE_BIRTH) VALUES ('Вадим', NULL, 'NULL', 'M', '4', '4', 'Кристи', TO_DATE('6.4.1989', 'dd.mm.yyyy'));
INSERT INTO PEOPLES (FIRST_NAME, MIDDLE_NAME, SEX, ID, ID_CONTACT, LAST_NAME, DATE_BIRTH) VALUES ('Вадим', NULL, 'NULL', 'M', '5', '5', 'Сальвадо', TO_DATE('4.4.1982', 'dd.mm.yyyy'));
INSERT INTO PEOPLES (FIRST_NAME, MIDDLE_NAME, SEX, ID, ID_CONTACT, LAST_NAME, DATE_BIRTH) VALUES ('Артур', NULL, 'NULL', 'M', '6', '6', 'Леман', TO_DATE('2.2.1986', 'dd.mm.yyyy'));
INSERT INTO PEOPLES (FIRST_NAME, MIDDLE_NAME, SEX, ID, ID_CONTACT, LAST_NAME, DATE_BIRTH) VALUES ('Беатриса', NULL, 'NULL', 'F', '7', '7', 'Берси', TO_DATE('5.8.1981', 'dd.mm.yyyy'));
INSERT INTO PEOPLES (FIRST_NAME, MIDDLE_NAME, SEX, ID, ID_CONTACT, LAST_NAME, DATE_BIRTH) VALUES ('Александра', NULL, 'NULL', 'F', '8', '8', 'Ли', TO_DATE('24.3.1962', 'dd.mm.yyyy'));
INSERT INTO PEOPLES (FIRST_NAME, MIDDLE_NAME, SEX, ID, ID_CONTACT, LAST_NAME, DATE_BIRTH) VALUES ('Диана', NULL, 'NULL', 'F', '9', '9', 'Сальвадо', TO_DATE('6.10.1948', 'dd.mm.yyyy'));
INSERT INTO PEOPLES (FIRST_NAME, MIDDLE_NAME, SEX, ID, ID_CONTACT, LAST_NAME, DATE_BIRTH) VALUES ('Мария', NULL, 'NULL', 'F', '10', '10', 'Далтон', TO_DATE('23.6.1952', 'dd.mm.yyyy'));
INSERT INTO PEOPLES (FIRST_NAME, MIDDLE_NAME, SEX, ID, ID_CONTACT, LAST_NAME, DATE_BIRTH) VALUES ('Роман', NULL, 'NULL', 'M', '11', '11', 'Далтон', TO_DATE('6.7.1944', 'dd.mm.yyyy'));
INSERT INTO PEOPLES (FIRST_NAME, MIDDLE_NAME, SEX, ID, ID_CONTACT, LAST_NAME, DATE_BIRTH) VALUES ('Артур', NULL, 'NULL', 'M', '12', '12', 'Кристи', TO_DATE('1.9.1949', 'dd.mm.yyyy'));
INSERT INTO PEOPLES (FIRST_NAME, MIDDLE_NAME, SEX, ID, ID_CONTACT, LAST_NAME, DATE_BIRTH) VALUES ('Мартин', NULL, 'NULL', 'M', '13', '13', 'Адамс', TO_DATE('18.5.1989', 'dd.mm.yyyy'));
INSERT INTO PEOPLES (FIRST_NAME, MIDDLE_NAME, SEX, ID, ID_CONTACT, LAST_NAME, DATE_BIRTH) VALUES ('Кирилл', NULL, 'NULL', 'M', '14', '14', 'Берси', TO_DATE('17.6.1970', 'dd.mm.yyyy'));
INSERT INTO PEOPLES (FIRST_NAME, MIDDLE_NAME, SEX, ID, ID_CONTACT, LAST_NAME, DATE_BIRTH) VALUES ('Агата', NULL, 'NULL', 'F', '15', '15', 'Адамс', TO_DATE('10.2.1979', 'dd.mm.yyyy'));
INSERT INTO PEOPLES (FIRST_NAME, MIDDLE_NAME, SEX, ID, ID_CONTACT, LAST_NAME, DATE_BIRTH) VALUES ('Вадим', NULL, 'NULL', 'M', '16', '16', 'Сальвадо', TO_DATE('24.11.1984', 'dd.mm.yyyy'));
INSERT INTO PEOPLES (FIRST_NAME, MIDDLE_NAME, SEX, ID, ID_CONTACT, LAST_NAME, DATE_BIRTH) VALUES ('Мария', NULL, 'NULL', 'F', '17', '17', 'Далтон', TO_DATE('19.9.1946', 'dd.mm.yyyy'));
INSERT INTO PEOPLES (FIRST_NAME, MIDDLE_NAME, SEX, ID, ID_CONTACT, LAST_NAME, DATE_BIRTH) VALUES ('Ева', NULL, 'NULL', 'F', '18', '18', 'Кристи', TO_DATE('21.10.1955', 'dd.mm.yyyy'));
INSERT INTO PEOPLES (FIRST_NAME, MIDDLE_NAME, SEX, ID, ID_CONTACT, LAST_NAME, DATE_BIRTH) VALUES ('Феликс', NULL, 'NULL', 'M', '19', '19', 'Адамс', TO_DATE('5.5.1977', 'dd.mm.yyyy'));
INSERT INTO PEOPLES (FIRST_NAME, MIDDLE_NAME, SEX, ID, ID_CONTACT, LAST_NAME, DATE_BIRTH) VALUES ('Алиса', NULL, 'NULL', 'F', '20', '20', 'Леман', TO_DATE('16.7.1973', 'dd.mm.yyyy'));
INSERT INTO PEOPLES (FIRST_NAME, MIDDLE_NAME, SEX, ID, ID_CONTACT, LAST_NAME, DATE_BIRTH) VALUES ('Агата', NULL, 'NULL', 'F', '21', '21', 'Далтон', TO_DATE('10.7.1950', 'dd.mm.yyyy'));
INSERT INTO PEOPLES (FIRST_NAME, MIDDLE_NAME, SEX, ID, ID_CONTACT, LAST_NAME, DATE_BIRTH) VALUES ('Алиса', NULL, 'NULL', 'F', '22', '22', 'Далтон', TO_DATE('9.1.1988', 'dd.mm.yyyy'));
INSERT INTO PEOPLES (FIRST_NAME, MIDDLE_NAME, SEX, ID, ID_CONTACT, LAST_NAME, DATE_BIRTH) VALUES ('Павел', NULL, 'NULL', 'M', '23', '23', 'Леман', TO_DATE('10.4.1981', 'dd.mm.yyyy'));
INSERT INTO PEOPLES (FIRST_NAME, MIDDLE_NAME, SEX, ID, ID_CONTACT, LAST_NAME, DATE_BIRTH) VALUES ('Елена', NULL, 'NULL', 'F', '24', '24', 'Ли', TO_DATE('17.11.1989', 'dd.mm.yyyy'));
INSERT INTO PEOPLES (FIRST_NAME, MIDDLE_NAME, SEX, ID, ID_CONTACT, LAST_NAME, DATE_BIRTH) VALUES ('Александра', NULL, 'NULL', 'F', '25', '25', 'Далтон', TO_DATE('17.11.1957', 'dd.mm.yyyy'));
INSERT INTO PEOPLES (FIRST_NAME, MIDDLE_NAME, SEX, ID, ID_CONTACT, LAST_NAME, DATE_BIRTH) VALUES ('Мария', NULL, 'NULL', 'F', '26', '26', 'Берси', TO_DATE('12.11.1956', 'dd.mm.yyyy'));
INSERT INTO PEOPLES (FIRST_NAME, MIDDLE_NAME, SEX, ID, ID_CONTACT, LAST_NAME, DATE_BIRTH) VALUES ('Анна', NULL, 'NULL', 'F', '27', '27', 'Леман', TO_DATE('1.5.1953', 'dd.mm.yyyy'));
INSERT INTO PEOPLES (FIRST_NAME, MIDDLE_NAME, SEX, ID, ID_CONTACT, LAST_NAME, DATE_BIRTH) VALUES ('Ева', NULL, 'NULL', 'F', '28', '28', 'Ли', TO_DATE('7.9.1951', 'dd.mm.yyyy'));
INSERT INTO PEOPLES (FIRST_NAME, MIDDLE_NAME, SEX, ID, ID_CONTACT, LAST_NAME, DATE_BIRTH) VALUES ('Мария', NULL, 'NULL', 'F', '29', '29', 'Далтон', TO_DATE('21.7.1949', 'dd.mm.yyyy'));
INSERT INTO PEOPLES (FIRST_NAME, MIDDLE_NAME, SEX, ID, ID_CONTACT, LAST_NAME, DATE_BIRTH) VALUES ('Анна', NULL, 'NULL', 'F', '30', '30', 'Ли', TO_DATE('6.4.1942', 'dd.mm.yyyy'));
INSERT INTO PEOPLES (FIRST_NAME, MIDDLE_NAME, SEX, ID, ID_CONTACT, LAST_NAME, DATE_BIRTH) VALUES ('Даниил', NULL, 'NULL', 'M', '31', '31', 'Корда', TO_DATE('18.6.1941', 'dd.mm.yyyy'));
INSERT INTO PEOPLES (FIRST_NAME, MIDDLE_NAME, SEX, ID, ID_CONTACT, LAST_NAME, DATE_BIRTH) VALUES ('Вадим', NULL, 'NULL', 'M', '32', '32', 'Ли', TO_DATE('20.7.1972', 'dd.mm.yyyy'));
INSERT INTO PEOPLES (FIRST_NAME, MIDDLE_NAME, SEX, ID, ID_CONTACT, LAST_NAME, DATE_BIRTH) VALUES ('Мария', NULL, 'NULL', 'F', '33', '33', 'Леман', TO_DATE('26.4.1987', 'dd.mm.yyyy'));
INSERT INTO PEOPLES (FIRST_NAME, MIDDLE_NAME, SEX, ID, ID_CONTACT, LAST_NAME, DATE_BIRTH) VALUES ('Яков', NULL, 'NULL', 'M', '34', '34', 'Далтон', TO_DATE('1.8.1955', 'dd.mm.yyyy'));
INSERT INTO PEOPLES (FIRST_NAME, MIDDLE_NAME, SEX, ID, ID_CONTACT, LAST_NAME, DATE_BIRTH) VALUES ('Вадим', NULL, 'NULL', 'M', '35', '35', 'Леман', TO_DATE('20.9.1967', 'dd.mm.yyyy'));
INSERT INTO PEOPLES (FIRST_NAME, MIDDLE_NAME, SEX, ID, ID_CONTACT, LAST_NAME, DATE_BIRTH) VALUES ('Даниэль', NULL, 'NULL', 'M', '36', '36', 'Корда', TO_DATE('1.2.1977', 'dd.mm.yyyy'));
INSERT INTO PEOPLES (FIRST_NAME, MIDDLE_NAME, SEX, ID, ID_CONTACT, LAST_NAME, DATE_BIRTH) VALUES ('Даниил', NULL, 'NULL', 'M', '37', '37', 'Далтон', TO_DATE('7.8.1974', 'dd.mm.yyyy'));
INSERT INTO PEOPLES (FIRST_NAME, MIDDLE_NAME, SEX, ID, ID_CONTACT, LAST_NAME, DATE_BIRTH) VALUES ('Павел', NULL, 'NULL', 'M', '38', '38', 'Кристи', TO_DATE('11.10.1940', 'dd.mm.yyyy'));
INSERT INTO PEOPLES (FIRST_NAME, MIDDLE_NAME, SEX, ID, ID_CONTACT, LAST_NAME, DATE_BIRTH) VALUES ('Мария', NULL, 'NULL', 'F', '39', '39', 'Леман', TO_DATE('16.10.1951', 'dd.mm.yyyy'));
INSERT INTO PEOPLES (FIRST_NAME, MIDDLE_NAME, SEX, ID, ID_CONTACT, LAST_NAME, DATE_BIRTH) VALUES ('Анна', NULL, 'NULL', 'F', '40', '40', 'Берси', TO_DATE('15.2.1941', 'dd.mm.yyyy'));
INSERT INTO PEOPLES (FIRST_NAME, MIDDLE_NAME, SEX, ID, ID_CONTACT, LAST_NAME, DATE_BIRTH) VALUES ('Мартин', NULL, 'NULL', 'M', '41', '41', 'Ли', TO_DATE('4.5.1975', 'dd.mm.yyyy'));
INSERT INTO PEOPLES (FIRST_NAME, MIDDLE_NAME, SEX, ID, ID_CONTACT, LAST_NAME, DATE_BIRTH) VALUES ('Ева', NULL, 'NULL', 'F', '42', '42', 'Ли', TO_DATE('7.6.1972', 'dd.mm.yyyy'));
INSERT INTO PEOPLES (FIRST_NAME, MIDDLE_NAME, SEX, ID, ID_CONTACT, LAST_NAME, DATE_BIRTH) VALUES ('Диана', NULL, 'NULL', 'F', '43', '43', 'Берси', TO_DATE('12.2.1963', 'dd.mm.yyyy'));
INSERT INTO PEOPLES (FIRST_NAME, MIDDLE_NAME, SEX, ID, ID_CONTACT, LAST_NAME, DATE_BIRTH) VALUES ('Беатриса', NULL, 'NULL', 'F', '44', '44', 'Далтон', TO_DATE('16.10.1951', 'dd.mm.yyyy'));
INSERT INTO PEOPLES (FIRST_NAME, MIDDLE_NAME, SEX, ID, ID_CONTACT, LAST_NAME, DATE_BIRTH) VALUES ('Даниил', NULL, 'NULL', 'M', '45', '45', 'Сальвадо', TO_DATE('14.10.1950', 'dd.mm.yyyy'));
INSERT INTO PEOPLES (FIRST_NAME, MIDDLE_NAME, SEX, ID, ID_CONTACT, LAST_NAME, DATE_BIRTH) VALUES ('Елена', NULL, 'NULL', 'F', '46', '46', 'Адамс', TO_DATE('26.2.1989', 'dd.mm.yyyy'));
INSERT INTO PEOPLES (FIRST_NAME, MIDDLE_NAME, SEX, ID, ID_CONTACT, LAST_NAME, DATE_BIRTH) VALUES ('Даниил', NULL, 'NULL', 'M', '47', '47', 'Сальвадо', TO_DATE('25.4.1972', 'dd.mm.yyyy'));
INSERT INTO PEOPLES (FIRST_NAME, MIDDLE_NAME, SEX, ID, ID_CONTACT, LAST_NAME, DATE_BIRTH) VALUES ('Елена', NULL, 'NULL', 'F', '48', '48', 'Далтон', TO_DATE('19.6.1975', 'dd.mm.yyyy'));
INSERT INTO PEOPLES (FIRST_NAME, MIDDLE_NAME, SEX, ID, ID_CONTACT, LAST_NAME, DATE_BIRTH) VALUES ('Алиса', NULL, 'NULL', 'F', '49', '49', 'Далтон', TO_DATE('7.3.1979', 'dd.mm.yyyy'));
INSERT INTO PEOPLES (FIRST_NAME, MIDDLE_NAME, SEX, ID, ID_CONTACT, LAST_NAME, DATE_BIRTH) VALUES ('Анна', NULL, 'NULL', 'F', '50', '50', 'Сальвадо', TO_DATE('20.2.1955', 'dd.mm.yyyy'));
INSERT INTO PEOPLES (FIRST_NAME, MIDDLE_NAME, SEX, ID, ID_CONTACT, LAST_NAME, DATE_BIRTH) VALUES ('Павел', NULL, 'NULL', 'M', '51', '51', 'Адамс', TO_DATE('5.3.1949', 'dd.mm.yyyy'));
INSERT INTO PEOPLES (FIRST_NAME, MIDDLE_NAME, SEX, ID, ID_CONTACT, LAST_NAME, DATE_BIRTH) VALUES ('Артур', NULL, 'NULL', 'M', '52', '52', 'Кристи', TO_DATE('23.8.1988', 'dd.mm.yyyy'));
INSERT INTO PEOPLES (FIRST_NAME, MIDDLE_NAME, SEX, ID, ID_CONTACT, LAST_NAME, DATE_BIRTH) VALUES ('Беатриса', NULL, 'NULL', 'F', '53', '53', 'Далтон', TO_DATE('22.10.1940', 'dd.mm.yyyy'));
INSERT INTO PEOPLES (FIRST_NAME, MIDDLE_NAME, SEX, ID, ID_CONTACT, LAST_NAME, DATE_BIRTH) VALUES ('Даниил', NULL, 'NULL', 'M', '54', '54', 'Далтон', TO_DATE('26.3.1980', 'dd.mm.yyyy'));
INSERT INTO PEOPLES (FIRST_NAME, MIDDLE_NAME, SEX, ID, ID_CONTACT, LAST_NAME, DATE_BIRTH) VALUES ('Беатриса', NULL, 'NULL', 'F', '55', '55', 'Леман', TO_DATE('3.9.1986', 'dd.mm.yyyy'));
INSERT INTO PEOPLES (FIRST_NAME, MIDDLE_NAME, SEX, ID, ID_CONTACT, LAST_NAME, DATE_BIRTH) VALUES ('Елена', NULL, 'NULL', 'F', '56', '56', 'Леман', TO_DATE('17.1.1979', 'dd.mm.yyyy'));
INSERT INTO PEOPLES (FIRST_NAME, MIDDLE_NAME, SEX, ID, ID_CONTACT, LAST_NAME, DATE_BIRTH) VALUES ('Елена', NULL, 'NULL', 'F', '57', '57', 'Ли', TO_DATE('4.4.1952', 'dd.mm.yyyy'));
INSERT INTO PEOPLES (FIRST_NAME, MIDDLE_NAME, SEX, ID, ID_CONTACT, LAST_NAME, DATE_BIRTH) VALUES ('Мария', NULL, 'NULL', 'F', '58', '58', 'Далтон', TO_DATE('1.8.1987', 'dd.mm.yyyy'));
INSERT INTO PEOPLES (FIRST_NAME, MIDDLE_NAME, SEX, ID, ID_CONTACT, LAST_NAME, DATE_BIRTH) VALUES ('Кирилл', NULL, 'NULL', 'M', '59', '59', 'Далтон', TO_DATE('9.5.1965', 'dd.mm.yyyy'));
INSERT INTO PEOPLES (FIRST_NAME, MIDDLE_NAME, SEX, ID, ID_CONTACT, LAST_NAME, DATE_BIRTH) VALUES ('Филипп', NULL, 'NULL', 'M', '60', '60', 'Берси', TO_DATE('24.10.1941', 'dd.mm.yyyy'));
INSERT INTO PEOPLES (FIRST_NAME, MIDDLE_NAME, SEX, ID, ID_CONTACT, LAST_NAME, DATE_BIRTH) VALUES ('Агата', NULL, 'NULL', 'F', '61', '61', 'Берси', TO_DATE('7.1.1972', 'dd.mm.yyyy'));
INSERT INTO PEOPLES (FIRST_NAME, MIDDLE_NAME, SEX, ID, ID_CONTACT, LAST_NAME, DATE_BIRTH) VALUES ('Филипп', NULL, 'NULL', 'M', '62', '62', 'Леман', TO_DATE('8.8.1978', 'dd.mm.yyyy'));
INSERT INTO PEOPLES (FIRST_NAME, MIDDLE_NAME, SEX, ID, ID_CONTACT, LAST_NAME, DATE_BIRTH) VALUES ('Артур', NULL, 'NULL', 'M', '63', '63', 'Ли', TO_DATE('20.6.1964', 'dd.mm.yyyy'));
INSERT INTO PEOPLES (FIRST_NAME, MIDDLE_NAME, SEX, ID, ID_CONTACT, LAST_NAME, DATE_BIRTH) VALUES ('Даниил', NULL, 'NULL', 'M', '64', '64', 'Берси', TO_DATE('1.7.1964', 'dd.mm.yyyy'));
INSERT INTO PEOPLES (FIRST_NAME, MIDDLE_NAME, SEX, ID, ID_CONTACT, LAST_NAME, DATE_BIRTH) VALUES ('Леонардо', NULL, 'NULL', 'M', '65', '65', 'Берси', TO_DATE('2.11.1979', 'dd.mm.yyyy'));
INSERT INTO PEOPLES (FIRST_NAME, MIDDLE_NAME, SEX, ID, ID_CONTACT, LAST_NAME, DATE_BIRTH) VALUES ('Александра', NULL, 'NULL', 'F', '66', '66', 'Берси', TO_DATE('19.10.1960', 'dd.mm.yyyy'));
INSERT INTO PEOPLES (FIRST_NAME, MIDDLE_NAME, SEX, ID, ID_CONTACT, LAST_NAME, DATE_BIRTH) VALUES ('Елена', NULL, 'NULL', 'F', '67', '67', 'Адамс', TO_DATE('24.5.1983', 'dd.mm.yyyy'));
INSERT INTO PEOPLES (FIRST_NAME, MIDDLE_NAME, SEX, ID, ID_CONTACT, LAST_NAME, DATE_BIRTH) VALUES ('Павел', NULL, 'NULL', 'M', '68', '68', 'Адамс', TO_DATE('12.6.1943', 'dd.mm.yyyy'));
INSERT INTO PEOPLES (FIRST_NAME, MIDDLE_NAME, SEX, ID, ID_CONTACT, LAST_NAME, DATE_BIRTH) VALUES ('Елена', NULL, 'NULL', 'F', '69', '69', 'Берси', TO_DATE('27.7.1970', 'dd.mm.yyyy'));
INSERT INTO PEOPLES (FIRST_NAME, MIDDLE_NAME, SEX, ID, ID_CONTACT, LAST_NAME, DATE_BIRTH) VALUES ('Марк', NULL, 'NULL', 'M', '70', '70', 'Ли', TO_DATE('7.10.1983', 'dd.mm.yyyy'));
INSERT INTO PEOPLES (FIRST_NAME, MIDDLE_NAME, SEX, ID, ID_CONTACT, LAST_NAME, DATE_BIRTH) VALUES ('Адам', NULL, 'NULL', 'M', '71', '71', 'Далтон', TO_DATE('18.1.1958', 'dd.mm.yyyy'));
INSERT INTO PEOPLES (FIRST_NAME, MIDDLE_NAME, SEX, ID, ID_CONTACT, LAST_NAME, DATE_BIRTH) VALUES ('Вадим', NULL, 'NULL', 'M', '72', '72', 'Берси', TO_DATE('26.7.1945', 'dd.mm.yyyy'));
INSERT INTO PEOPLES (FIRST_NAME, MIDDLE_NAME, SEX, ID, ID_CONTACT, LAST_NAME, DATE_BIRTH) VALUES ('Беатриса', NULL, 'NULL', 'F', '73', '73', 'Далтон', TO_DATE('1.3.1981', 'dd.mm.yyyy'));
INSERT INTO PEOPLES (FIRST_NAME, MIDDLE_NAME, SEX, ID, ID_CONTACT, LAST_NAME, DATE_BIRTH) VALUES ('Роберт', NULL, 'NULL', 'M', '74', '74', 'Кристи', TO_DATE('4.1.1971', 'dd.mm.yyyy'));
INSERT INTO PEOPLES (FIRST_NAME, MIDDLE_NAME, SEX, ID, ID_CONTACT, LAST_NAME, DATE_BIRTH) VALUES ('Артур', NULL, 'NULL', 'M', '75', '75', 'Корда', TO_DATE('19.11.1969', 'dd.mm.yyyy'));
INSERT INTO PEOPLES (FIRST_NAME, MIDDLE_NAME, SEX, ID, ID_CONTACT, LAST_NAME, DATE_BIRTH) VALUES ('Ева', NULL, 'NULL', 'F', '76', '76', 'Далтон', TO_DATE('24.4.1955', 'dd.mm.yyyy'));
INSERT INTO PEOPLES (FIRST_NAME, MIDDLE_NAME, SEX, ID, ID_CONTACT, LAST_NAME, DATE_BIRTH) VALUES ('Кирилл', NULL, 'NULL', 'M', '77', '77', 'Корда', TO_DATE('2.6.1954', 'dd.mm.yyyy'));
INSERT INTO PEOPLES (FIRST_NAME, MIDDLE_NAME, SEX, ID, ID_CONTACT, LAST_NAME, DATE_BIRTH) VALUES ('Филипп', NULL, 'NULL', 'M', '78', '78', 'Сальвадо', TO_DATE('22.1.1981', 'dd.mm.yyyy'));
INSERT INTO PEOPLES (FIRST_NAME, MIDDLE_NAME, SEX, ID, ID_CONTACT, LAST_NAME, DATE_BIRTH) VALUES ('Даниил', NULL, 'NULL', 'M', '79', '79', 'Адамс', TO_DATE('18.7.1987', 'dd.mm.yyyy'));
INSERT INTO PEOPLES (FIRST_NAME, MIDDLE_NAME, SEX, ID, ID_CONTACT, LAST_NAME, DATE_BIRTH) VALUES ('Александра', NULL, 'NULL', 'F', '80', '80', 'Ли', TO_DATE('13.2.1988', 'dd.mm.yyyy'));
INSERT INTO PEOPLES (FIRST_NAME, MIDDLE_NAME, SEX, ID, ID_CONTACT, LAST_NAME, DATE_BIRTH) VALUES ('Мария', NULL, 'NULL', 'F', '81', '81', 'Сальвадо', TO_DATE('7.9.1987', 'dd.mm.yyyy'));
INSERT INTO PEOPLES (FIRST_NAME, MIDDLE_NAME, SEX, ID, ID_CONTACT, LAST_NAME, DATE_BIRTH) VALUES ('Александра', NULL, 'NULL', 'F', '82', '82', 'Берси', TO_DATE('12.1.1977', 'dd.mm.yyyy'));
INSERT INTO PEOPLES (FIRST_NAME, MIDDLE_NAME, SEX, ID, ID_CONTACT, LAST_NAME, DATE_BIRTH) VALUES ('Феликс', NULL, 'NULL', 'M', '83', '83', 'Берси', TO_DATE('25.10.1976', 'dd.mm.yyyy'));
INSERT INTO PEOPLES (FIRST_NAME, MIDDLE_NAME, SEX, ID, ID_CONTACT, LAST_NAME, DATE_BIRTH) VALUES ('Диана', NULL, 'NULL', 'F', '84', '84', 'Ли', TO_DATE('12.7.1981', 'dd.mm.yyyy'));
INSERT INTO PEOPLES (FIRST_NAME, MIDDLE_NAME, SEX, ID, ID_CONTACT, LAST_NAME, DATE_BIRTH) VALUES ('Александр', NULL, 'NULL', 'M', '85', '85', 'Корда', TO_DATE('23.3.1967', 'dd.mm.yyyy'));
INSERT INTO PEOPLES (FIRST_NAME, MIDDLE_NAME, SEX, ID, ID_CONTACT, LAST_NAME, DATE_BIRTH) VALUES ('Феликс', NULL, 'NULL', 'M', '86', '86', 'Корда', TO_DATE('13.1.1950', 'dd.mm.yyyy'));
INSERT INTO PEOPLES (FIRST_NAME, MIDDLE_NAME, SEX, ID, ID_CONTACT, LAST_NAME, DATE_BIRTH) VALUES ('Анна', NULL, 'NULL', 'F', '87', '87', 'Ли', TO_DATE('18.10.1980', 'dd.mm.yyyy'));
INSERT INTO PEOPLES (FIRST_NAME, MIDDLE_NAME, SEX, ID, ID_CONTACT, LAST_NAME, DATE_BIRTH) VALUES ('Беатриса', NULL, 'NULL', 'F', '88', '88', 'Ли', TO_DATE('8.11.1973', 'dd.mm.yyyy'));
INSERT INTO PEOPLES (FIRST_NAME, MIDDLE_NAME, SEX, ID, ID_CONTACT, LAST_NAME, DATE_BIRTH) VALUES ('Павел', NULL, 'NULL', 'M', '89', '89', 'Адамс', TO_DATE('15.9.1981', 'dd.mm.yyyy'));
INSERT INTO PEOPLES (FIRST_NAME, MIDDLE_NAME, SEX, ID, ID_CONTACT, LAST_NAME, DATE_BIRTH) VALUES ('Марк', NULL, 'NULL', 'M', '90', '90', 'Леман', TO_DATE('24.11.1985', 'dd.mm.yyyy'));
INSERT INTO PEOPLES (FIRST_NAME, MIDDLE_NAME, SEX, ID, ID_CONTACT, LAST_NAME, DATE_BIRTH) VALUES ('Роман', NULL, 'NULL', 'M', '91', '91', 'Сальвадо', TO_DATE('7.2.1975', 'dd.mm.yyyy'));
INSERT INTO PEOPLES (FIRST_NAME, MIDDLE_NAME, SEX, ID, ID_CONTACT, LAST_NAME, DATE_BIRTH) VALUES ('Александра', NULL, 'NULL', 'F', '92', '92', 'Кристи', TO_DATE('23.6.1971', 'dd.mm.yyyy'));
INSERT INTO PEOPLES (FIRST_NAME, MIDDLE_NAME, SEX, ID, ID_CONTACT, LAST_NAME, DATE_BIRTH) VALUES ('Мария', NULL, 'NULL', 'F', '93', '93', 'Кристи', TO_DATE('22.4.1945', 'dd.mm.yyyy'));
INSERT INTO PEOPLES (FIRST_NAME, MIDDLE_NAME, SEX, ID, ID_CONTACT, LAST_NAME, DATE_BIRTH) VALUES ('Филипп', NULL, 'NULL', 'M', '94', '94', 'Сальвадо', TO_DATE('16.11.1965', 'dd.mm.yyyy'));
INSERT INTO PEOPLES (FIRST_NAME, MIDDLE_NAME, SEX, ID, ID_CONTACT, LAST_NAME, DATE_BIRTH) VALUES ('Анна', NULL, 'NULL', 'F', '95', '95', 'Далтон', TO_DATE('4.3.1970', 'dd.mm.yyyy'));
INSERT INTO PEOPLES (FIRST_NAME, MIDDLE_NAME, SEX, ID, ID_CONTACT, LAST_NAME, DATE_BIRTH) VALUES ('Анна', NULL, 'NULL', 'F', '96', '96', 'Ли', TO_DATE('9.6.1985', 'dd.mm.yyyy'));
INSERT INTO PEOPLES (FIRST_NAME, MIDDLE_NAME, SEX, ID, ID_CONTACT, LAST_NAME, DATE_BIRTH) VALUES ('Мария', NULL, 'NULL', 'F', '97', '97', 'Ли', TO_DATE('22.7.1940', 'dd.mm.yyyy'));
INSERT INTO PEOPLES (FIRST_NAME, MIDDLE_NAME, SEX, ID, ID_CONTACT, LAST_NAME, DATE_BIRTH) VALUES ('Кирилл', NULL, 'NULL', 'M', '98', '98', 'Кристи', TO_DATE('27.4.1968', 'dd.mm.yyyy'));
INSERT INTO PEOPLES (FIRST_NAME, MIDDLE_NAME, SEX, ID, ID_CONTACT, LAST_NAME, DATE_BIRTH) VALUES ('Мария', NULL, 'NULL', 'F', '99', '99', 'Адамс', TO_DATE('11.11.1974', 'dd.mm.yyyy'));
INSERT INTO PEOPLES (FIRST_NAME, MIDDLE_NAME, SEX, ID, ID_CONTACT, LAST_NAME, DATE_BIRTH) VALUES ('Александр', NULL, 'NULL', 'M', '100', '100', 'Корда', TO_DATE('8.3.1957', 'dd.mm.yyyy'));

--*********************************************
--OFFICES
--*********************************************
INSERT INTO OFFICES (NAME, ID, ID_CONTACT) VALUES ('Франция: офис Тулуза', '1', '101');
INSERT INTO OFFICES (NAME, ID, ID_CONTACT) VALUES ('Греция: офис Пирей', '2', '102');

--*********************************************
--CURRENCY
--*********************************************
INSERT INTO CURRENCY (RATE, DESCRIPTION, ID) VALUES ('1', 'RUB', '1');
INSERT INTO CURRENCY (RATE, DESCRIPTION, ID) VALUES ('42', 'EUR', '2');

--*********************************************
--EMPLOYEES
--*********************************************
INSERT INTO EMPLOYEES (ID_OFFICE, SALARY, DESCRIPTION, ID_PEOPLE, ID, ID_CURRENCY, STATUS, BONUS, POSITION) VALUES ('1', '1500', 'Нет дополнительной информации', '1', '1', '2', 'works', '117', 'Менеджер');
INSERT INTO EMPLOYEES (ID_OFFICE, SALARY, DESCRIPTION, ID_PEOPLE, ID, ID_CURRENCY, STATUS, BONUS, POSITION) VALUES ('2', '1200', 'Нет дополнительной информации', '2', '2', '2', 'works', '0', 'Турагент');
INSERT INTO EMPLOYEES (ID_OFFICE, SALARY, DESCRIPTION, ID_PEOPLE, ID, ID_CURRENCY, STATUS, BONUS, POSITION) VALUES ('1', '1200', 'Нет дополнительной информации', '3', '3', '2', 'works', '0', 'Турагент');
INSERT INTO EMPLOYEES (ID_OFFICE, SALARY, DESCRIPTION, ID_PEOPLE, ID, ID_CURRENCY, STATUS, BONUS, POSITION) VALUES ('2', '1500', 'Нет дополнительной информации', '4', '4', '2', 'works', '120', 'Менеджер');
INSERT INTO EMPLOYEES (ID_OFFICE, SALARY, DESCRIPTION, ID_PEOPLE, ID, ID_CURRENCY, STATUS, BONUS, POSITION) VALUES ('1', '1200', 'Нет дополнительной информации', '5', '5', '2', 'works', '0', 'Турагент');
INSERT INTO EMPLOYEES (ID_OFFICE, SALARY, DESCRIPTION, ID_PEOPLE, ID, ID_CURRENCY, STATUS, BONUS, POSITION) VALUES ('2', '1500', 'Нет дополнительной информации', '6', '6', '2', 'works', '0', 'Менеджер');
INSERT INTO EMPLOYEES (ID_OFFICE, SALARY, DESCRIPTION, ID_PEOPLE, ID, ID_CURRENCY, STATUS, BONUS, POSITION) VALUES ('1', '1200', 'Нет дополнительной информации', '7', '7', '2', 'works', '54', 'Турагент');
INSERT INTO EMPLOYEES (ID_OFFICE, SALARY, DESCRIPTION, ID_PEOPLE, ID, ID_CURRENCY, STATUS, BONUS, POSITION) VALUES ('2', '1500', 'Нет дополнительной информации', '8', '8', '2', 'works', '0', 'Менеджер');
INSERT INTO EMPLOYEES (ID_OFFICE, SALARY, DESCRIPTION, ID_PEOPLE, ID, ID_CURRENCY, STATUS, BONUS, POSITION) VALUES ('1', '1500', 'Нет дополнительной информации', '9', '9', '2', 'works', '49', 'Менеджер');
INSERT INTO EMPLOYEES (ID_OFFICE, SALARY, DESCRIPTION, ID_PEOPLE, ID, ID_CURRENCY, STATUS, BONUS, POSITION) VALUES ('2', '1200', 'Нет дополнительной информации', '10', '10', '2', 'works', '64', 'Турагент');

--*********************************************
--CLIENTS
--*********************************************
INSERT INTO CLIENTS (ID_EMPLOYEE, PERIOD_VALID_VISA, ISSUE_DATA_VISA, ID_PEOPLE, NUMBER_VISA, ID, NUMBER_PASSPORT, SERIAL_PASSPORT) VALUES ('5', TO_DATE('26.2.2019', 'dd.mm.yyyy'), TO_DATE('27.10.2012', 'dd.mm.yyyy'), '11', '4560282594889946', '1', '672625', '3234');
INSERT INTO CLIENTS (ID_EMPLOYEE, PERIOD_VALID_VISA, ISSUE_DATA_VISA, ID_PEOPLE, NUMBER_VISA, ID, NUMBER_PASSPORT, SERIAL_PASSPORT) VALUES ('6', TO_DATE('8.11.2016', 'dd.mm.yyyy'), TO_DATE('18.3.2013', 'dd.mm.yyyy'), '12', '3699717475115477', '2', '209613', '3805');
INSERT INTO CLIENTS (ID_EMPLOYEE, PERIOD_VALID_VISA, ISSUE_DATA_VISA, ID_PEOPLE, NUMBER_VISA, ID, NUMBER_PASSPORT, SERIAL_PASSPORT) VALUES ('9', TO_DATE('26.3.2018', 'dd.mm.yyyy'), TO_DATE('24.5.2013', 'dd.mm.yyyy'), '13', '3890957565161487', '3', '426238', '5721');
INSERT INTO CLIENTS (ID_EMPLOYEE, PERIOD_VALID_VISA, ISSUE_DATA_VISA, ID_PEOPLE, NUMBER_VISA, ID, NUMBER_PASSPORT, SERIAL_PASSPORT) VALUES ('4', TO_DATE('16.11.2019', 'dd.mm.yyyy'), TO_DATE('26.9.2012', 'dd.mm.yyyy'), '14', '5196547646751587', '4', '917238', '6103');
INSERT INTO CLIENTS (ID_EMPLOYEE, PERIOD_VALID_VISA, ISSUE_DATA_VISA, ID_PEOPLE, NUMBER_VISA, ID, NUMBER_PASSPORT, SERIAL_PASSPORT) VALUES ('7', TO_DATE('15.2.2015', 'dd.mm.yyyy'), TO_DATE('10.1.2012', 'dd.mm.yyyy'), '15', '9224600506669386', '5', '549610', '5211');
INSERT INTO CLIENTS (ID_EMPLOYEE, PERIOD_VALID_VISA, ISSUE_DATA_VISA, ID_PEOPLE, NUMBER_VISA, ID, NUMBER_PASSPORT, SERIAL_PASSPORT) VALUES ('4', TO_DATE('20.9.2016', 'dd.mm.yyyy'), TO_DATE('14.11.2013', 'dd.mm.yyyy'), '16', '5757972785070380', '6', '968209', '8920');
INSERT INTO CLIENTS (ID_EMPLOYEE, PERIOD_VALID_VISA, ISSUE_DATA_VISA, ID_PEOPLE, NUMBER_VISA, ID, NUMBER_PASSPORT, SERIAL_PASSPORT) VALUES ('1', TO_DATE('16.11.2019', 'dd.mm.yyyy'), TO_DATE('23.3.2012', 'dd.mm.yyyy'), '17', '7136093808600800', '7', '896101', '7275');
INSERT INTO CLIENTS (ID_EMPLOYEE, PERIOD_VALID_VISA, ISSUE_DATA_VISA, ID_PEOPLE, NUMBER_VISA, ID, NUMBER_PASSPORT, SERIAL_PASSPORT) VALUES ('5', TO_DATE('24.4.2017', 'dd.mm.yyyy'), TO_DATE('20.7.2011', 'dd.mm.yyyy'), '18', '3691697544481052', '8', '167120', '9315');
INSERT INTO CLIENTS (ID_EMPLOYEE, PERIOD_VALID_VISA, ISSUE_DATA_VISA, ID_PEOPLE, NUMBER_VISA, ID, NUMBER_PASSPORT, SERIAL_PASSPORT) VALUES ('8', TO_DATE('6.1.2017', 'dd.mm.yyyy'), TO_DATE('13.4.2013', 'dd.mm.yyyy'), '19', '5526973587988702', '9', '929032', '3465');
INSERT INTO CLIENTS (ID_EMPLOYEE, PERIOD_VALID_VISA, ISSUE_DATA_VISA, ID_PEOPLE, NUMBER_VISA, ID, NUMBER_PASSPORT, SERIAL_PASSPORT) VALUES ('7', TO_DATE('26.9.2015', 'dd.mm.yyyy'), TO_DATE('8.11.2012', 'dd.mm.yyyy'), '20', '9146750699356382', '10', '485040', '1943');
INSERT INTO CLIENTS (ID_EMPLOYEE, PERIOD_VALID_VISA, ISSUE_DATA_VISA, ID_PEOPLE, NUMBER_VISA, ID, NUMBER_PASSPORT, SERIAL_PASSPORT) VALUES ('2', TO_DATE('5.10.2015', 'dd.mm.yyyy'), TO_DATE('18.9.2011', 'dd.mm.yyyy'), '21', '8311869137284430', '11', '430636', '9364');
INSERT INTO CLIENTS (ID_EMPLOYEE, PERIOD_VALID_VISA, ISSUE_DATA_VISA, ID_PEOPLE, NUMBER_VISA, ID, NUMBER_PASSPORT, SERIAL_PASSPORT) VALUES ('9', TO_DATE('3.9.2016', 'dd.mm.yyyy'), TO_DATE('12.5.2011', 'dd.mm.yyyy'), '22', '1600921273038904', '12', '319766', '6153');
INSERT INTO CLIENTS (ID_EMPLOYEE, PERIOD_VALID_VISA, ISSUE_DATA_VISA, ID_PEOPLE, NUMBER_VISA, ID, NUMBER_PASSPORT, SERIAL_PASSPORT) VALUES ('1', TO_DATE('12.3.2016', 'dd.mm.yyyy'), TO_DATE('5.10.2013', 'dd.mm.yyyy'), '23', '7901695322810026', '13', '966267', '5617');
INSERT INTO CLIENTS (ID_EMPLOYEE, PERIOD_VALID_VISA, ISSUE_DATA_VISA, ID_PEOPLE, NUMBER_VISA, ID, NUMBER_PASSPORT, SERIAL_PASSPORT) VALUES ('5', TO_DATE('11.3.2019', 'dd.mm.yyyy'), TO_DATE('17.11.2011', 'dd.mm.yyyy'), '24', '9893172932289434', '14', '926751', '9964');
INSERT INTO CLIENTS (ID_EMPLOYEE, PERIOD_VALID_VISA, ISSUE_DATA_VISA, ID_PEOPLE, NUMBER_VISA, ID, NUMBER_PASSPORT, SERIAL_PASSPORT) VALUES ('5', TO_DATE('26.9.2017', 'dd.mm.yyyy'), TO_DATE('23.5.2011', 'dd.mm.yyyy'), '25', '4211319146940068', '15', '759058', '2521');
INSERT INTO CLIENTS (ID_EMPLOYEE, PERIOD_VALID_VISA, ISSUE_DATA_VISA, ID_PEOPLE, NUMBER_VISA, ID, NUMBER_PASSPORT, SERIAL_PASSPORT) VALUES ('1', TO_DATE('2.1.2016', 'dd.mm.yyyy'), TO_DATE('27.8.2011', 'dd.mm.yyyy'), '26', '5962635640111231', '16', '434398', '9036');
INSERT INTO CLIENTS (ID_EMPLOYEE, PERIOD_VALID_VISA, ISSUE_DATA_VISA, ID_PEOPLE, NUMBER_VISA, ID, NUMBER_PASSPORT, SERIAL_PASSPORT) VALUES ('9', TO_DATE('9.7.2017', 'dd.mm.yyyy'), TO_DATE('15.3.2012', 'dd.mm.yyyy'), '27', '8710767125942053', '17', '667321', '3231');
INSERT INTO CLIENTS (ID_EMPLOYEE, PERIOD_VALID_VISA, ISSUE_DATA_VISA, ID_PEOPLE, NUMBER_VISA, ID, NUMBER_PASSPORT, SERIAL_PASSPORT) VALUES ('8', TO_DATE('22.3.2017', 'dd.mm.yyyy'), TO_DATE('23.7.2012', 'dd.mm.yyyy'), '28', '1444456088539976', '18', '876622', '7191');
INSERT INTO CLIENTS (ID_EMPLOYEE, PERIOD_VALID_VISA, ISSUE_DATA_VISA, ID_PEOPLE, NUMBER_VISA, ID, NUMBER_PASSPORT, SERIAL_PASSPORT) VALUES ('8', TO_DATE('17.5.2016', 'dd.mm.yyyy'), TO_DATE('23.8.2013', 'dd.mm.yyyy'), '29', '1108000447833948', '19', '580457', '1374');
INSERT INTO CLIENTS (ID_EMPLOYEE, PERIOD_VALID_VISA, ISSUE_DATA_VISA, ID_PEOPLE, NUMBER_VISA, ID, NUMBER_PASSPORT, SERIAL_PASSPORT) VALUES ('1', TO_DATE('26.5.2019', 'dd.mm.yyyy'), TO_DATE('5.4.2011', 'dd.mm.yyyy'), '30', '1095282685414516', '20', '840839', '7296');
INSERT INTO CLIENTS (ID_EMPLOYEE, PERIOD_VALID_VISA, ISSUE_DATA_VISA, ID_PEOPLE, NUMBER_VISA, ID, NUMBER_PASSPORT, SERIAL_PASSPORT) VALUES ('4', TO_DATE('11.9.2015', 'dd.mm.yyyy'), TO_DATE('17.7.2011', 'dd.mm.yyyy'), '31', '3295429321542027', '21', '531713', '7133');
INSERT INTO CLIENTS (ID_EMPLOYEE, PERIOD_VALID_VISA, ISSUE_DATA_VISA, ID_PEOPLE, NUMBER_VISA, ID, NUMBER_PASSPORT, SERIAL_PASSPORT) VALUES ('6', TO_DATE('27.7.2017', 'dd.mm.yyyy'), TO_DATE('3.9.2011', 'dd.mm.yyyy'), '32', '7428557519784027', '22', '331635', '8992');
INSERT INTO CLIENTS (ID_EMPLOYEE, PERIOD_VALID_VISA, ISSUE_DATA_VISA, ID_PEOPLE, NUMBER_VISA, ID, NUMBER_PASSPORT, SERIAL_PASSPORT) VALUES ('4', TO_DATE('26.7.2017', 'dd.mm.yyyy'), TO_DATE('24.7.2013', 'dd.mm.yyyy'), '33', '1375659150295372', '23', '511125', '7097');
INSERT INTO CLIENTS (ID_EMPLOYEE, PERIOD_VALID_VISA, ISSUE_DATA_VISA, ID_PEOPLE, NUMBER_VISA, ID, NUMBER_PASSPORT, SERIAL_PASSPORT) VALUES ('2', TO_DATE('26.9.2018', 'dd.mm.yyyy'), TO_DATE('2.7.2012', 'dd.mm.yyyy'), '34', '2630356827312811', '24', '142643', '8508');
INSERT INTO CLIENTS (ID_EMPLOYEE, PERIOD_VALID_VISA, ISSUE_DATA_VISA, ID_PEOPLE, NUMBER_VISA, ID, NUMBER_PASSPORT, SERIAL_PASSPORT) VALUES ('9', TO_DATE('7.10.2015', 'dd.mm.yyyy'), TO_DATE('18.6.2012', 'dd.mm.yyyy'), '35', '9343736587802485', '25', '277138', '8440');
INSERT INTO CLIENTS (ID_EMPLOYEE, PERIOD_VALID_VISA, ISSUE_DATA_VISA, ID_PEOPLE, NUMBER_VISA, ID, NUMBER_PASSPORT, SERIAL_PASSPORT) VALUES ('1', TO_DATE('28.7.2016', 'dd.mm.yyyy'), TO_DATE('7.7.2011', 'dd.mm.yyyy'), '36', '6054222806052729', '26', '686635', '2409');
INSERT INTO CLIENTS (ID_EMPLOYEE, PERIOD_VALID_VISA, ISSUE_DATA_VISA, ID_PEOPLE, NUMBER_VISA, ID, NUMBER_PASSPORT, SERIAL_PASSPORT) VALUES ('3', TO_DATE('23.11.2019', 'dd.mm.yyyy'), TO_DATE('19.4.2011', 'dd.mm.yyyy'), '37', '4916431758840758', '27', '577451', '6239');
INSERT INTO CLIENTS (ID_EMPLOYEE, PERIOD_VALID_VISA, ISSUE_DATA_VISA, ID_PEOPLE, NUMBER_VISA, ID, NUMBER_PASSPORT, SERIAL_PASSPORT) VALUES ('2', TO_DATE('15.4.2017', 'dd.mm.yyyy'), TO_DATE('23.10.2012', 'dd.mm.yyyy'), '38', '7965665313726066', '28', '660316', '1757');
INSERT INTO CLIENTS (ID_EMPLOYEE, PERIOD_VALID_VISA, ISSUE_DATA_VISA, ID_PEOPLE, NUMBER_VISA, ID, NUMBER_PASSPORT, SERIAL_PASSPORT) VALUES ('4', TO_DATE('12.1.2015', 'dd.mm.yyyy'), TO_DATE('20.9.2012', 'dd.mm.yyyy'), '39', '2195760829494044', '29', '150933', '8160');
INSERT INTO CLIENTS (ID_EMPLOYEE, PERIOD_VALID_VISA, ISSUE_DATA_VISA, ID_PEOPLE, NUMBER_VISA, ID, NUMBER_PASSPORT, SERIAL_PASSPORT) VALUES ('10', TO_DATE('20.10.2015', 'dd.mm.yyyy'), TO_DATE('4.1.2011', 'dd.mm.yyyy'), '40', '7841355946781882', '30', '902498', '1952');
INSERT INTO CLIENTS (ID_EMPLOYEE, PERIOD_VALID_VISA, ISSUE_DATA_VISA, ID_PEOPLE, NUMBER_VISA, ID, NUMBER_PASSPORT, SERIAL_PASSPORT) VALUES ('10', TO_DATE('1.9.2019', 'dd.mm.yyyy'), TO_DATE('21.6.2011', 'dd.mm.yyyy'), '41', '6696767859936940', '31', '882890', '3504');
INSERT INTO CLIENTS (ID_EMPLOYEE, PERIOD_VALID_VISA, ISSUE_DATA_VISA, ID_PEOPLE, NUMBER_VISA, ID, NUMBER_PASSPORT, SERIAL_PASSPORT) VALUES ('8', TO_DATE('26.11.2016', 'dd.mm.yyyy'), TO_DATE('12.4.2011', 'dd.mm.yyyy'), '42', '2330811166516461', '32', '861611', '5254');
INSERT INTO CLIENTS (ID_EMPLOYEE, PERIOD_VALID_VISA, ISSUE_DATA_VISA, ID_PEOPLE, NUMBER_VISA, ID, NUMBER_PASSPORT, SERIAL_PASSPORT) VALUES ('3', TO_DATE('13.2.2015', 'dd.mm.yyyy'), TO_DATE('5.2.2013', 'dd.mm.yyyy'), '43', '2522930929769164', '33', '831915', '4635');
INSERT INTO CLIENTS (ID_EMPLOYEE, PERIOD_VALID_VISA, ISSUE_DATA_VISA, ID_PEOPLE, NUMBER_VISA, ID, NUMBER_PASSPORT, SERIAL_PASSPORT) VALUES ('6', TO_DATE('6.1.2019', 'dd.mm.yyyy'), TO_DATE('14.5.2011', 'dd.mm.yyyy'), '44', '3140049090223309', '34', '156474', '7201');
INSERT INTO CLIENTS (ID_EMPLOYEE, PERIOD_VALID_VISA, ISSUE_DATA_VISA, ID_PEOPLE, NUMBER_VISA, ID, NUMBER_PASSPORT, SERIAL_PASSPORT) VALUES ('7', TO_DATE('6.1.2017', 'dd.mm.yyyy'), TO_DATE('27.10.2011', 'dd.mm.yyyy'), '45', '6706553166053902', '35', '768449', '7352');
INSERT INTO CLIENTS (ID_EMPLOYEE, PERIOD_VALID_VISA, ISSUE_DATA_VISA, ID_PEOPLE, NUMBER_VISA, ID, NUMBER_PASSPORT, SERIAL_PASSPORT) VALUES ('3', TO_DATE('23.1.2016', 'dd.mm.yyyy'), TO_DATE('17.3.2013', 'dd.mm.yyyy'), '46', '9281965406462264', '36', '818285', '2548');
INSERT INTO CLIENTS (ID_EMPLOYEE, PERIOD_VALID_VISA, ISSUE_DATA_VISA, ID_PEOPLE, NUMBER_VISA, ID, NUMBER_PASSPORT, SERIAL_PASSPORT) VALUES ('1', TO_DATE('25.8.2016', 'dd.mm.yyyy'), TO_DATE('4.6.2013', 'dd.mm.yyyy'), '47', '8456349316972868', '37', '443228', '5533');
INSERT INTO CLIENTS (ID_EMPLOYEE, PERIOD_VALID_VISA, ISSUE_DATA_VISA, ID_PEOPLE, NUMBER_VISA, ID, NUMBER_PASSPORT, SERIAL_PASSPORT) VALUES ('4', TO_DATE('6.10.2019', 'dd.mm.yyyy'), TO_DATE('10.2.2013', 'dd.mm.yyyy'), '48', '4055247016422781', '38', '677744', '5265');
INSERT INTO CLIENTS (ID_EMPLOYEE, PERIOD_VALID_VISA, ISSUE_DATA_VISA, ID_PEOPLE, NUMBER_VISA, ID, NUMBER_PASSPORT, SERIAL_PASSPORT) VALUES ('4', TO_DATE('5.5.2015', 'dd.mm.yyyy'), TO_DATE('14.1.2011', 'dd.mm.yyyy'), '49', '5556859143574897', '39', '293606', '5068');
INSERT INTO CLIENTS (ID_EMPLOYEE, PERIOD_VALID_VISA, ISSUE_DATA_VISA, ID_PEOPLE, NUMBER_VISA, ID, NUMBER_PASSPORT, SERIAL_PASSPORT) VALUES ('1', TO_DATE('18.11.2017', 'dd.mm.yyyy'), TO_DATE('2.7.2013', 'dd.mm.yyyy'), '50', '9300342512970939', '40', '995592', '4182');
INSERT INTO CLIENTS (ID_EMPLOYEE, PERIOD_VALID_VISA, ISSUE_DATA_VISA, ID_PEOPLE, NUMBER_VISA, ID, NUMBER_PASSPORT, SERIAL_PASSPORT) VALUES ('8', TO_DATE('21.5.2017', 'dd.mm.yyyy'), TO_DATE('20.2.2013', 'dd.mm.yyyy'), '51', '8907973859513545', '41', '925029', '9926');
INSERT INTO CLIENTS (ID_EMPLOYEE, PERIOD_VALID_VISA, ISSUE_DATA_VISA, ID_PEOPLE, NUMBER_VISA, ID, NUMBER_PASSPORT, SERIAL_PASSPORT) VALUES ('1', TO_DATE('17.8.2018', 'dd.mm.yyyy'), TO_DATE('15.2.2011', 'dd.mm.yyyy'), '52', '9542946388703208', '42', '966114', '2222');
INSERT INTO CLIENTS (ID_EMPLOYEE, PERIOD_VALID_VISA, ISSUE_DATA_VISA, ID_PEOPLE, NUMBER_VISA, ID, NUMBER_PASSPORT, SERIAL_PASSPORT) VALUES ('2', TO_DATE('9.4.2015', 'dd.mm.yyyy'), TO_DATE('13.4.2013', 'dd.mm.yyyy'), '53', '4787295717623428', '43', '500086', '7703');
INSERT INTO CLIENTS (ID_EMPLOYEE, PERIOD_VALID_VISA, ISSUE_DATA_VISA, ID_PEOPLE, NUMBER_VISA, ID, NUMBER_PASSPORT, SERIAL_PASSPORT) VALUES ('5', TO_DATE('27.7.2016', 'dd.mm.yyyy'), TO_DATE('28.3.2012', 'dd.mm.yyyy'), '54', '8527830648960320', '44', '726227', '9456');
INSERT INTO CLIENTS (ID_EMPLOYEE, PERIOD_VALID_VISA, ISSUE_DATA_VISA, ID_PEOPLE, NUMBER_VISA, ID, NUMBER_PASSPORT, SERIAL_PASSPORT) VALUES ('2', TO_DATE('25.8.2016', 'dd.mm.yyyy'), TO_DATE('13.2.2013', 'dd.mm.yyyy'), '55', '3990553413412194', '45', '726501', '6232');
INSERT INTO CLIENTS (ID_EMPLOYEE, PERIOD_VALID_VISA, ISSUE_DATA_VISA, ID_PEOPLE, NUMBER_VISA, ID, NUMBER_PASSPORT, SERIAL_PASSPORT) VALUES ('9', TO_DATE('21.4.2017', 'dd.mm.yyyy'), TO_DATE('2.5.2013', 'dd.mm.yyyy'), '56', '8155122456386867', '46', '203028', '9316');
INSERT INTO CLIENTS (ID_EMPLOYEE, PERIOD_VALID_VISA, ISSUE_DATA_VISA, ID_PEOPLE, NUMBER_VISA, ID, NUMBER_PASSPORT, SERIAL_PASSPORT) VALUES ('5', TO_DATE('10.3.2015', 'dd.mm.yyyy'), TO_DATE('25.6.2011', 'dd.mm.yyyy'), '57', '3394375412241031', '47', '258423', '3504');
INSERT INTO CLIENTS (ID_EMPLOYEE, PERIOD_VALID_VISA, ISSUE_DATA_VISA, ID_PEOPLE, NUMBER_VISA, ID, NUMBER_PASSPORT, SERIAL_PASSPORT) VALUES ('7', TO_DATE('1.11.2019', 'dd.mm.yyyy'), TO_DATE('15.9.2012', 'dd.mm.yyyy'), '58', '2064067908211613', '48', '831882', '9529');
INSERT INTO CLIENTS (ID_EMPLOYEE, PERIOD_VALID_VISA, ISSUE_DATA_VISA, ID_PEOPLE, NUMBER_VISA, ID, NUMBER_PASSPORT, SERIAL_PASSPORT) VALUES ('7', TO_DATE('11.7.2018', 'dd.mm.yyyy'), TO_DATE('25.1.2012', 'dd.mm.yyyy'), '59', '6361858181011582', '49', '573388', '8820');
INSERT INTO CLIENTS (ID_EMPLOYEE, PERIOD_VALID_VISA, ISSUE_DATA_VISA, ID_PEOPLE, NUMBER_VISA, ID, NUMBER_PASSPORT, SERIAL_PASSPORT) VALUES ('9', TO_DATE('13.5.2016', 'dd.mm.yyyy'), TO_DATE('12.5.2012', 'dd.mm.yyyy'), '60', '2908424571342569', '50', '781818', '9697');
INSERT INTO CLIENTS (ID_EMPLOYEE, PERIOD_VALID_VISA, ISSUE_DATA_VISA, ID_PEOPLE, NUMBER_VISA, ID, NUMBER_PASSPORT, SERIAL_PASSPORT) VALUES ('4', TO_DATE('7.5.2019', 'dd.mm.yyyy'), TO_DATE('20.10.2012', 'dd.mm.yyyy'), '61', '4965720923889725', '51', '142798', '8266');
INSERT INTO CLIENTS (ID_EMPLOYEE, PERIOD_VALID_VISA, ISSUE_DATA_VISA, ID_PEOPLE, NUMBER_VISA, ID, NUMBER_PASSPORT, SERIAL_PASSPORT) VALUES ('4', TO_DATE('15.3.2015', 'dd.mm.yyyy'), TO_DATE('2.2.2013', 'dd.mm.yyyy'), '62', '9299609257910847', '52', '796616', '5699');
INSERT INTO CLIENTS (ID_EMPLOYEE, PERIOD_VALID_VISA, ISSUE_DATA_VISA, ID_PEOPLE, NUMBER_VISA, ID, NUMBER_PASSPORT, SERIAL_PASSPORT) VALUES ('2', TO_DATE('7.11.2019', 'dd.mm.yyyy'), TO_DATE('25.1.2013', 'dd.mm.yyyy'), '63', '7298388447891220', '53', '770536', '3289');
INSERT INTO CLIENTS (ID_EMPLOYEE, PERIOD_VALID_VISA, ISSUE_DATA_VISA, ID_PEOPLE, NUMBER_VISA, ID, NUMBER_PASSPORT, SERIAL_PASSPORT) VALUES ('4', TO_DATE('10.10.2019', 'dd.mm.yyyy'), TO_DATE('22.11.2011', 'dd.mm.yyyy'), '64', '9281420098038748', '54', '804632', '7545');
INSERT INTO CLIENTS (ID_EMPLOYEE, PERIOD_VALID_VISA, ISSUE_DATA_VISA, ID_PEOPLE, NUMBER_VISA, ID, NUMBER_PASSPORT, SERIAL_PASSPORT) VALUES ('1', TO_DATE('7.4.2019', 'dd.mm.yyyy'), TO_DATE('6.10.2013', 'dd.mm.yyyy'), '65', '3492225126734683', '55', '720550', '3783');
INSERT INTO CLIENTS (ID_EMPLOYEE, PERIOD_VALID_VISA, ISSUE_DATA_VISA, ID_PEOPLE, NUMBER_VISA, ID, NUMBER_PASSPORT, SERIAL_PASSPORT) VALUES ('5', TO_DATE('21.7.2016', 'dd.mm.yyyy'), TO_DATE('28.1.2012', 'dd.mm.yyyy'), '66', '6102053475395597', '56', '369366', '2168');
INSERT INTO CLIENTS (ID_EMPLOYEE, PERIOD_VALID_VISA, ISSUE_DATA_VISA, ID_PEOPLE, NUMBER_VISA, ID, NUMBER_PASSPORT, SERIAL_PASSPORT) VALUES ('6', TO_DATE('9.3.2018', 'dd.mm.yyyy'), TO_DATE('12.11.2011', 'dd.mm.yyyy'), '67', '1973730184958043', '57', '412789', '7241');
INSERT INTO CLIENTS (ID_EMPLOYEE, PERIOD_VALID_VISA, ISSUE_DATA_VISA, ID_PEOPLE, NUMBER_VISA, ID, NUMBER_PASSPORT, SERIAL_PASSPORT) VALUES ('3', TO_DATE('8.10.2018', 'dd.mm.yyyy'), TO_DATE('3.2.2011', 'dd.mm.yyyy'), '68', '8666117489485123', '58', '317517', '9172');
INSERT INTO CLIENTS (ID_EMPLOYEE, PERIOD_VALID_VISA, ISSUE_DATA_VISA, ID_PEOPLE, NUMBER_VISA, ID, NUMBER_PASSPORT, SERIAL_PASSPORT) VALUES ('9', TO_DATE('16.1.2017', 'dd.mm.yyyy'), TO_DATE('23.3.2013', 'dd.mm.yyyy'), '69', '4751422468089503', '59', '175014', '2537');
INSERT INTO CLIENTS (ID_EMPLOYEE, PERIOD_VALID_VISA, ISSUE_DATA_VISA, ID_PEOPLE, NUMBER_VISA, ID, NUMBER_PASSPORT, SERIAL_PASSPORT) VALUES ('5', TO_DATE('26.2.2017', 'dd.mm.yyyy'), TO_DATE('22.2.2011', 'dd.mm.yyyy'), '70', '6131290116933320', '60', '455368', '8509');
INSERT INTO CLIENTS (ID_EMPLOYEE, PERIOD_VALID_VISA, ISSUE_DATA_VISA, ID_PEOPLE, NUMBER_VISA, ID, NUMBER_PASSPORT, SERIAL_PASSPORT) VALUES ('8', TO_DATE('23.1.2015', 'dd.mm.yyyy'), TO_DATE('11.5.2011', 'dd.mm.yyyy'), '71', '5727318787719484', '61', '557256', '6232');
INSERT INTO CLIENTS (ID_EMPLOYEE, PERIOD_VALID_VISA, ISSUE_DATA_VISA, ID_PEOPLE, NUMBER_VISA, ID, NUMBER_PASSPORT, SERIAL_PASSPORT) VALUES ('3', TO_DATE('11.4.2017', 'dd.mm.yyyy'), TO_DATE('6.9.2011', 'dd.mm.yyyy'), '72', '1425043498890954', '62', '362711', '1516');
INSERT INTO CLIENTS (ID_EMPLOYEE, PERIOD_VALID_VISA, ISSUE_DATA_VISA, ID_PEOPLE, NUMBER_VISA, ID, NUMBER_PASSPORT, SERIAL_PASSPORT) VALUES ('3', TO_DATE('27.8.2019', 'dd.mm.yyyy'), TO_DATE('28.6.2013', 'dd.mm.yyyy'), '73', '6750511936066106', '63', '846102', '6510');
INSERT INTO CLIENTS (ID_EMPLOYEE, PERIOD_VALID_VISA, ISSUE_DATA_VISA, ID_PEOPLE, NUMBER_VISA, ID, NUMBER_PASSPORT, SERIAL_PASSPORT) VALUES ('5', TO_DATE('29.1.2015', 'dd.mm.yyyy'), TO_DATE('4.9.2012', 'dd.mm.yyyy'), '74', '3716962611639507', '64', '476176', '7374');
INSERT INTO CLIENTS (ID_EMPLOYEE, PERIOD_VALID_VISA, ISSUE_DATA_VISA, ID_PEOPLE, NUMBER_VISA, ID, NUMBER_PASSPORT, SERIAL_PASSPORT) VALUES ('3', TO_DATE('15.8.2018', 'dd.mm.yyyy'), TO_DATE('25.9.2012', 'dd.mm.yyyy'), '75', '6981885556025074', '65', '149151', '8090');
INSERT INTO CLIENTS (ID_EMPLOYEE, PERIOD_VALID_VISA, ISSUE_DATA_VISA, ID_PEOPLE, NUMBER_VISA, ID, NUMBER_PASSPORT, SERIAL_PASSPORT) VALUES ('2', TO_DATE('7.11.2019', 'dd.mm.yyyy'), TO_DATE('7.9.2012', 'dd.mm.yyyy'), '76', '3486586026970960', '66', '321496', '3868');
INSERT INTO CLIENTS (ID_EMPLOYEE, PERIOD_VALID_VISA, ISSUE_DATA_VISA, ID_PEOPLE, NUMBER_VISA, ID, NUMBER_PASSPORT, SERIAL_PASSPORT) VALUES ('1', TO_DATE('22.7.2018', 'dd.mm.yyyy'), TO_DATE('1.11.2012', 'dd.mm.yyyy'), '77', '5643580172042063', '67', '228215', '2671');
INSERT INTO CLIENTS (ID_EMPLOYEE, PERIOD_VALID_VISA, ISSUE_DATA_VISA, ID_PEOPLE, NUMBER_VISA, ID, NUMBER_PASSPORT, SERIAL_PASSPORT) VALUES ('3', TO_DATE('11.8.2016', 'dd.mm.yyyy'), TO_DATE('16.11.2013', 'dd.mm.yyyy'), '78', '7428572430452634', '68', '422483', '4800');
INSERT INTO CLIENTS (ID_EMPLOYEE, PERIOD_VALID_VISA, ISSUE_DATA_VISA, ID_PEOPLE, NUMBER_VISA, ID, NUMBER_PASSPORT, SERIAL_PASSPORT) VALUES ('8', TO_DATE('8.10.2015', 'dd.mm.yyyy'), TO_DATE('6.9.2011', 'dd.mm.yyyy'), '79', '5551451190689554', '69', '148048', '7817');
INSERT INTO CLIENTS (ID_EMPLOYEE, PERIOD_VALID_VISA, ISSUE_DATA_VISA, ID_PEOPLE, NUMBER_VISA, ID, NUMBER_PASSPORT, SERIAL_PASSPORT) VALUES ('2', TO_DATE('12.9.2017', 'dd.mm.yyyy'), TO_DATE('11.10.2013', 'dd.mm.yyyy'), '80', '9667271338895841', '70', '907998', '1588');
INSERT INTO CLIENTS (ID_EMPLOYEE, PERIOD_VALID_VISA, ISSUE_DATA_VISA, ID_PEOPLE, NUMBER_VISA, ID, NUMBER_PASSPORT, SERIAL_PASSPORT) VALUES ('9', TO_DATE('17.8.2018', 'dd.mm.yyyy'), TO_DATE('26.6.2011', 'dd.mm.yyyy'), '81', '7198947254126256', '71', '970628', '1941');
INSERT INTO CLIENTS (ID_EMPLOYEE, PERIOD_VALID_VISA, ISSUE_DATA_VISA, ID_PEOPLE, NUMBER_VISA, ID, NUMBER_PASSPORT, SERIAL_PASSPORT) VALUES ('1', TO_DATE('1.5.2016', 'dd.mm.yyyy'), TO_DATE('28.7.2013', 'dd.mm.yyyy'), '82', '6518327150206995', '72', '745121', '9981');
INSERT INTO CLIENTS (ID_EMPLOYEE, PERIOD_VALID_VISA, ISSUE_DATA_VISA, ID_PEOPLE, NUMBER_VISA, ID, NUMBER_PASSPORT, SERIAL_PASSPORT) VALUES ('9', TO_DATE('22.7.2018', 'dd.mm.yyyy'), TO_DATE('23.2.2011', 'dd.mm.yyyy'), '83', '4092466691228913', '73', '938581', '7385');
INSERT INTO CLIENTS (ID_EMPLOYEE, PERIOD_VALID_VISA, ISSUE_DATA_VISA, ID_PEOPLE, NUMBER_VISA, ID, NUMBER_PASSPORT, SERIAL_PASSPORT) VALUES ('10', TO_DATE('14.1.2017', 'dd.mm.yyyy'), TO_DATE('23.2.2011', 'dd.mm.yyyy'), '84', '4242295147382074', '74', '257640', '8208');
INSERT INTO CLIENTS (ID_EMPLOYEE, PERIOD_VALID_VISA, ISSUE_DATA_VISA, ID_PEOPLE, NUMBER_VISA, ID, NUMBER_PASSPORT, SERIAL_PASSPORT) VALUES ('8', TO_DATE('11.2.2018', 'dd.mm.yyyy'), TO_DATE('22.3.2012', 'dd.mm.yyyy'), '85', '8012578051022365', '75', '202417', '6584');
INSERT INTO CLIENTS (ID_EMPLOYEE, PERIOD_VALID_VISA, ISSUE_DATA_VISA, ID_PEOPLE, NUMBER_VISA, ID, NUMBER_PASSPORT, SERIAL_PASSPORT) VALUES ('7', TO_DATE('11.2.2019', 'dd.mm.yyyy'), TO_DATE('14.8.2012', 'dd.mm.yyyy'), '86', '5507448278497509', '76', '855049', '2443');
INSERT INTO CLIENTS (ID_EMPLOYEE, PERIOD_VALID_VISA, ISSUE_DATA_VISA, ID_PEOPLE, NUMBER_VISA, ID, NUMBER_PASSPORT, SERIAL_PASSPORT) VALUES ('8', TO_DATE('19.4.2019', 'dd.mm.yyyy'), TO_DATE('2.4.2012', 'dd.mm.yyyy'), '87', '4748857930548583', '77', '335736', '5480');
INSERT INTO CLIENTS (ID_EMPLOYEE, PERIOD_VALID_VISA, ISSUE_DATA_VISA, ID_PEOPLE, NUMBER_VISA, ID, NUMBER_PASSPORT, SERIAL_PASSPORT) VALUES ('10', TO_DATE('21.3.2019', 'dd.mm.yyyy'), TO_DATE('28.11.2011', 'dd.mm.yyyy'), '88', '9761830722100049', '78', '464428', '9071');
INSERT INTO CLIENTS (ID_EMPLOYEE, PERIOD_VALID_VISA, ISSUE_DATA_VISA, ID_PEOPLE, NUMBER_VISA, ID, NUMBER_PASSPORT, SERIAL_PASSPORT) VALUES ('1', TO_DATE('28.6.2015', 'dd.mm.yyyy'), TO_DATE('8.1.2011', 'dd.mm.yyyy'), '89', '8216876315022857', '79', '188583', '9221');
INSERT INTO CLIENTS (ID_EMPLOYEE, PERIOD_VALID_VISA, ISSUE_DATA_VISA, ID_PEOPLE, NUMBER_VISA, ID, NUMBER_PASSPORT, SERIAL_PASSPORT) VALUES ('8', TO_DATE('24.9.2016', 'dd.mm.yyyy'), TO_DATE('12.8.2012', 'dd.mm.yyyy'), '90', '3118755110979593', '80', '475634', '6830');
INSERT INTO CLIENTS (ID_EMPLOYEE, PERIOD_VALID_VISA, ISSUE_DATA_VISA, ID_PEOPLE, NUMBER_VISA, ID, NUMBER_PASSPORT, SERIAL_PASSPORT) VALUES ('7', TO_DATE('27.11.2019', 'dd.mm.yyyy'), TO_DATE('26.10.2011', 'dd.mm.yyyy'), '91', '4485901055154330', '81', '125192', '4069');
INSERT INTO CLIENTS (ID_EMPLOYEE, PERIOD_VALID_VISA, ISSUE_DATA_VISA, ID_PEOPLE, NUMBER_VISA, ID, NUMBER_PASSPORT, SERIAL_PASSPORT) VALUES ('8', TO_DATE('4.8.2016', 'dd.mm.yyyy'), TO_DATE('12.2.2012', 'dd.mm.yyyy'), '92', '3914434525096423', '82', '212509', '7728');
INSERT INTO CLIENTS (ID_EMPLOYEE, PERIOD_VALID_VISA, ISSUE_DATA_VISA, ID_PEOPLE, NUMBER_VISA, ID, NUMBER_PASSPORT, SERIAL_PASSPORT) VALUES ('3', TO_DATE('21.5.2015', 'dd.mm.yyyy'), TO_DATE('14.11.2012', 'dd.mm.yyyy'), '93', '5464424008861986', '83', '282947', '7570');
INSERT INTO CLIENTS (ID_EMPLOYEE, PERIOD_VALID_VISA, ISSUE_DATA_VISA, ID_PEOPLE, NUMBER_VISA, ID, NUMBER_PASSPORT, SERIAL_PASSPORT) VALUES ('3', TO_DATE('4.6.2019', 'dd.mm.yyyy'), TO_DATE('12.7.2011', 'dd.mm.yyyy'), '94', '1575143528220286', '84', '798893', '2692');
INSERT INTO CLIENTS (ID_EMPLOYEE, PERIOD_VALID_VISA, ISSUE_DATA_VISA, ID_PEOPLE, NUMBER_VISA, ID, NUMBER_PASSPORT, SERIAL_PASSPORT) VALUES ('3', TO_DATE('22.10.2018', 'dd.mm.yyyy'), TO_DATE('10.6.2013', 'dd.mm.yyyy'), '95', '8239120348679402', '85', '411936', '4469');
INSERT INTO CLIENTS (ID_EMPLOYEE, PERIOD_VALID_VISA, ISSUE_DATA_VISA, ID_PEOPLE, NUMBER_VISA, ID, NUMBER_PASSPORT, SERIAL_PASSPORT) VALUES ('6', TO_DATE('3.5.2018', 'dd.mm.yyyy'), TO_DATE('5.9.2012', 'dd.mm.yyyy'), '96', '9575573314544639', '86', '150546', '5704');
INSERT INTO CLIENTS (ID_EMPLOYEE, PERIOD_VALID_VISA, ISSUE_DATA_VISA, ID_PEOPLE, NUMBER_VISA, ID, NUMBER_PASSPORT, SERIAL_PASSPORT) VALUES ('5', TO_DATE('16.6.2019', 'dd.mm.yyyy'), TO_DATE('12.5.2013', 'dd.mm.yyyy'), '97', '8349472760476862', '87', '776241', '6505');
INSERT INTO CLIENTS (ID_EMPLOYEE, PERIOD_VALID_VISA, ISSUE_DATA_VISA, ID_PEOPLE, NUMBER_VISA, ID, NUMBER_PASSPORT, SERIAL_PASSPORT) VALUES ('5', TO_DATE('20.9.2017', 'dd.mm.yyyy'), TO_DATE('9.4.2011', 'dd.mm.yyyy'), '98', '7609373523181018', '88', '189551', '2535');
INSERT INTO CLIENTS (ID_EMPLOYEE, PERIOD_VALID_VISA, ISSUE_DATA_VISA, ID_PEOPLE, NUMBER_VISA, ID, NUMBER_PASSPORT, SERIAL_PASSPORT) VALUES ('2', TO_DATE('8.2.2017', 'dd.mm.yyyy'), TO_DATE('29.3.2013', 'dd.mm.yyyy'), '99', '1524697836735793', '89', '620920', '3773');
INSERT INTO CLIENTS (ID_EMPLOYEE, PERIOD_VALID_VISA, ISSUE_DATA_VISA, ID_PEOPLE, NUMBER_VISA, ID, NUMBER_PASSPORT, SERIAL_PASSPORT) VALUES ('6', TO_DATE('5.10.2015', 'dd.mm.yyyy'), TO_DATE('1.8.2013', 'dd.mm.yyyy'), '100', '1533017666109766', '90', '395114', '4864');

--*********************************************
--USERS
--*********************************************
INSERT INTO USERS (LOGIN, ROLE, HASH_PASSWD, ID_PEOPLE, ID) VALUES ('qweqwe2', 'EMPLOYEE', '%EF%BF%BD%EF%BF%BD9%EF%BF%BD%27%EF%BF%BD%EF%BF%BD%1B.%EF%BF%BD%EF%BF%BD+%7F%EF%BF%BD%26c', '1', '1');
INSERT INTO USERS (LOGIN, ROLE, HASH_PASSWD, ID_PEOPLE, ID) VALUES ('qweqwe3', 'EMPLOYEE', '%EF%BF%BD%EF%BF%BD9%EF%BF%BD%27%EF%BF%BD%EF%BF%BD%1B.%EF%BF%BD%EF%BF%BD+%7F%EF%BF%BD%26c', '2', '2');
INSERT INTO USERS (LOGIN, ROLE, HASH_PASSWD, ID_PEOPLE, ID) VALUES ('qweqwe4', 'EMPLOYEE', '%EF%BF%BD%EF%BF%BD9%EF%BF%BD%27%EF%BF%BD%EF%BF%BD%1B.%EF%BF%BD%EF%BF%BD+%7F%EF%BF%BD%26c', '3', '3');
INSERT INTO USERS (LOGIN, ROLE, HASH_PASSWD, ID_PEOPLE, ID) VALUES ('qweqwe5', 'EMPLOYEE', '%EF%BF%BD%EF%BF%BD9%EF%BF%BD%27%EF%BF%BD%EF%BF%BD%1B.%EF%BF%BD%EF%BF%BD+%7F%EF%BF%BD%26c', '4', '4');
INSERT INTO USERS (LOGIN, ROLE, HASH_PASSWD, ID_PEOPLE, ID) VALUES ('qweqwe6', 'EMPLOYEE', '%EF%BF%BD%EF%BF%BD9%EF%BF%BD%27%EF%BF%BD%EF%BF%BD%1B.%EF%BF%BD%EF%BF%BD+%7F%EF%BF%BD%26c', '5', '5');
INSERT INTO USERS (LOGIN, ROLE, HASH_PASSWD, ID_PEOPLE, ID) VALUES ('qweqwe7', 'EMPLOYEE', '%EF%BF%BD%EF%BF%BD9%EF%BF%BD%27%EF%BF%BD%EF%BF%BD%1B.%EF%BF%BD%EF%BF%BD+%7F%EF%BF%BD%26c', '6', '6');
INSERT INTO USERS (LOGIN, ROLE, HASH_PASSWD, ID_PEOPLE, ID) VALUES ('qweqwe8', 'EMPLOYEE', '%EF%BF%BD%EF%BF%BD9%EF%BF%BD%27%EF%BF%BD%EF%BF%BD%1B.%EF%BF%BD%EF%BF%BD+%7F%EF%BF%BD%26c', '7', '7');
INSERT INTO USERS (LOGIN, ROLE, HASH_PASSWD, ID_PEOPLE, ID) VALUES ('qweqwe9', 'EMPLOYEE', '%EF%BF%BD%EF%BF%BD9%EF%BF%BD%27%EF%BF%BD%EF%BF%BD%1B.%EF%BF%BD%EF%BF%BD+%7F%EF%BF%BD%26c', '8', '8');
INSERT INTO USERS (LOGIN, ROLE, HASH_PASSWD, ID_PEOPLE, ID) VALUES ('qweqwe10', 'EMPLOYEE', '%EF%BF%BD%EF%BF%BD9%EF%BF%BD%27%EF%BF%BD%EF%BF%BD%1B.%EF%BF%BD%EF%BF%BD+%7F%EF%BF%BD%26c', '9', '9');
INSERT INTO USERS (LOGIN, ROLE, HASH_PASSWD, ID_PEOPLE, ID) VALUES ('qweqwe11', 'EMPLOYEE', '%EF%BF%BD%EF%BF%BD9%EF%BF%BD%27%EF%BF%BD%EF%BF%BD%1B.%EF%BF%BD%EF%BF%BD+%7F%EF%BF%BD%26c', '10', '10');
INSERT INTO USERS (LOGIN, ROLE, HASH_PASSWD, ID_PEOPLE, ID) VALUES ('qweqwe12', 'USER', '%EF%BF%BD%EF%BF%BD9%EF%BF%BD%27%EF%BF%BD%EF%BF%BD%1B.%EF%BF%BD%EF%BF%BD+%7F%EF%BF%BD%26c', '11', '11');
INSERT INTO USERS (LOGIN, ROLE, HASH_PASSWD, ID_PEOPLE, ID) VALUES ('qweqwe13', 'USER', '%EF%BF%BD%EF%BF%BD9%EF%BF%BD%27%EF%BF%BD%EF%BF%BD%1B.%EF%BF%BD%EF%BF%BD+%7F%EF%BF%BD%26c', '12', '12');
INSERT INTO USERS (LOGIN, ROLE, HASH_PASSWD, ID_PEOPLE, ID) VALUES ('qweqwe14', 'USER', '%EF%BF%BD%EF%BF%BD9%EF%BF%BD%27%EF%BF%BD%EF%BF%BD%1B.%EF%BF%BD%EF%BF%BD+%7F%EF%BF%BD%26c', '13', '13');
INSERT INTO USERS (LOGIN, ROLE, HASH_PASSWD, ID_PEOPLE, ID) VALUES ('qweqwe15', 'USER', '%EF%BF%BD%EF%BF%BD9%EF%BF%BD%27%EF%BF%BD%EF%BF%BD%1B.%EF%BF%BD%EF%BF%BD+%7F%EF%BF%BD%26c', '14', '14');
INSERT INTO USERS (LOGIN, ROLE, HASH_PASSWD, ID_PEOPLE, ID) VALUES ('qweqwe16', 'USER', '%EF%BF%BD%EF%BF%BD9%EF%BF%BD%27%EF%BF%BD%EF%BF%BD%1B.%EF%BF%BD%EF%BF%BD+%7F%EF%BF%BD%26c', '15', '15');
INSERT INTO USERS (LOGIN, ROLE, HASH_PASSWD, ID_PEOPLE, ID) VALUES ('qweqwe17', 'USER', '%EF%BF%BD%EF%BF%BD9%EF%BF%BD%27%EF%BF%BD%EF%BF%BD%1B.%EF%BF%BD%EF%BF%BD+%7F%EF%BF%BD%26c', '16', '16');
INSERT INTO USERS (LOGIN, ROLE, HASH_PASSWD, ID_PEOPLE, ID) VALUES ('qweqwe18', 'USER', '%EF%BF%BD%EF%BF%BD9%EF%BF%BD%27%EF%BF%BD%EF%BF%BD%1B.%EF%BF%BD%EF%BF%BD+%7F%EF%BF%BD%26c', '17', '17');
INSERT INTO USERS (LOGIN, ROLE, HASH_PASSWD, ID_PEOPLE, ID) VALUES ('qweqwe19', 'USER', '%EF%BF%BD%EF%BF%BD9%EF%BF%BD%27%EF%BF%BD%EF%BF%BD%1B.%EF%BF%BD%EF%BF%BD+%7F%EF%BF%BD%26c', '18', '18');
INSERT INTO USERS (LOGIN, ROLE, HASH_PASSWD, ID_PEOPLE, ID) VALUES ('qweqwe20', 'USER', '%EF%BF%BD%EF%BF%BD9%EF%BF%BD%27%EF%BF%BD%EF%BF%BD%1B.%EF%BF%BD%EF%BF%BD+%7F%EF%BF%BD%26c', '19', '19');
INSERT INTO USERS (LOGIN, ROLE, HASH_PASSWD, ID_PEOPLE, ID) VALUES ('qweqwe21', 'USER', '%EF%BF%BD%EF%BF%BD9%EF%BF%BD%27%EF%BF%BD%EF%BF%BD%1B.%EF%BF%BD%EF%BF%BD+%7F%EF%BF%BD%26c', '20', '20');
INSERT INTO USERS (LOGIN, ROLE, HASH_PASSWD, ID_PEOPLE, ID) VALUES ('qweqwe22', 'USER', '%EF%BF%BD%EF%BF%BD9%EF%BF%BD%27%EF%BF%BD%EF%BF%BD%1B.%EF%BF%BD%EF%BF%BD+%7F%EF%BF%BD%26c', '21', '21');
INSERT INTO USERS (LOGIN, ROLE, HASH_PASSWD, ID_PEOPLE, ID) VALUES ('qweqwe23', 'USER', '%EF%BF%BD%EF%BF%BD9%EF%BF%BD%27%EF%BF%BD%EF%BF%BD%1B.%EF%BF%BD%EF%BF%BD+%7F%EF%BF%BD%26c', '22', '22');
INSERT INTO USERS (LOGIN, ROLE, HASH_PASSWD, ID_PEOPLE, ID) VALUES ('qweqwe24', 'USER', '%EF%BF%BD%EF%BF%BD9%EF%BF%BD%27%EF%BF%BD%EF%BF%BD%1B.%EF%BF%BD%EF%BF%BD+%7F%EF%BF%BD%26c', '23', '23');
INSERT INTO USERS (LOGIN, ROLE, HASH_PASSWD, ID_PEOPLE, ID) VALUES ('qweqwe25', 'USER', '%EF%BF%BD%EF%BF%BD9%EF%BF%BD%27%EF%BF%BD%EF%BF%BD%1B.%EF%BF%BD%EF%BF%BD+%7F%EF%BF%BD%26c', '24', '24');
INSERT INTO USERS (LOGIN, ROLE, HASH_PASSWD, ID_PEOPLE, ID) VALUES ('qweqwe26', 'USER', '%EF%BF%BD%EF%BF%BD9%EF%BF%BD%27%EF%BF%BD%EF%BF%BD%1B.%EF%BF%BD%EF%BF%BD+%7F%EF%BF%BD%26c', '25', '25');
INSERT INTO USERS (LOGIN, ROLE, HASH_PASSWD, ID_PEOPLE, ID) VALUES ('qweqwe27', 'USER', '%EF%BF%BD%EF%BF%BD9%EF%BF%BD%27%EF%BF%BD%EF%BF%BD%1B.%EF%BF%BD%EF%BF%BD+%7F%EF%BF%BD%26c', '26', '26');
INSERT INTO USERS (LOGIN, ROLE, HASH_PASSWD, ID_PEOPLE, ID) VALUES ('qweqwe28', 'USER', '%EF%BF%BD%EF%BF%BD9%EF%BF%BD%27%EF%BF%BD%EF%BF%BD%1B.%EF%BF%BD%EF%BF%BD+%7F%EF%BF%BD%26c', '27', '27');
INSERT INTO USERS (LOGIN, ROLE, HASH_PASSWD, ID_PEOPLE, ID) VALUES ('qweqwe29', 'USER', '%EF%BF%BD%EF%BF%BD9%EF%BF%BD%27%EF%BF%BD%EF%BF%BD%1B.%EF%BF%BD%EF%BF%BD+%7F%EF%BF%BD%26c', '28', '28');
INSERT INTO USERS (LOGIN, ROLE, HASH_PASSWD, ID_PEOPLE, ID) VALUES ('qweqwe30', 'USER', '%EF%BF%BD%EF%BF%BD9%EF%BF%BD%27%EF%BF%BD%EF%BF%BD%1B.%EF%BF%BD%EF%BF%BD+%7F%EF%BF%BD%26c', '29', '29');
INSERT INTO USERS (LOGIN, ROLE, HASH_PASSWD, ID_PEOPLE, ID) VALUES ('qweqwe31', 'USER', '%EF%BF%BD%EF%BF%BD9%EF%BF%BD%27%EF%BF%BD%EF%BF%BD%1B.%EF%BF%BD%EF%BF%BD+%7F%EF%BF%BD%26c', '30', '30');
INSERT INTO USERS (LOGIN, ROLE, HASH_PASSWD, ID_PEOPLE, ID) VALUES ('qweqwe32', 'USER', '%EF%BF%BD%EF%BF%BD9%EF%BF%BD%27%EF%BF%BD%EF%BF%BD%1B.%EF%BF%BD%EF%BF%BD+%7F%EF%BF%BD%26c', '31', '31');
INSERT INTO USERS (LOGIN, ROLE, HASH_PASSWD, ID_PEOPLE, ID) VALUES ('qweqwe33', 'USER', '%EF%BF%BD%EF%BF%BD9%EF%BF%BD%27%EF%BF%BD%EF%BF%BD%1B.%EF%BF%BD%EF%BF%BD+%7F%EF%BF%BD%26c', '32', '32');
INSERT INTO USERS (LOGIN, ROLE, HASH_PASSWD, ID_PEOPLE, ID) VALUES ('qweqwe34', 'USER', '%EF%BF%BD%EF%BF%BD9%EF%BF%BD%27%EF%BF%BD%EF%BF%BD%1B.%EF%BF%BD%EF%BF%BD+%7F%EF%BF%BD%26c', '33', '33');
INSERT INTO USERS (LOGIN, ROLE, HASH_PASSWD, ID_PEOPLE, ID) VALUES ('qweqwe35', 'USER', '%EF%BF%BD%EF%BF%BD9%EF%BF%BD%27%EF%BF%BD%EF%BF%BD%1B.%EF%BF%BD%EF%BF%BD+%7F%EF%BF%BD%26c', '34', '34');
INSERT INTO USERS (LOGIN, ROLE, HASH_PASSWD, ID_PEOPLE, ID) VALUES ('qweqwe36', 'USER', '%EF%BF%BD%EF%BF%BD9%EF%BF%BD%27%EF%BF%BD%EF%BF%BD%1B.%EF%BF%BD%EF%BF%BD+%7F%EF%BF%BD%26c', '35', '35');
INSERT INTO USERS (LOGIN, ROLE, HASH_PASSWD, ID_PEOPLE, ID) VALUES ('qweqwe37', 'USER', '%EF%BF%BD%EF%BF%BD9%EF%BF%BD%27%EF%BF%BD%EF%BF%BD%1B.%EF%BF%BD%EF%BF%BD+%7F%EF%BF%BD%26c', '36', '36');
INSERT INTO USERS (LOGIN, ROLE, HASH_PASSWD, ID_PEOPLE, ID) VALUES ('qweqwe38', 'USER', '%EF%BF%BD%EF%BF%BD9%EF%BF%BD%27%EF%BF%BD%EF%BF%BD%1B.%EF%BF%BD%EF%BF%BD+%7F%EF%BF%BD%26c', '37', '37');
INSERT INTO USERS (LOGIN, ROLE, HASH_PASSWD, ID_PEOPLE, ID) VALUES ('qweqwe39', 'USER', '%EF%BF%BD%EF%BF%BD9%EF%BF%BD%27%EF%BF%BD%EF%BF%BD%1B.%EF%BF%BD%EF%BF%BD+%7F%EF%BF%BD%26c', '38', '38');
INSERT INTO USERS (LOGIN, ROLE, HASH_PASSWD, ID_PEOPLE, ID) VALUES ('qweqwe40', 'USER', '%EF%BF%BD%EF%BF%BD9%EF%BF%BD%27%EF%BF%BD%EF%BF%BD%1B.%EF%BF%BD%EF%BF%BD+%7F%EF%BF%BD%26c', '39', '39');
INSERT INTO USERS (LOGIN, ROLE, HASH_PASSWD, ID_PEOPLE, ID) VALUES ('qweqwe41', 'USER', '%EF%BF%BD%EF%BF%BD9%EF%BF%BD%27%EF%BF%BD%EF%BF%BD%1B.%EF%BF%BD%EF%BF%BD+%7F%EF%BF%BD%26c', '40', '40');
INSERT INTO USERS (LOGIN, ROLE, HASH_PASSWD, ID_PEOPLE, ID) VALUES ('qweqwe42', 'USER', '%EF%BF%BD%EF%BF%BD9%EF%BF%BD%27%EF%BF%BD%EF%BF%BD%1B.%EF%BF%BD%EF%BF%BD+%7F%EF%BF%BD%26c', '41', '41');
INSERT INTO USERS (LOGIN, ROLE, HASH_PASSWD, ID_PEOPLE, ID) VALUES ('qweqwe43', 'USER', '%EF%BF%BD%EF%BF%BD9%EF%BF%BD%27%EF%BF%BD%EF%BF%BD%1B.%EF%BF%BD%EF%BF%BD+%7F%EF%BF%BD%26c', '42', '42');
INSERT INTO USERS (LOGIN, ROLE, HASH_PASSWD, ID_PEOPLE, ID) VALUES ('qweqwe44', 'USER', '%EF%BF%BD%EF%BF%BD9%EF%BF%BD%27%EF%BF%BD%EF%BF%BD%1B.%EF%BF%BD%EF%BF%BD+%7F%EF%BF%BD%26c', '43', '43');
INSERT INTO USERS (LOGIN, ROLE, HASH_PASSWD, ID_PEOPLE, ID) VALUES ('qweqwe45', 'USER', '%EF%BF%BD%EF%BF%BD9%EF%BF%BD%27%EF%BF%BD%EF%BF%BD%1B.%EF%BF%BD%EF%BF%BD+%7F%EF%BF%BD%26c', '44', '44');
INSERT INTO USERS (LOGIN, ROLE, HASH_PASSWD, ID_PEOPLE, ID) VALUES ('qweqwe46', 'USER', '%EF%BF%BD%EF%BF%BD9%EF%BF%BD%27%EF%BF%BD%EF%BF%BD%1B.%EF%BF%BD%EF%BF%BD+%7F%EF%BF%BD%26c', '45', '45');
INSERT INTO USERS (LOGIN, ROLE, HASH_PASSWD, ID_PEOPLE, ID) VALUES ('qweqwe47', 'USER', '%EF%BF%BD%EF%BF%BD9%EF%BF%BD%27%EF%BF%BD%EF%BF%BD%1B.%EF%BF%BD%EF%BF%BD+%7F%EF%BF%BD%26c', '46', '46');
INSERT INTO USERS (LOGIN, ROLE, HASH_PASSWD, ID_PEOPLE, ID) VALUES ('qweqwe48', 'USER', '%EF%BF%BD%EF%BF%BD9%EF%BF%BD%27%EF%BF%BD%EF%BF%BD%1B.%EF%BF%BD%EF%BF%BD+%7F%EF%BF%BD%26c', '47', '47');
INSERT INTO USERS (LOGIN, ROLE, HASH_PASSWD, ID_PEOPLE, ID) VALUES ('qweqwe49', 'USER', '%EF%BF%BD%EF%BF%BD9%EF%BF%BD%27%EF%BF%BD%EF%BF%BD%1B.%EF%BF%BD%EF%BF%BD+%7F%EF%BF%BD%26c', '48', '48');
INSERT INTO USERS (LOGIN, ROLE, HASH_PASSWD, ID_PEOPLE, ID) VALUES ('qweqwe50', 'USER', '%EF%BF%BD%EF%BF%BD9%EF%BF%BD%27%EF%BF%BD%EF%BF%BD%1B.%EF%BF%BD%EF%BF%BD+%7F%EF%BF%BD%26c', '49', '49');
INSERT INTO USERS (LOGIN, ROLE, HASH_PASSWD, ID_PEOPLE, ID) VALUES ('qweqwe51', 'USER', '%EF%BF%BD%EF%BF%BD9%EF%BF%BD%27%EF%BF%BD%EF%BF%BD%1B.%EF%BF%BD%EF%BF%BD+%7F%EF%BF%BD%26c', '50', '50');
INSERT INTO USERS (LOGIN, ROLE, HASH_PASSWD, ID_PEOPLE, ID) VALUES ('qweqwe52', 'USER', '%EF%BF%BD%EF%BF%BD9%EF%BF%BD%27%EF%BF%BD%EF%BF%BD%1B.%EF%BF%BD%EF%BF%BD+%7F%EF%BF%BD%26c', '51', '51');
INSERT INTO USERS (LOGIN, ROLE, HASH_PASSWD, ID_PEOPLE, ID) VALUES ('qweqwe53', 'USER', '%EF%BF%BD%EF%BF%BD9%EF%BF%BD%27%EF%BF%BD%EF%BF%BD%1B.%EF%BF%BD%EF%BF%BD+%7F%EF%BF%BD%26c', '52', '52');
INSERT INTO USERS (LOGIN, ROLE, HASH_PASSWD, ID_PEOPLE, ID) VALUES ('qweqwe54', 'USER', '%EF%BF%BD%EF%BF%BD9%EF%BF%BD%27%EF%BF%BD%EF%BF%BD%1B.%EF%BF%BD%EF%BF%BD+%7F%EF%BF%BD%26c', '53', '53');
INSERT INTO USERS (LOGIN, ROLE, HASH_PASSWD, ID_PEOPLE, ID) VALUES ('qweqwe55', 'USER', '%EF%BF%BD%EF%BF%BD9%EF%BF%BD%27%EF%BF%BD%EF%BF%BD%1B.%EF%BF%BD%EF%BF%BD+%7F%EF%BF%BD%26c', '54', '54');
INSERT INTO USERS (LOGIN, ROLE, HASH_PASSWD, ID_PEOPLE, ID) VALUES ('qweqwe56', 'USER', '%EF%BF%BD%EF%BF%BD9%EF%BF%BD%27%EF%BF%BD%EF%BF%BD%1B.%EF%BF%BD%EF%BF%BD+%7F%EF%BF%BD%26c', '55', '55');
INSERT INTO USERS (LOGIN, ROLE, HASH_PASSWD, ID_PEOPLE, ID) VALUES ('qweqwe57', 'USER', '%EF%BF%BD%EF%BF%BD9%EF%BF%BD%27%EF%BF%BD%EF%BF%BD%1B.%EF%BF%BD%EF%BF%BD+%7F%EF%BF%BD%26c', '56', '56');
INSERT INTO USERS (LOGIN, ROLE, HASH_PASSWD, ID_PEOPLE, ID) VALUES ('qweqwe58', 'USER', '%EF%BF%BD%EF%BF%BD9%EF%BF%BD%27%EF%BF%BD%EF%BF%BD%1B.%EF%BF%BD%EF%BF%BD+%7F%EF%BF%BD%26c', '57', '57');
INSERT INTO USERS (LOGIN, ROLE, HASH_PASSWD, ID_PEOPLE, ID) VALUES ('qweqwe59', 'USER', '%EF%BF%BD%EF%BF%BD9%EF%BF%BD%27%EF%BF%BD%EF%BF%BD%1B.%EF%BF%BD%EF%BF%BD+%7F%EF%BF%BD%26c', '58', '58');
INSERT INTO USERS (LOGIN, ROLE, HASH_PASSWD, ID_PEOPLE, ID) VALUES ('qweqwe60', 'USER', '%EF%BF%BD%EF%BF%BD9%EF%BF%BD%27%EF%BF%BD%EF%BF%BD%1B.%EF%BF%BD%EF%BF%BD+%7F%EF%BF%BD%26c', '59', '59');
INSERT INTO USERS (LOGIN, ROLE, HASH_PASSWD, ID_PEOPLE, ID) VALUES ('qweqwe61', 'USER', '%EF%BF%BD%EF%BF%BD9%EF%BF%BD%27%EF%BF%BD%EF%BF%BD%1B.%EF%BF%BD%EF%BF%BD+%7F%EF%BF%BD%26c', '60', '60');
INSERT INTO USERS (LOGIN, ROLE, HASH_PASSWD, ID_PEOPLE, ID) VALUES ('qweqwe62', 'USER', '%EF%BF%BD%EF%BF%BD9%EF%BF%BD%27%EF%BF%BD%EF%BF%BD%1B.%EF%BF%BD%EF%BF%BD+%7F%EF%BF%BD%26c', '61', '61');
INSERT INTO USERS (LOGIN, ROLE, HASH_PASSWD, ID_PEOPLE, ID) VALUES ('qweqwe63', 'USER', '%EF%BF%BD%EF%BF%BD9%EF%BF%BD%27%EF%BF%BD%EF%BF%BD%1B.%EF%BF%BD%EF%BF%BD+%7F%EF%BF%BD%26c', '62', '62');
INSERT INTO USERS (LOGIN, ROLE, HASH_PASSWD, ID_PEOPLE, ID) VALUES ('qweqwe64', 'USER', '%EF%BF%BD%EF%BF%BD9%EF%BF%BD%27%EF%BF%BD%EF%BF%BD%1B.%EF%BF%BD%EF%BF%BD+%7F%EF%BF%BD%26c', '63', '63');
INSERT INTO USERS (LOGIN, ROLE, HASH_PASSWD, ID_PEOPLE, ID) VALUES ('qweqwe65', 'USER', '%EF%BF%BD%EF%BF%BD9%EF%BF%BD%27%EF%BF%BD%EF%BF%BD%1B.%EF%BF%BD%EF%BF%BD+%7F%EF%BF%BD%26c', '64', '64');
INSERT INTO USERS (LOGIN, ROLE, HASH_PASSWD, ID_PEOPLE, ID) VALUES ('qweqwe66', 'USER', '%EF%BF%BD%EF%BF%BD9%EF%BF%BD%27%EF%BF%BD%EF%BF%BD%1B.%EF%BF%BD%EF%BF%BD+%7F%EF%BF%BD%26c', '65', '65');
INSERT INTO USERS (LOGIN, ROLE, HASH_PASSWD, ID_PEOPLE, ID) VALUES ('qweqwe67', 'USER', '%EF%BF%BD%EF%BF%BD9%EF%BF%BD%27%EF%BF%BD%EF%BF%BD%1B.%EF%BF%BD%EF%BF%BD+%7F%EF%BF%BD%26c', '66', '66');
INSERT INTO USERS (LOGIN, ROLE, HASH_PASSWD, ID_PEOPLE, ID) VALUES ('qweqwe68', 'USER', '%EF%BF%BD%EF%BF%BD9%EF%BF%BD%27%EF%BF%BD%EF%BF%BD%1B.%EF%BF%BD%EF%BF%BD+%7F%EF%BF%BD%26c', '67', '67');
INSERT INTO USERS (LOGIN, ROLE, HASH_PASSWD, ID_PEOPLE, ID) VALUES ('qweqwe69', 'USER', '%EF%BF%BD%EF%BF%BD9%EF%BF%BD%27%EF%BF%BD%EF%BF%BD%1B.%EF%BF%BD%EF%BF%BD+%7F%EF%BF%BD%26c', '68', '68');
INSERT INTO USERS (LOGIN, ROLE, HASH_PASSWD, ID_PEOPLE, ID) VALUES ('qweqwe70', 'USER', '%EF%BF%BD%EF%BF%BD9%EF%BF%BD%27%EF%BF%BD%EF%BF%BD%1B.%EF%BF%BD%EF%BF%BD+%7F%EF%BF%BD%26c', '69', '69');
INSERT INTO USERS (LOGIN, ROLE, HASH_PASSWD, ID_PEOPLE, ID) VALUES ('qweqwe71', 'USER', '%EF%BF%BD%EF%BF%BD9%EF%BF%BD%27%EF%BF%BD%EF%BF%BD%1B.%EF%BF%BD%EF%BF%BD+%7F%EF%BF%BD%26c', '70', '70');
INSERT INTO USERS (LOGIN, ROLE, HASH_PASSWD, ID_PEOPLE, ID) VALUES ('qweqwe72', 'USER', '%EF%BF%BD%EF%BF%BD9%EF%BF%BD%27%EF%BF%BD%EF%BF%BD%1B.%EF%BF%BD%EF%BF%BD+%7F%EF%BF%BD%26c', '71', '71');
INSERT INTO USERS (LOGIN, ROLE, HASH_PASSWD, ID_PEOPLE, ID) VALUES ('qweqwe73', 'USER', '%EF%BF%BD%EF%BF%BD9%EF%BF%BD%27%EF%BF%BD%EF%BF%BD%1B.%EF%BF%BD%EF%BF%BD+%7F%EF%BF%BD%26c', '72', '72');
INSERT INTO USERS (LOGIN, ROLE, HASH_PASSWD, ID_PEOPLE, ID) VALUES ('qweqwe74', 'USER', '%EF%BF%BD%EF%BF%BD9%EF%BF%BD%27%EF%BF%BD%EF%BF%BD%1B.%EF%BF%BD%EF%BF%BD+%7F%EF%BF%BD%26c', '73', '73');
INSERT INTO USERS (LOGIN, ROLE, HASH_PASSWD, ID_PEOPLE, ID) VALUES ('qweqwe75', 'USER', '%EF%BF%BD%EF%BF%BD9%EF%BF%BD%27%EF%BF%BD%EF%BF%BD%1B.%EF%BF%BD%EF%BF%BD+%7F%EF%BF%BD%26c', '74', '74');
INSERT INTO USERS (LOGIN, ROLE, HASH_PASSWD, ID_PEOPLE, ID) VALUES ('qweqwe76', 'USER', '%EF%BF%BD%EF%BF%BD9%EF%BF%BD%27%EF%BF%BD%EF%BF%BD%1B.%EF%BF%BD%EF%BF%BD+%7F%EF%BF%BD%26c', '75', '75');
INSERT INTO USERS (LOGIN, ROLE, HASH_PASSWD, ID_PEOPLE, ID) VALUES ('qweqwe77', 'USER', '%EF%BF%BD%EF%BF%BD9%EF%BF%BD%27%EF%BF%BD%EF%BF%BD%1B.%EF%BF%BD%EF%BF%BD+%7F%EF%BF%BD%26c', '76', '76');
INSERT INTO USERS (LOGIN, ROLE, HASH_PASSWD, ID_PEOPLE, ID) VALUES ('qweqwe78', 'USER', '%EF%BF%BD%EF%BF%BD9%EF%BF%BD%27%EF%BF%BD%EF%BF%BD%1B.%EF%BF%BD%EF%BF%BD+%7F%EF%BF%BD%26c', '77', '77');
INSERT INTO USERS (LOGIN, ROLE, HASH_PASSWD, ID_PEOPLE, ID) VALUES ('qweqwe79', 'USER', '%EF%BF%BD%EF%BF%BD9%EF%BF%BD%27%EF%BF%BD%EF%BF%BD%1B.%EF%BF%BD%EF%BF%BD+%7F%EF%BF%BD%26c', '78', '78');
INSERT INTO USERS (LOGIN, ROLE, HASH_PASSWD, ID_PEOPLE, ID) VALUES ('qweqwe80', 'USER', '%EF%BF%BD%EF%BF%BD9%EF%BF%BD%27%EF%BF%BD%EF%BF%BD%1B.%EF%BF%BD%EF%BF%BD+%7F%EF%BF%BD%26c', '79', '79');
INSERT INTO USERS (LOGIN, ROLE, HASH_PASSWD, ID_PEOPLE, ID) VALUES ('qweqwe81', 'USER', '%EF%BF%BD%EF%BF%BD9%EF%BF%BD%27%EF%BF%BD%EF%BF%BD%1B.%EF%BF%BD%EF%BF%BD+%7F%EF%BF%BD%26c', '80', '80');
INSERT INTO USERS (LOGIN, ROLE, HASH_PASSWD, ID_PEOPLE, ID) VALUES ('qweqwe82', 'USER', '%EF%BF%BD%EF%BF%BD9%EF%BF%BD%27%EF%BF%BD%EF%BF%BD%1B.%EF%BF%BD%EF%BF%BD+%7F%EF%BF%BD%26c', '81', '81');
INSERT INTO USERS (LOGIN, ROLE, HASH_PASSWD, ID_PEOPLE, ID) VALUES ('qweqwe83', 'USER', '%EF%BF%BD%EF%BF%BD9%EF%BF%BD%27%EF%BF%BD%EF%BF%BD%1B.%EF%BF%BD%EF%BF%BD+%7F%EF%BF%BD%26c', '82', '82');
INSERT INTO USERS (LOGIN, ROLE, HASH_PASSWD, ID_PEOPLE, ID) VALUES ('qweqwe84', 'USER', '%EF%BF%BD%EF%BF%BD9%EF%BF%BD%27%EF%BF%BD%EF%BF%BD%1B.%EF%BF%BD%EF%BF%BD+%7F%EF%BF%BD%26c', '83', '83');
INSERT INTO USERS (LOGIN, ROLE, HASH_PASSWD, ID_PEOPLE, ID) VALUES ('qweqwe85', 'USER', '%EF%BF%BD%EF%BF%BD9%EF%BF%BD%27%EF%BF%BD%EF%BF%BD%1B.%EF%BF%BD%EF%BF%BD+%7F%EF%BF%BD%26c', '84', '84');
INSERT INTO USERS (LOGIN, ROLE, HASH_PASSWD, ID_PEOPLE, ID) VALUES ('qweqwe86', 'USER', '%EF%BF%BD%EF%BF%BD9%EF%BF%BD%27%EF%BF%BD%EF%BF%BD%1B.%EF%BF%BD%EF%BF%BD+%7F%EF%BF%BD%26c', '85', '85');
INSERT INTO USERS (LOGIN, ROLE, HASH_PASSWD, ID_PEOPLE, ID) VALUES ('qweqwe87', 'USER', '%EF%BF%BD%EF%BF%BD9%EF%BF%BD%27%EF%BF%BD%EF%BF%BD%1B.%EF%BF%BD%EF%BF%BD+%7F%EF%BF%BD%26c', '86', '86');
INSERT INTO USERS (LOGIN, ROLE, HASH_PASSWD, ID_PEOPLE, ID) VALUES ('qweqwe88', 'USER', '%EF%BF%BD%EF%BF%BD9%EF%BF%BD%27%EF%BF%BD%EF%BF%BD%1B.%EF%BF%BD%EF%BF%BD+%7F%EF%BF%BD%26c', '87', '87');
INSERT INTO USERS (LOGIN, ROLE, HASH_PASSWD, ID_PEOPLE, ID) VALUES ('qweqwe89', 'USER', '%EF%BF%BD%EF%BF%BD9%EF%BF%BD%27%EF%BF%BD%EF%BF%BD%1B.%EF%BF%BD%EF%BF%BD+%7F%EF%BF%BD%26c', '88', '88');
INSERT INTO USERS (LOGIN, ROLE, HASH_PASSWD, ID_PEOPLE, ID) VALUES ('qweqwe90', 'USER', '%EF%BF%BD%EF%BF%BD9%EF%BF%BD%27%EF%BF%BD%EF%BF%BD%1B.%EF%BF%BD%EF%BF%BD+%7F%EF%BF%BD%26c', '89', '89');
INSERT INTO USERS (LOGIN, ROLE, HASH_PASSWD, ID_PEOPLE, ID) VALUES ('qweqwe91', 'USER', '%EF%BF%BD%EF%BF%BD9%EF%BF%BD%27%EF%BF%BD%EF%BF%BD%1B.%EF%BF%BD%EF%BF%BD+%7F%EF%BF%BD%26c', '90', '90');
INSERT INTO USERS (LOGIN, ROLE, HASH_PASSWD, ID_PEOPLE, ID) VALUES ('qweqwe92', 'USER', '%EF%BF%BD%EF%BF%BD9%EF%BF%BD%27%EF%BF%BD%EF%BF%BD%1B.%EF%BF%BD%EF%BF%BD+%7F%EF%BF%BD%26c', '91', '91');
INSERT INTO USERS (LOGIN, ROLE, HASH_PASSWD, ID_PEOPLE, ID) VALUES ('qweqwe93', 'USER', '%EF%BF%BD%EF%BF%BD9%EF%BF%BD%27%EF%BF%BD%EF%BF%BD%1B.%EF%BF%BD%EF%BF%BD+%7F%EF%BF%BD%26c', '92', '92');
INSERT INTO USERS (LOGIN, ROLE, HASH_PASSWD, ID_PEOPLE, ID) VALUES ('qweqwe94', 'USER', '%EF%BF%BD%EF%BF%BD9%EF%BF%BD%27%EF%BF%BD%EF%BF%BD%1B.%EF%BF%BD%EF%BF%BD+%7F%EF%BF%BD%26c', '93', '93');
INSERT INTO USERS (LOGIN, ROLE, HASH_PASSWD, ID_PEOPLE, ID) VALUES ('qweqwe95', 'USER', '%EF%BF%BD%EF%BF%BD9%EF%BF%BD%27%EF%BF%BD%EF%BF%BD%1B.%EF%BF%BD%EF%BF%BD+%7F%EF%BF%BD%26c', '94', '94');
INSERT INTO USERS (LOGIN, ROLE, HASH_PASSWD, ID_PEOPLE, ID) VALUES ('qweqwe96', 'USER', '%EF%BF%BD%EF%BF%BD9%EF%BF%BD%27%EF%BF%BD%EF%BF%BD%1B.%EF%BF%BD%EF%BF%BD+%7F%EF%BF%BD%26c', '95', '95');
INSERT INTO USERS (LOGIN, ROLE, HASH_PASSWD, ID_PEOPLE, ID) VALUES ('qweqwe97', 'USER', '%EF%BF%BD%EF%BF%BD9%EF%BF%BD%27%EF%BF%BD%EF%BF%BD%1B.%EF%BF%BD%EF%BF%BD+%7F%EF%BF%BD%26c', '96', '96');
INSERT INTO USERS (LOGIN, ROLE, HASH_PASSWD, ID_PEOPLE, ID) VALUES ('qweqwe98', 'USER', '%EF%BF%BD%EF%BF%BD9%EF%BF%BD%27%EF%BF%BD%EF%BF%BD%1B.%EF%BF%BD%EF%BF%BD+%7F%EF%BF%BD%26c', '97', '97');
INSERT INTO USERS (LOGIN, ROLE, HASH_PASSWD, ID_PEOPLE, ID) VALUES ('qweqwe99', 'USER', '%EF%BF%BD%EF%BF%BD9%EF%BF%BD%27%EF%BF%BD%EF%BF%BD%1B.%EF%BF%BD%EF%BF%BD+%7F%EF%BF%BD%26c', '98', '98');
INSERT INTO USERS (LOGIN, ROLE, HASH_PASSWD, ID_PEOPLE, ID) VALUES ('qweqwe100', 'USER', '%EF%BF%BD%EF%BF%BD9%EF%BF%BD%27%EF%BF%BD%EF%BF%BD%1B.%EF%BF%BD%EF%BF%BD+%7F%EF%BF%BD%26c', '99', '99');
INSERT INTO USERS (LOGIN, ROLE, HASH_PASSWD, ID_PEOPLE, ID) VALUES ('qweqwe101', 'USER', '%EF%BF%BD%EF%BF%BD9%EF%BF%BD%27%EF%BF%BD%EF%BF%BD%1B.%EF%BF%BD%EF%BF%BD+%7F%EF%BF%BD%26c', '100', '100');

--*********************************************
--PLACEMENT
--*********************************************
INSERT INTO PLACEMENT (PRICE, DESCRIPTION, ID, ID_CURRENCY) VALUES ('223', 'Main Buildi', '1', '2');
INSERT INTO PLACEMENT (PRICE, DESCRIPTION, ID, ID_CURRENCY) VALUES ('248', 'Bungalow', '2', '2');
INSERT INTO PLACEMENT (PRICE, DESCRIPTION, ID, ID_CURRENCY) VALUES ('188', 'Chale', '3', '2');
INSERT INTO PLACEMENT (PRICE, DESCRIPTION, ID, ID_CURRENCY) VALUES ('244', 'Cabana', '4', '2');
INSERT INTO PLACEMENT (PRICE, DESCRIPTION, ID, ID_CURRENCY) VALUES ('128', 'Cottege', '5', '2');
INSERT INTO PLACEMENT (PRICE, DESCRIPTION, ID, ID_CURRENCY) VALUES ('180', 'Excutive fl', '6', '2');
INSERT INTO PLACEMENT (PRICE, DESCRIPTION, ID, ID_CURRENCY) VALUES ('237', 'Single', '7', '2');
INSERT INTO PLACEMENT (PRICE, DESCRIPTION, ID, ID_CURRENCY) VALUES ('234', 'Double', '8', '2');
INSERT INTO PLACEMENT (PRICE, DESCRIPTION, ID, ID_CURRENCY) VALUES ('158', 'Triple', '9', '2');
INSERT INTO PLACEMENT (PRICE, DESCRIPTION, ID, ID_CURRENCY) VALUES ('153', 'Quadriple', '10', '2');
INSERT INTO PLACEMENT (PRICE, DESCRIPTION, ID, ID_CURRENCY) VALUES ('185', 'Extra Bed', '11', '2');
INSERT INTO PLACEMENT (PRICE, DESCRIPTION, ID, ID_CURRENCY) VALUES ('149', 'Child', '12', '2');
INSERT INTO PLACEMENT (PRICE, DESCRIPTION, ID, ID_CURRENCY) VALUES ('180', 'RTH', '13', '2');
INSERT INTO PLACEMENT (PRICE, DESCRIPTION, ID, ID_CURRENCY) VALUES ('111', 'Holiday Vil', '14', '2');

--*********************************************
--FOOD
--*********************************************
INSERT INTO FOOD (PRICE, ID, ID_CURRENCY, TYPE) VALUES ('0', '1', '2', 'Only Bed');
INSERT INTO FOOD (PRICE, ID, ID_CURRENCY, TYPE) VALUES ('1', '2', '2', 'Continental Break');
INSERT INTO FOOD (PRICE, ID, ID_CURRENCY, TYPE) VALUES ('2', '3', '2', 'English Breakfast');
INSERT INTO FOOD (PRICE, ID, ID_CURRENCY, TYPE) VALUES ('5', '4', '2', 'American Breakfast');
INSERT INTO FOOD (PRICE, ID, ID_CURRENCY, TYPE) VALUES ('12', '5', '2', 'Bed and Breakfast');
INSERT INTO FOOD (PRICE, ID, ID_CURRENCY, TYPE) VALUES ('34', '6', '2', 'Half Board');
INSERT INTO FOOD (PRICE, ID, ID_CURRENCY, TYPE) VALUES ('91', '7', '2', 'Full Board');
INSERT INTO FOOD (PRICE, ID, ID_CURRENCY, TYPE) VALUES ('248', '8', '2', 'Mini All Inclusiv');
INSERT INTO FOOD (PRICE, ID, ID_CURRENCY, TYPE) VALUES ('675', '9', '2', 'All Inclusive');
INSERT INTO FOOD (PRICE, ID, ID_CURRENCY, TYPE) VALUES ('1836', '10', '2', 'Ultra All Inclusiv');

--*********************************************
--PLACES
--*********************************************
INSERT INTO PLACES (NAME, DESCRIPTION, ID_PLACE, ID, ID_LOCATION) VALUES ('Страна Греция', 'Этот город завлекает не только красотами и пейзажами, но и чудесной кухней. Ежегодно здесь бывают очень много туристов. Каждый посетитель отмечает, что отдых просто не збываем!', null, 'null', '1', '103');
INSERT INTO PLACES (NAME, DESCRIPTION, ID_PLACE, ID, ID_LOCATION) VALUES ('Страна Италия', 'Это один из самых популярных курортов нашего турагенства. Отдыхающим нравится местный климат, пейзажи и культура и многое другое.', null, 'null', '2', '104');
INSERT INTO PLACES (NAME, DESCRIPTION, ID_PLACE, ID, ID_LOCATION) VALUES ('Страна Греция', 'Это место, созданное природой и людьми, для прекрасного отдыха в живописном уголке Мира! Удобное расположение заметно выделяет его из числа других мест.', null, 'null', '3', '105');
INSERT INTO PLACES (NAME, DESCRIPTION, ID_PLACE, ID, ID_LOCATION) VALUES ('Страна Соединенное Королевство', 'Это один из самых популярных курортов нашего турагенства. Отдыхающим нравится местный климат, пейзажи и культура и многое другое.', null, 'null', '4', '106');
INSERT INTO PLACES (NAME, DESCRIPTION, ID_PLACE, ID, ID_LOCATION) VALUES ('Страна Греция', 'Это место, созданное природой и людьми, для прекрасного отдыха в живописном уголке Мира! Удобное расположение заметно выделяет его из числа других мест.', null, 'null', '5', '107');
INSERT INTO PLACES (NAME, DESCRIPTION, ID_PLACE, ID, ID_LOCATION) VALUES ('Страна Россия', 'Это место, созданное природой и людьми, для прекрасного отдыха в живописном уголке Мира! Удобное расположение заметно выделяет его из числа других мест.', null, 'null', '6', '108');
INSERT INTO PLACES (NAME, DESCRIPTION, ID_PLACE, ID, ID_LOCATION) VALUES ('Страна Соединенное Королевство', 'Сюда приезжают отдыхать и взрослые и дети. Это место притягивает все больше и больше туристов. Культура, история, картины, которые сотворила природа и люди не оставят никого равнодушным.', null, 'null', '7', '109');
INSERT INTO PLACES (NAME, DESCRIPTION, ID_PLACE, ID, ID_LOCATION) VALUES ('Где: Россия. Название: Анапа', 'Этот город завлекает не только красотами и пейзажами, но и чудесной кухней. Ежегодно здесь бывают очень много туристов. Каждый посетитель отмечает, что отдых просто не збываем!', null, 'null', '8', '110');
INSERT INTO PLACES (NAME, DESCRIPTION, ID_PLACE, ID, ID_LOCATION) VALUES ('Где: Австралия. Название: Перт', 'Этот город завлекает не только красотами и пейзажами, но и чудесной кухней. Ежегодно здесь бывают очень много туристов. Каждый посетитель отмечает, что отдых просто не збываем!', null, 'null', '9', '111');
INSERT INTO PLACES (NAME, DESCRIPTION, ID_PLACE, ID, ID_LOCATION) VALUES ('Где: Австралия. Название: Ориндж', 'Это один из самых популярных курортов нашего турагенства. Отдыхающим нравится местный климат, пейзажи и культура и многое другое.', null, 'null', '10', '112');

--*********************************************
--TOURS
--*********************************************
INSERT INTO TOURS (ID_OFFICE, NAME, ID_PLACE, ID) VALUES ('2', 'Горячие туры', '7', '1');
INSERT INTO TOURS (ID_OFFICE, NAME, ID_PLACE, ID) VALUES ('1', 'Сезонная путевка', '4', '2');
INSERT INTO TOURS (ID_OFFICE, NAME, ID_PLACE, ID) VALUES ('2', 'Сезонная путевка', '8', '3');
INSERT INTO TOURS (ID_OFFICE, NAME, ID_PLACE, ID) VALUES ('2', 'Сезонная путевка', '3', '4');
INSERT INTO TOURS (ID_OFFICE, NAME, ID_PLACE, ID) VALUES ('2', 'Горячие туры', '3', '5');
INSERT INTO TOURS (ID_OFFICE, NAME, ID_PLACE, ID) VALUES ('1', 'Горячие туры', '9', '6');
INSERT INTO TOURS (ID_OFFICE, NAME, ID_PLACE, ID) VALUES ('1', 'Сезонная путевка', '8', '7');
INSERT INTO TOURS (ID_OFFICE, NAME, ID_PLACE, ID) VALUES ('1', 'Сезонная путевка', '10', '8');
INSERT INTO TOURS (ID_OFFICE, NAME, ID_PLACE, ID) VALUES ('2', 'Сезонная путевка', '4', '9');
INSERT INTO TOURS (ID_OFFICE, NAME, ID_PLACE, ID) VALUES ('1', 'Горячие туры', '10', '10');
